Workbook

Sheet Sheet1
A1: id【KEY】 | B1: 注释字段 | C1: 下一节点id | D1: 所属波次 | E1: 刷怪时间s | F1: 持续刷怪时间 | G1: 事件0战斗开始 1BOSS 2敌群 | H1: 波次生命系数 | I1: 波次攻击系数 | J1: 刷怪（频率，数量，重复出现，怪物形象id，刷怪方式）
A2: both | C2: both | D2: client | E2: client | F2: client | G2: client | H2: client | I2: client | J2: both
A3: id | B3: string | C3: nextId | D3: nowWave | E3: time | F3: gringTime | G3: incident | H3: hpCoefficient | I3: atkCoefficient | J3: summon
A4: int | B4: string | C4: int | D4: int | E4: int | F4: int | G4: int | H4: int | I4: int | J4: [Grinding]
D5: index
A6: 1 | B6: 每日挑战 | C6: 2 | D6: 1 | E6: 1 | F6: 3000 | H6: 5000 | I6: 2000 | J6: [{1000,1,1,-1,-1}]
A7: 2 | B7: 每日挑战 | C7: 3 | D7: 1 | E7: 3 | F7: 4000 | H7: 5000 | I7: 2000 | J7: [{1000,1,1,-1,-1}]
A8: 3 | B8: 每日挑战 | C8: 4 | D8: 2 | E8: 1 | F8: 6000 | H8: 6000 | I8: 4000 | J8: [{1000,1,1,-1,-1}]
A9: 4 | B9: 每日挑战 | C9: 5 | D9: 2 | E9: 5 | F9: 10000 | H9: 6000 | I9: 4000 | J9: [{1000,1,1,-1,-1}]
A10: 5 | B10: 每日挑战 | C10: 6 | D10: 3 | E10: 1 | F10: 14000 | H10: 7000 | I10: 6000 | J10: [{1000,1,1,-1,-1}]
A11: 6 | B11: 每日挑战 | C11: 7 | D11: 3 | E11: 7 | F11: 8000 | H11: 7000 | I11: 6000 | J11: [{1000,1,1,-1,-1}]
A12: 7 | B12: 每日挑战 | C12: 8 | D12: 4 | E12: 1 | F12: 10000 | H12: 8000 | I12: 8000 | J12: [{1000,1,1,-1,-1}]
A13: 8 | B13: 每日挑战 | C13: 9 | D13: 4 | E13: 2 | F13: 14000 | H13: 8000 | I13: 8000 | J13: [{1000,1,1,-1,-1}]
A14: 9 | B14: 每日挑战 | C14: 10 | D14: 4 | E14: 12 | F14: 1000 | H14: 8000 | I14: 8000 | J14: [{1000,1,1,-2,-1}]
A15: 10 | B15: 每日挑战 | C15: 11 | D15: 4 | E15: 16 | F15: 1000 | H15: 8000 | I15: 8000 | J15: [{1000,1,1,-2,-1}]
A16: 11 | B16: 每日挑战 | C16: 12 | D16: 5 | E16: 1 | F16: 18000 | H16: 10000 | I16: 10000 | J16: [{1000,1,1,-1,-1}]
A17: 12 | B17: 每日挑战 | C17: 13 | D17: 5 | E17: 9 | F17: 24000 | H17: 10000 | I17: 10000 | J17: [{1000,1,1,-1,-1}]
... A19: 14 | B19: 每日挑战 | C19: 15 | D19: 5 | E19: 26 | F19: 3000 | H19: 10000 | I19: 10000 | J19: [{1000,1,1,-2,-1}]
A20: 15 | B20: 每日挑战 | C20: 16 | D20: 5 | E20: 29 | G20: 1 | J20: []
A21: 16 | B21: 每日挑战 | C21: 17 | D21: 5 | E21: 30 | F21: 1000 | H21: 10000 | I21: 10000 | J21: [{1000,1,0,-4,-1}]
A22: 17 | B22: 每日挑战 | C22: 18 | D22: 6 | E22: 1 | F22: 9000 | H22: 12000 | I22: 12000 | J22: [{1000,1,1,-1,-1}]
A23: 18 | B23: 每日挑战 | C23: 19 | D23: 6 | E23: 6 | F23: 13000 | H23: 12000 | I23: 12000 | J23: [{1000,1,1,-1,-1}]
A24: 19 | B24: 每日挑战 | C24: 20 | D24: 6 | E24: 15 | F24: 4000 | H24: 12000 | I24: 12000 | J24: [{1000,1,1,-2,-1}]
A25: 20 | B25: 每日挑战 | C25: 21 | D25: 6 | E25: 15 | F25: 5000 | H25: 12000 | I25: 12000 | J25: [{1000,1,1,-2,-1}]
A26: 21 | B26: 每日挑战 | C26: 22 | D26: 7 | E26: 1 | F26: 17000 | H26: 15000 | I26: 14000 | J26: [{1000,1,1,-1,-1}]
A27: 22 | B27: 每日挑战 | C27: 23 | D27: 7 | E27: 8 | F27: 23000 | H27: 15000 | I27: 14000 | J27: [{1000,1,1,-1,-1}]
A28: 23 | B28: 每日挑战 | C28: 24 | D28: 7 | E28: 18 | F28: 6000 | H28: 15000 | I28: 14000 | J28: [{1000,1,1,-2,-1}]
A29: 24 | B29: 每日挑战 | C29: 25 | D29: 7 | E29: 25 | F29: 6000 | H29: 15000 | I29: 14000 | J29: [{1000,1,1,-2,-1}]
A30: 25 | B30: 每日挑战 | C30: 26 | D30: 7 | E30: 32 | F30: 1000 | H30: 15000 | I30: 14000 | J30: [{1000,1,1,-3,-1}]
A31: 26 | B31: 每日挑战 | C31: 27 | D31: 8 | E31: 1 | F31: 28000 | H31: 20000 | I31: 16000 | J31: [{1000,1,1,-1,-1}]
A32: 27 | B32: 每日挑战 | C32: 28 | D32: 8 | E32: 10 | F32: 6000 | H32: 20000 | I32: 16000 | J32: [{1000,1,1,-1,-1}]
... A48: 43 | B48: 每日挑战 | C48: 44 | D48: 10 | E48: 32 | F48: 8000 | H48: 50000 | I48: 20000 | J48: [{1000,1,1,-3,-1}]
A49: 44 | B49: 每日挑战 | C49: 45 | D49: 10 | E49: 40 | G49: 1 | J49: []
A50: 45 | B50: 每日挑战 | D50: 10 | E50: 41 | F50: 1000 | H50: 20000 | I50: 15000 | J50: [{1000,1,0,-5,-1}]

Sheet Sheet5
A1: =IF(E1="","",B1) -> 1 | B1: 1 | C1: 关卡14 | D1: [{1000 | E1: 1 | F1: 1 | G1: 1401 | H1: 101}] | I1: =_xlfn.TEXTJOIN(",",1,D1:H1) -> [{1000,1,1,1401,101}] | J1: 2 | K1: =IF(A1="","",IF(J1=1,VLOOKUP(A1,[1]怪物!$R$80:$V$99,4,0),VLOOKUP(A1,[1]怪物!$R$80:$V$99,2,0))*10000) -> 10000 | L1: =IF(A1="","",IF(K1=1,VLOOKUP(A1,[1]怪物!$R$80:$V$99,5,0),VLOOKUP(A1,[1]怪物!$R$80:$V$99,3,0))*10000) -> 10000 | M1: =IF(F1="","",IF(F1=0,10000,K1)) -> 10000 | N1: =IF(F1="","",IF(F1=0,10000,L1)) -> 10000
A2: =IF(E2="","",B2) -> 2 | B2: 2 | C2: 关卡14 | D2: [{1000 | E2: 1 | F2: 1 | G2: 1401 | H2: 101}] | I2: =_xlfn.TEXTJOIN(",",1,D2:H2) -> [{1000,1,1,1401,101}] | K2: =IF(A2="","",IF(J2=1,VLOOKUP(A2,[1]怪物!$R$80:$V$99,4,0),VLOOKUP(A2,[1]怪物!$R$80:$V$99,2,0))*10000) -> 10000 | L2: =IF(A2="","",IF(K2=1,VLOOKUP(A2,[1]怪物!$R$80:$V$99,5,0),VLOOKUP(A2,[1]怪物!$R$80:$V$99,3,0))*10000) -> 10000 | M2: =IF(F2="","",IF(F2=0,10000,K2)) -> 10000 | N2: =IF(F2="","",IF(F2=0,10000,L2)) -> 10000
A3: =IF(E3="","",B3) -> 3 | B3: 3 | C3: 关卡14 | D3: [{1000 | E3: 1 | F3: 1 | G3: 1401 | H3: 101}] | I3: =_xlfn.TEXTJOIN(",",1,D3:H3) -> [{1000,1,1,1401,101}] | K3: =IF(A3="","",IF(J3=1,VLOOKUP(A3,[1]怪物!$R$80:$V$99,4,0),VLOOKUP(A3,[1]怪物!$R$80:$V$99,2,0))*10000) -> 10000 | L3: =IF(A3="","",IF(K3=1,VLOOKUP(A3,[1]怪物!$R$80:$V$99,5,0),VLOOKUP(A3,[1]怪物!$R$80:$V$99,3,0))*10000) -> 10000 | M3: =IF(F3="","",IF(F3=0,10000,K3)) -> 10000 | N3: =IF(F3="","",IF(F3=0,10000,L3)) -> 10000
A4: =IF(E4="","",B4) -> 4 | B4: 4 | C4: 关卡14 | D4: [{1000 | E4: 1 | F4: 1 | G4: 1401 | H4: 101}] | I4: =_xlfn.TEXTJOIN(",",1,D4:H4) -> [{1000,1,1,1401,101}] | K4: =IF(A4="","",IF(J4=1,VLOOKUP(A4,[1]怪物!$R$80:$V$99,4,0),VLOOKUP(A4,[1]怪物!$R$80:$V$99,2,0))*10000) -> 10000 | L4: =IF(A4="","",IF(K4=1,VLOOKUP(A4,[1]怪物!$R$80:$V$99,5,0),VLOOKUP(A4,[1]怪物!$R$80:$V$99,3,0))*10000) -> 10000 | M4: =IF(F4="","",IF(F4=0,10000,K4)) -> 10000 | N4: =IF(F4="","",IF(F4=0,10000,L4)) -> 10000
A5: =IF(E5="","",B5) -> 5 | B5: 5 | C5: 关卡14 | D5: [{1000 | E5: 1 | F5: 1 | G5: 1401 | H5: 101}] | I5: =_xlfn.TEXTJOIN(",",1,D5:H5) -> [{1000,1,1,1401,101}] | K5: =IF(A5="","",IF(J5=1,VLOOKUP(A5,[1]怪物!$R$80:$V$99,4,0),VLOOKUP(A5,[1]怪物!$R$80:$V$99,2,0))*10000) -> 10000 | L5: =IF(A5="","",IF(K5=1,VLOOKUP(A5,[1]怪物!$R$80:$V$99,5,0),VLOOKUP(A5,[1]怪物!$R$80:$V$99,3,0))*10000) -> 10000 | M5: =IF(F5="","",IF(F5=0,10000,K5)) -> 10000 | N5: =IF(F5="","",IF(F5=0,10000,L5)) -> 10000
A6: =IF(E6="","",B6) -> 6 | B6: 6 | C6: 关卡14 | D6: [{1000 | E6: 1 | F6: 1 | G6: 1401 | H6: 101}] | I6: =_xlfn.TEXTJOIN(",",1,D6:H6) -> [{1000,1,1,1401,101}] | K6: =IF(A6="","",IF(J6=1,VLOOKUP(A6,[1]怪物!$R$80:$V$99,4,0),VLOOKUP(A6,[1]怪物!$R$80:$V$99,2,0))*10000) -> 15000 | L6: =IF(A6="","",IF(K6=1,VLOOKUP(A6,[1]怪物!$R$80:$V$99,5,0),VLOOKUP(A6,[1]怪物!$R$80:$V$99,3,0))*10000) -> 15000 | M6: =IF(F6="","",IF(F6=0,10000,K6)) -> 15000 | N6: =IF(F6="","",IF(F6=0,10000,L6)) -> 15000
A7: =IF(E7="","",B7) -> 7 | B7: 7 | C7: 关卡14 | D7: [{1000 | E7: 1 | F7: 1 | G7: 1401 | H7: 101}] | I7: =_xlfn.TEXTJOIN(",",1,D7:H7) -> [{1000,1,1,1401,101}] | K7: =IF(A7="","",IF(J7=1,VLOOKUP(A7,[1]怪物!$R$80:$V$99,4,0),VLOOKUP(A7,[1]怪物!$R$80:$V$99,2,0))*10000) -> 15000 | L7: =IF(A7="","",IF(K7=1,VLOOKUP(A7,[1]怪物!$R$80:$V$99,5,0),VLOOKUP(A7,[1]怪物!$R$80:$V$99,3,0))*10000) -> 15000 | M7: =IF(F7="","",IF(F7=0,10000,K7)) -> 15000 | N7: =IF(F7="","",IF(F7=0,10000,L7)) -> 15000
A8: =IF(E8="","",B8) -> 7 | B8: 7 | C8: 关卡14 | D8: [{1000 | E8: 1 | F8: 1 | G8: 1402 | H8: 101}] | I8: =_xlfn.TEXTJOIN(",",1,D8:H8) -> [{1000,1,1,1402,101}] | K8: =IF(A8="","",IF(J8=1,VLOOKUP(A8,[1]怪物!$R$80:$V$99,4,0),VLOOKUP(A8,[1]怪物!$R$80:$V$99,2,0))*10000) -> 15000 | L8: =IF(A8="","",IF(K8=1,VLOOKUP(A8,[1]怪物!$R$80:$V$99,5,0),VLOOKUP(A8,[1]怪物!$R$80:$V$99,3,0))*10000) -> 15000 | M8: =IF(F8="","",IF(F8=0,10000,K8)) -> 15000 | N8: =IF(F8="","",IF(F8=0,10000,L8)) -> 15000
A9: =IF(E9="","",B9) -> 8 | B9: 8 | C9: 关卡14 | D9: [{1000 | E9: 1 | F9: 1 | G9: 1401 | H9: 101}] | I9: =_xlfn.TEXTJOIN(",",1,D9:H9) -> [{1000,1,1,1401,101}] | K9: =IF(A9="","",IF(J9=1,VLOOKUP(A9,[1]怪物!$R$80:$V$99,4,0),VLOOKUP(A9,[1]怪物!$R$80:$V$99,2,0))*10000) -> 15000 | L9: =IF(A9="","",IF(K9=1,VLOOKUP(A9,[1]怪物!$R$80:$V$99,5,0),VLOOKUP(A9,[1]怪物!$R$80:$V$99,3,0))*10000) -> 15000 | M9: =IF(F9="","",IF(F9=0,10000,K9)) -> 15000 | N9: =IF(F9="","",IF(F9=0,10000,L9)) -> 15000
A10: =IF(E10="","",B10) -> 8 | B10: 8 | C10: 关卡14 | D10: [{1000 | E10: 1 | F10: 1 | G10: 1402 | H10: 101}] | I10: =_xlfn.TEXTJOIN(",",1,D10:H10) -> [{1000,1,1,1402,101}] | K10: =IF(A10="","",IF(J10=1,VLOOKUP(A10,[1]怪物!$R$80:$V$99,4,0),VLOOKUP(A10,[1]怪物!$R$80:$V$99,2,0))*10000) -> 15000 | L10: =IF(A10="","",IF(K10=1,VLOOKUP(A10,[1]怪物!$R$80:$V$99,5,0),VLOOKUP(A10,[1]怪物!$R$80:$V$99,3,0))*10000) -> 15000 | M10: =IF(F10="","",IF(F10=0,10000,K10)) -> 15000 | N10: =IF(F10="","",IF(F10=0,10000,L10)) -> 15000
A11: =IF(E11="","",B11) -> 9 | B11: 9 | C11: 关卡14 | D11: [{1000 | E11: 1 | F11: 1 | G11: 1401 | H11: 101}] | I11: =_xlfn.TEXTJOIN(",",1,D11:H11) -> [{1000,1,1,1401,101}] | K11: =IF(A11="","",IF(J11=1,VLOOKUP(A11,[1]怪物!$R$80:$V$99,4,0),VLOOKUP(A11,[1]怪物!$R$80:$V$99,2,0))*10000) -> #N/A | L11: =IF(A11="","",IF(K11=1,VLOOKUP(A11,[1]怪物!$R$80:$V$99,5,0),VLOOKUP(A11,[1]怪物!$R$80:$V$99,3,0))*10000) -> #N/A | M11: =IF(F11="","",IF(F11=0,10000,K11)) -> #N/A | N11: =IF(F11="","",IF(F11=0,10000,L11)) -> #N/A
A12: =IF(E12="","",B12) -> 9 | B12: 9 | C12: 关卡14 | D12: [{1000 | E12: 1 | F12: 1 | G12: 1402 | H12: 101}] | I12: =_xlfn.TEXTJOIN(",",1,D12:H12) -> [{1000,1,1,1402,101}] | K12: =IF(A12="","",IF(J12=1,VLOOKUP(A12,[1]怪物!$R$80:$V$99,4,0),VLOOKUP(A12,[1]怪物!$R$80:$V$99,2,0))*10000) -> #N/A | L12: =IF(A12="","",IF(K12=1,VLOOKUP(A12,[1]怪物!$R$80:$V$99,5,0),VLOOKUP(A12,[1]怪物!$R$80:$V$99,3,0))*10000) -> #N/A | M12: =IF(F12="","",IF(F12=0,10000,K12)) -> #N/A | N12: =IF(F12="","",IF(F12=0,10000,L12)) -> #N/A
A13: =IF(E13="","",B13) -> 10 | B13: 10 | C13: 关卡14 | D13: [{1000 | E13: 1 | F13: 1 | G13: 1401 | H13: 101}] | I13: =_xlfn.TEXTJOIN(",",1,D13:H13) -> [{1000,1,1,1401,101}] | K13: =IF(A13="","",IF(J13=1,VLOOKUP(A13,[1]怪物!$R$80:$V$99,4,0),VLOOKUP(A13,[1]怪物!$R$80:$V$99,2,0))*10000) -> #N/A | L13: =IF(A13="","",IF(K13=1,VLOOKUP(A13,[1]怪物!$R$80:$V$99,5,0),VLOOKUP(A13,[1]怪物!$R$80:$V$99,3,0))*10000) -> #N/A | M13: =IF(F13="","",IF(F13=0,10000,K13)) -> #N/A | N13: =IF(F13="","",IF(F13=0,10000,L13)) -> #N/A
A14: =IF(E14="","",B14) -> 10 | B14: 10 | C14: 关卡14 | D14: [{1000 | E14: 1 | F14: 1 | G14: 1402 | H14: 101}] | I14: =_xlfn.TEXTJOIN(",",1,D14:H14) -> [{1000,1,1,1402,101}] | K14: =IF(A14="","",IF(J14=1,VLOOKUP(A14,[1]怪物!$R$80:$V$99,4,0),VLOOKUP(A14,[1]怪物!$R$80:$V$99,2,0))*10000) -> #N/A | L14: =IF(A14="","",IF(K14=1,VLOOKUP(A14,[1]怪物!$R$80:$V$99,5,0),VLOOKUP(A14,[1]怪物!$R$80:$V$99,3,0))*10000) -> #N/A | M14: =IF(F14="","",IF(F14=0,10000,K14)) -> #N/A | N14: =IF(F14="","",IF(F14=0,10000,L14)) -> #N/A
A15: =IF(E15="","",B15) | B15: 10 | C15: 关卡14 | D15: [] | I15: =_xlfn.TEXTJOIN(",",1,D15:H15) -> [] | J15: 2 | K15: =IF(A15="","",IF(J15=1,VLOOKUP(A15,[1]怪物!$R$80:$V$99,4,0),VLOOKUP(A15,[1]怪物!$R$80:$V$99,2,0))*10000) | L15: =IF(A15="","",IF(K15=1,VLOOKUP(A15,[1]怪物!$R$80:$V$99,5,0),VLOOKUP(A15,[1]怪物!$R$80:$V$99,3,0))*10000) | M15: =IF(F15="","",IF(F15=0,10000,K15)) | N15: =IF(F15="","",IF(F15=0,10000,L15))
A16: =IF(E16="","",B16) -> 10 | B16: 10 | C16: 关卡14 | D16: [{1000 | E16: 1 | F16: 0 | G16: 1421 | H16: 41}] | I16: =_xlfn.TEXTJOIN(",",1,D16:H16) -> [{1000,1,0,1421,41}] | K16: =IF(A16="","",IF(J16=1,VLOOKUP(A16,[1]怪物!$R$80:$V$99,4,0),VLOOKUP(A16,[1]怪物!$R$80:$V$99,2,0))*10000) -> #N/A | L16: =IF(A16="","",IF(K16=1,VLOOKUP(A16,[1]怪物!$R$80:$V$99,5,0),VLOOKUP(A16,[1]怪物!$R$80:$V$99,3,0))*10000) -> #N/A | M16: =IF(F16="","",IF(F16=0,10000,K16)) -> 10000 | N16: =IF(F16="","",IF(F16=0,10000,L16)) -> 10000
A17: =IF(E17="","",B17) -> 11 | B17: 11 | C17: 关卡14 | D17: [{1000 | E17: 1 | F17: 1 | G17: 1401 | H17: 101}] | I17: =_xlfn.TEXTJOIN(",",1,D17:H17) -> [{1000,1,1,1401,101}] | K17: =IF(A17="","",IF(J17=1,VLOOKUP(A17,[1]怪物!$R$80:$V$99,4,0),VLOOKUP(A17,[1]怪物!$R$80:$V$99,2,0))*10000) -> #N/A | L17: =IF(A17="","",IF(K17=1,VLOOKUP(A17,[1]怪物!$R$80:$V$99,5,0),VLOOKUP(A17,[1]怪物!$R$80:$V$99,3,0))*10000) -> #N/A | M17: =IF(F17="","",IF(F17=0,10000,K17)) -> #N/A | N17: =IF(F17="","",IF(F17=0,10000,L17)) -> #N/A
A18: =IF(E18="","",B18) -> 11 | B18: 11 | C18: 关卡14 | D18: [{1000 | E18: 1 | F18: 1 | G18: 1402 | H18: 101}] | I18: =_xlfn.TEXTJOIN(",",1,D18:H18) -> [{1000,1,1,1402,101}] | K18: =IF(A18="","",IF(J18=1,VLOOKUP(A18,[1]怪物!$R$80:$V$99,4,0),VLOOKUP(A18,[1]怪物!$R$80:$V$99,2,0))*10000) -> #N/A | L18: =IF(A18="","",IF(K18=1,VLOOKUP(A18,[1]怪物!$R$80:$V$99,5,0),VLOOKUP(A18,[1]怪物!$R$80:$V$99,3,0))*10000) -> #N/A | M18: =IF(F18="","",IF(F18=0,10000,K18)) -> #N/A | N18: =IF(F18="","",IF(F18=0,10000,L18)) -> #N/A
A19: =IF(E19="","",B19) -> 12 | B19: 12 | C19: 关卡14 | D19: [{1000 | E19: 1 | F19: 1 | G19: 1401 | H19: 101}] | I19: =_xlfn.TEXTJOIN(",",1,D19:H19) -> [{1000,1,1,1401,101}] | K19: =IF(A19="","",IF(J19=1,VLOOKUP(A19,[1]怪物!$R$80:$V$99,4,0),VLOOKUP(A19,[1]怪物!$R$80:$V$99,2,0))*10000) -> #N/A | L19: =IF(A19="","",IF(K19=1,VLOOKUP(A19,[1]怪物!$R$80:$V$99,5,0),VLOOKUP(A19,[1]怪物!$R$80:$V$99,3,0))*10000) -> #N/A | M19: =IF(F19="","",IF(F19=0,10000,K19)) -> #N/A | N19: =IF(F19="","",IF(F19=0,10000,L19)) -> #N/A
A20: =IF(E20="","",B20) -> 12 | B20: 12 | C20: 关卡14 | D20: [{1000 | E20: 1 | F20: 1 | G20: 1402 | H20: 101}] | I20: =_xlfn.TEXTJOIN(",",1,D20:H20) -> [{1000,1,1,1402,101}] | K20: =IF(A20="","",IF(J20=1,VLOOKUP(A20,[1]怪物!$R$80:$V$99,4,0),VLOOKUP(A20,[1]怪物!$R$80:$V$99,2,0))*10000) -> #N/A | L20: =IF(A20="","",IF(K20=1,VLOOKUP(A20,[1]怪物!$R$80:$V$99,5,0),VLOOKUP(A20,[1]怪物!$R$80:$V$99,3,0))*10000) -> #N/A | M20: =IF(F20="","",IF(F20=0,10000,K20)) -> #N/A | N20: =IF(F20="","",IF(F20=0,10000,L20)) -> #N/A
A21: =IF(E21="","",B21) -> 13 | B21: 13 | C21: 关卡14 | D21: [{1000 | E21: 1 | F21: 1 | G21: 1401 | H21: 101}] | I21: =_xlfn.TEXTJOIN(",",1,D21:H21) -> [{1000,1,1,1401,101}] | K21: =IF(A21="","",IF(J21=1,VLOOKUP(A21,[1]怪物!$R$80:$V$99,4,0),VLOOKUP(A21,[1]怪物!$R$80:$V$99,2,0))*10000) -> #N/A | L21: =IF(A21="","",IF(K21=1,VLOOKUP(A21,[1]怪物!$R$80:$V$99,5,0),VLOOKUP(A21,[1]怪物!$R$80:$V$99,3,0))*10000) -> #N/A | M21: =IF(F21="","",IF(F21=0,10000,K21)) -> #N/A | N21: =IF(F21="","",IF(F21=0,10000,L21)) -> #N/A
A22: =IF(E22="","",B22) -> 13 | B22: 13 | C22: 关卡14 | D22: [{1000 | E22: 1 | F22: 1 | G22: 1402 | H22: 101}] | I22: =_xlfn.TEXTJOIN(",",1,D22:H22) -> [{1000,1,1,1402,101}] | K22: =IF(A22="","",IF(J22=1,VLOOKUP(A22,[1]怪物!$R$80:$V$99,4,0),VLOOKUP(A22,[1]怪物!$R$80:$V$99,2,0))*10000) -> #N/A | L22: =IF(A22="","",IF(K22=1,VLOOKUP(A22,[1]怪物!$R$80:$V$99,5,0),VLOOKUP(A22,[1]怪物!$R$80:$V$99,3,0))*10000) -> #N/A | M22: =IF(F22="","",IF(F22=0,10000,K22)) -> #N/A | N22: =IF(F22="","",IF(F22=0,10000,L22)) -> #N/A
A23: =IF(E23="","",B23) -> 14 | B23: 14 | C23: 关卡14 | D23: [{1000 | E23: 1 | F23: 1 | G23: 1401 | H23: 101}] | I23: =_xlfn.TEXTJOIN(",",1,D23:H23) -> [{1000,1,1,1401,101}] | K23: =IF(A23="","",IF(J23=1,VLOOKUP(A23,[1]怪物!$R$80:$V$99,4,0),VLOOKUP(A23,[1]怪物!$R$80:$V$99,2,0))*10000) -> #N/A | L23: =IF(A23="","",IF(K23=1,VLOOKUP(A23,[1]怪物!$R$80:$V$99,5,0),VLOOKUP(A23,[1]怪物!$R$80:$V$99,3,0))*10000) -> #N/A | M23: =IF(F23="","",IF(F23=0,10000,K23)) -> #N/A | N23: =IF(F23="","",IF(F23=0,10000,L23)) -> #N/A
A24: =IF(E24="","",B24) -> 14 | B24: 14 | C24: 关卡14 | D24: [{1000 | E24: 1 | F24: 1 | G24: 1402 | H24: 101}] | I24: =_xlfn.TEXTJOIN(",",1,D24:H24) -> [{1000,1,1,1402,101}] | K24: =IF(A24="","",IF(J24=1,VLOOKUP(A24,[1]怪物!$R$80:$V$99,4,0),VLOOKUP(A24,[1]怪物!$R$80:$V$99,2,0))*10000) -> #N/A | L24: =IF(A24="","",IF(K24=1,VLOOKUP(A24,[1]怪物!$R$80:$V$99,5,0),VLOOKUP(A24,[1]怪物!$R$80:$V$99,3,0))*10000) -> #N/A | M24: =IF(F24="","",IF(F24=0,10000,K24)) -> #N/A | N24: =IF(F24="","",IF(F24=0,10000,L24)) -> #N/A
A25: =IF(E25="","",B25) -> 14 | B25: 14 | C25: 关卡14 | D25: [{1000 | E25: 1 | F25: 1 | G25: 1403 | H25: 401}] | I25: =_xlfn.TEXTJOIN(",",1,D25:H25) -> [{1000,1,1,1403,401}] | J25: 1 | K25: =IF(A25="","",IF(J25=1,VLOOKUP(A25,[1]怪物!$R$80:$V$99,4,0),VLOOKUP(A25,[1]怪物!$R$80:$V$99,2,0))*10000) -> #N/A | L25: =IF(A25="","",IF(K25=1,VLOOKUP(A25,[1]怪物!$R$80:$V$99,5,0),VLOOKUP(A25,[1]怪物!$R$80:$V$99,3,0))*10000) -> #N/A | M25: =IF(F25="","",IF(F25=0,10000,K25)) -> #N/A | N25: =IF(F25="","",IF(F25=0,10000,L25)) -> #N/A
A26: =IF(E26="","",B26) -> 15 | B26: 15 | C26: 关卡14 | D26: [{1000 | E26: 1 | F26: 1 | G26: 1401 | H26: 101}] | I26: =_xlfn.TEXTJOIN(",",1,D26:H26) -> [{1000,1,1,1401,101}] | K26: =IF(A26="","",IF(J26=1,VLOOKUP(A26,[1]怪物!$R$80:$V$99,4,0),VLOOKUP(A26,[1]怪物!$R$80:$V$99,2,0))*10000) -> #N/A | L26: =IF(A26="","",IF(K26=1,VLOOKUP(A26,[1]怪物!$R$80:$V$99,5,0),VLOOKUP(A26,[1]怪物!$R$80:$V$99,3,0))*10000) -> #N/A | M26: =IF(F26="","",IF(F26=0,10000,K26)) -> #N/A | N26: =IF(F26="","",IF(F26=0,10000,L26)) -> #N/A
A27: =IF(E27="","",B27) -> 15 | B27: 15 | C27: 关卡14 | D27: [{1000 | E27: 1 | F27: 1 | G27: 1402 | H27: 101}] | I27: =_xlfn.TEXTJOIN(",",1,D27:H27) -> [{1000,1,1,1402,101}] | K27: =IF(A27="","",IF(J27=1,VLOOKUP(A27,[1]怪物!$R$80:$V$99,4,0),VLOOKUP(A27,[1]怪物!$R$80:$V$99,2,0))*10000) -> #N/A | L27: =IF(A27="","",IF(K27=1,VLOOKUP(A27,[1]怪物!$R$80:$V$99,5,0),VLOOKUP(A27,[1]怪物!$R$80:$V$99,3,0))*10000) -> #N/A | M27: =IF(F27="","",IF(F27=0,10000,K27)) -> #N/A | N27: =IF(F27="","",IF(F27=0,10000,L27)) -> #N/A
A28: =IF(E28="","",B28) -> 15 | B28: 15 | C28: 关卡14 | D28: [{1000 | E28: 1 | F28: 1 | G28: 1403 | H28: 401}] | I28: =_xlfn.TEXTJOIN(",",1,D28:H28) -> [{1000,1,1,1403,401}] | J28: 1 | K28: =IF(A28="","",IF(J28=1,VLOOKUP(A28,[1]怪物!$R$80:$V$99,4,0),VLOOKUP(A28,[1]怪物!$R$80:$V$99,2,0))*10000) -> #N/A | L28: =IF(A28="","",IF(K28=1,VLOOKUP(A28,[1]怪物!$R$80:$V$99,5,0),VLOOKUP(A28,[1]怪物!$R$80:$V$99,3,0))*10000) -> #N/A | M28: =IF(F28="","",IF(F28=0,10000,K28)) -> #N/A | N28: =IF(F28="","",IF(F28=0,10000,L28)) -> #N/A
A29: =IF(E29="","",B29) -> 16 | B29: 16 | C29: 关卡14 | D29: [{1000 | E29: 1 | F29: 1 | G29: 1401 | H29: 101}] | I29: =_xlfn.TEXTJOIN(",",1,D29:H29) -> [{1000,1,1,1401,101}] | K29: =IF(A29="","",IF(J29=1,VLOOKUP(A29,[1]怪物!$R$80:$V$99,4,0),VLOOKUP(A29,[1]怪物!$R$80:$V$99,2,0))*10000) -> #N/A | L29: =IF(A29="","",IF(K29=1,VLOOKUP(A29,[1]怪物!$R$80:$V$99,5,0),VLOOKUP(A29,[1]怪物!$R$80:$V$99,3,0))*10000) -> #N/A | M29: =IF(F29="","",IF(F29=0,10000,K29)) -> #N/A | N29: =IF(F29="","",IF(F29=0,10000,L29)) -> #N/A
A30: =IF(E30="","",B30) -> 16 | B30: 16 | C30: 关卡14 | D30: [{1000 | E30: 1 | F30: 1 | G30: 1402 | H30: 101}] | I30: =_xlfn.TEXTJOIN(",",1,D30:H30) -> [{1000,1,1,1402,101}] | K30: =IF(A30="","",IF(J30=1,VLOOKUP(A30,[1]怪物!$R$80:$V$99,4,0),VLOOKUP(A30,[1]怪物!$R$80:$V$99,2,0))*10000) -> #N/A | L30: =IF(A30="","",IF(K30=1,VLOOKUP(A30,[1]怪物!$R$80:$V$99,5,0),VLOOKUP(A30,[1]怪物!$R$80:$V$99,3,0))*10000) -> #N/A | M30: =IF(F30="","",IF(F30=0,10000,K30)) -> #N/A | N30: =IF(F30="","",IF(F30=0,10000,L30)) -> #N/A
A31: =IF(E31="","",B31) -> 16 | B31: 16 | C31: 关卡14 | D31: [{1000 | E31: 1 | F31: 1 | G31: 1403 | H31: 401}] | I31: =_xlfn.TEXTJOIN(",",1,D31:H31) -> [{1000,1,1,1403,401}] | J31: 1 | K31: =IF(A31="","",IF(J31=1,VLOOKUP(A31,[1]怪物!$R$80:$V$99,4,0),VLOOKUP(A31,[1]怪物!$R$80:$V$99,2,0))*10000) -> #N/A | L31: =IF(A31="","",IF(K31=1,VLOOKUP(A31,[1]怪物!$R$80:$V$99,5,0),VLOOKUP(A31,[1]怪物!$R$80:$V$99,3,0))*10000) -> #N/A | M31: =IF(F31="","",IF(F31=0,10000,K31)) -> #N/A | N31: =IF(F31="","",IF(F31=0,10000,L31)) -> #N/A
A32: =IF(E32="","",B32) -> 17 | B32: 17 | C32: 关卡14 | D32: [{1000 | E32: 1 | F32: 1 | G32: 1401 | H32: 101}] | I32: =_xlfn.TEXTJOIN(",",1,D32:H32) -> [{1000,1,1,1401,101}] | K32: =IF(A32="","",IF(J32=1,VLOOKUP(A32,[1]怪物!$R$80:$V$99,4,0),VLOOKUP(A32,[1]怪物!$R$80:$V$99,2,0))*10000) -> #N/A | L32: =IF(A32="","",IF(K32=1,VLOOKUP(A32,[1]怪物!$R$80:$V$99,5,0),VLOOKUP(A32,[1]怪物!$R$80:$V$99,3,0))*10000) -> #N/A | M32: =IF(F32="","",IF(F32=0,10000,K32)) -> #N/A | N32: =IF(F32="","",IF(F32=0,10000,L32)) -> #N/A
A33: =IF(E33="","",B33) -> 17 | B33: 17 | C33: 关卡14 | D33: [{1000 | E33: 1 | F33: 1 | G33: 1402 | H33: 101}] | I33: =_xlfn.TEXTJOIN(",",1,D33:H33) -> [{1000,1,1,1402,101}] | K33: =IF(A33="","",IF(J33=1,VLOOKUP(A33,[1]怪物!$R$80:$V$99,4,0),VLOOKUP(A33,[1]怪物!$R$80:$V$99,2,0))*10000) -> #N/A | L33: =IF(A33="","",IF(K33=1,VLOOKUP(A33,[1]怪物!$R$80:$V$99,5,0),VLOOKUP(A33,[1]怪物!$R$80:$V$99,3,0))*10000) -> #N/A | M33: =IF(F33="","",IF(F33=0,10000,K33)) -> #N/A | N33: =IF(F33="","",IF(F33=0,10000,L33)) -> #N/A
A34: =IF(E34="","",B34) -> 17 | B34: 17 | C34: 关卡14 | D34: [{1000 | E34: 1 | F34: 1 | G34: 1403 | H34: 401}] | I34: =_xlfn.TEXTJOIN(",",1,D34:H34) -> [{1000,1,1,1403,401}] | J34: 1 | K34: =IF(A34="","",IF(J34=1,VLOOKUP(A34,[1]怪物!$R$80:$V$99,4,0),VLOOKUP(A34,[1]怪物!$R$80:$V$99,2,0))*10000) -> #N/A | L34: =IF(A34="","",IF(K34=1,VLOOKUP(A34,[1]怪物!$R$80:$V$99,5,0),VLOOKUP(A34,[1]怪物!$R$80:$V$99,3,0))*10000) -> #N/A | M34: =IF(F34="","",IF(F34=0,10000,K34)) -> #N/A | N34: =IF(F34="","",IF(F34=0,10000,L34)) -> #N/A
A35: =IF(E35="","",B35) -> 18 | B35: 18 | C35: 关卡14 | D35: [{1000 | E35: 1 | F35: 1 | G35: 1401 | H35: 101}] | I35: =_xlfn.TEXTJOIN(",",1,D35:H35) -> [{1000,1,1,1401,101}] | K35: =IF(A35="","",IF(J35=1,VLOOKUP(A35,[1]怪物!$R$80:$V$99,4,0),VLOOKUP(A35,[1]怪物!$R$80:$V$99,2,0))*10000) -> #N/A | L35: =IF(A35="","",IF(K35=1,VLOOKUP(A35,[1]怪物!$R$80:$V$99,5,0),VLOOKUP(A35,[1]怪物!$R$80:$V$99,3,0))*10000) -> #N/A | M35: =IF(F35="","",IF(F35=0,10000,K35)) -> #N/A | N35: =IF(F35="","",IF(F35=0,10000,L35)) -> #N/A
A36: =IF(E36="","",B36) -> 18 | B36: 18 | C36: 关卡14 | D36: [{1000 | E36: 1 | F36: 1 | G36: 1402 | H36: 101}] | I36: =_xlfn.TEXTJOIN(",",1,D36:H36) -> [{1000,1,1,1402,101}] | K36: =IF(A36="","",IF(J36=1,VLOOKUP(A36,[1]怪物!$R$80:$V$99,4,0),VLOOKUP(A36,[1]怪物!$R$80:$V$99,2,0))*10000) -> #N/A | L36: =IF(A36="","",IF(K36=1,VLOOKUP(A36,[1]怪物!$R$80:$V$99,5,0),VLOOKUP(A36,[1]怪物!$R$80:$V$99,3,0))*10000) -> #N/A | M36: =IF(F36="","",IF(F36=0,10000,K36)) -> #N/A | N36: =IF(F36="","",IF(F36=0,10000,L36)) -> #N/A
A37: =IF(E37="","",B37) -> 18 | B37: 18 | C37: 关卡14 | D37: [{1000 | E37: 1 | F37: 1 | G37: 1403 | H37: 401}] | I37: =_xlfn.TEXTJOIN(",",1,D37:H37) -> [{1000,1,1,1403,401}] | J37: 1 | K37: =IF(A37="","",IF(J37=1,VLOOKUP(A37,[1]怪物!$R$80:$V$99,4,0),VLOOKUP(A37,[1]怪物!$R$80:$V$99,2,0))*10000) -> #N/A | L37: =IF(A37="","",IF(K37=1,VLOOKUP(A37,[1]怪物!$R$80:$V$99,5,0),VLOOKUP(A37,[1]怪物!$R$80:$V$99,3,0))*10000) -> #N/A | M37: =IF(F37="","",IF(F37=0,10000,K37)) -> #N/A | N37: =IF(F37="","",IF(F37=0,10000,L37)) -> #N/A
A38: =IF(E38="","",B38) -> 19 | B38: 19 | C38: 关卡14 | D38: [{1000 | E38: 1 | F38: 1 | G38: 1401 | H38: 101}] | I38: =_xlfn.TEXTJOIN(",",1,D38:H38) -> [{1000,1,1,1401,101}] | K38: =IF(A38="","",IF(J38=1,VLOOKUP(A38,[1]怪物!$R$80:$V$99,4,0),VLOOKUP(A38,[1]怪物!$R$80:$V$99,2,0))*10000) -> #N/A | L38: =IF(A38="","",IF(K38=1,VLOOKUP(A38,[1]怪物!$R$80:$V$99,5,0),VLOOKUP(A38,[1]怪物!$R$80:$V$99,3,0))*10000) -> #N/A | M38: =IF(F38="","",IF(F38=0,10000,K38)) -> #N/A | N38: =IF(F38="","",IF(F38=0,10000,L38)) -> #N/A
A39: =IF(E39="","",B39) -> 19 | B39: 19 | C39: 关卡14 | D39: [{1000 | E39: 1 | F39: 1 | G39: 1402 | H39: 101}] | I39: =_xlfn.TEXTJOIN(",",1,D39:H39) -> [{1000,1,1,1402,101}] | K39: =IF(A39="","",IF(J39=1,VLOOKUP(A39,[1]怪物!$R$80:$V$99,4,0),VLOOKUP(A39,[1]怪物!$R$80:$V$99,2,0))*10000) -> #N/A | L39: =IF(A39="","",IF(K39=1,VLOOKUP(A39,[1]怪物!$R$80:$V$99,5,0),VLOOKUP(A39,[1]怪物!$R$80:$V$99,3,0))*10000) -> #N/A | M39: =IF(F39="","",IF(F39=0,10000,K39)) -> #N/A | N39: =IF(F39="","",IF(F39=0,10000,L39)) -> #N/A
A40: =IF(E40="","",B40) -> 19 | B40: 19 | C40: 关卡14 | D40: [{1000 | E40: 1 | F40: 1 | G40: 1403 | H40: 401}] | I40: =_xlfn.TEXTJOIN(",",1,D40:H40) -> [{1000,1,1,1403,401}] | J40: 1 | K40: =IF(A40="","",IF(J40=1,VLOOKUP(A40,[1]怪物!$R$80:$V$99,4,0),VLOOKUP(A40,[1]怪物!$R$80:$V$99,2,0))*10000) -> #N/A | L40: =IF(A40="","",IF(K40=1,VLOOKUP(A40,[1]怪物!$R$80:$V$99,5,0),VLOOKUP(A40,[1]怪物!$R$80:$V$99,3,0))*10000) -> #N/A | M40: =IF(F40="","",IF(F40=0,10000,K40)) -> #N/A | N40: =IF(F40="","",IF(F40=0,10000,L40)) -> #N/A
A41: =IF(E41="","",B41) -> 20 | B41: 20 | C41: 关卡14 | D41: [{1000 | E41: 1 | F41: 1 | G41: 1401 | H41: 101}] | I41: =_xlfn.TEXTJOIN(",",1,D41:H41) -> [{1000,1,1,1401,101}] | K41: =IF(A41="","",IF(J41=1,VLOOKUP(A41,[1]怪物!$R$80:$V$99,4,0),VLOOKUP(A41,[1]怪物!$R$80:$V$99,2,0))*10000) -> #N/A | L41: =IF(A41="","",IF(K41=1,VLOOKUP(A41,[1]怪物!$R$80:$V$99,5,0),VLOOKUP(A41,[1]怪物!$R$80:$V$99,3,0))*10000) -> #N/A | M41: =IF(F41="","",IF(F41=0,10000,K41)) -> #N/A | N41: =IF(F41="","",IF(F41=0,10000,L41)) -> #N/A
A42: =IF(E42="","",B42) -> 20 | B42: 20 | C42: 关卡14 | D42: [{1000 | E42: 1 | F42: 1 | G42: 1402 | H42: 101}] | I42: =_xlfn.TEXTJOIN(",",1,D42:H42) -> [{1000,1,1,1402,101}] | K42: =IF(A42="","",IF(J42=1,VLOOKUP(A42,[1]怪物!$R$80:$V$99,4,0),VLOOKUP(A42,[1]怪物!$R$80:$V$99,2,0))*10000) -> #N/A | L42: =IF(A42="","",IF(K42=1,VLOOKUP(A42,[1]怪物!$R$80:$V$99,5,0),VLOOKUP(A42,[1]怪物!$R$80:$V$99,3,0))*10000) -> #N/A | M42: =IF(F42="","",IF(F42=0,10000,K42)) -> #N/A | N42: =IF(F42="","",IF(F42=0,10000,L42)) -> #N/A
A43: =IF(E43="","",B43) -> 20 | B43: 20 | C43: 关卡14 | D43: [{1000 | E43: 1 | F43: 1 | G43: 1403 | H43: 401}] | I43: =_xlfn.TEXTJOIN(",",1,D43:H43) -> [{1000,1,1,1403,401}] | J43: 1 | K43: =IF(A43="","",IF(J43=1,VLOOKUP(A43,[1]怪物!$R$80:$V$99,4,0),VLOOKUP(A43,[1]怪物!$R$80:$V$99,2,0))*10000) -> #N/A | L43: =IF(A43="","",IF(K43=1,VLOOKUP(A43,[1]怪物!$R$80:$V$99,5,0),VLOOKUP(A43,[1]怪物!$R$80:$V$99,3,0))*10000) -> #N/A | M43: =IF(F43="","",IF(F43=0,10000,K43)) -> #N/A | N43: =IF(F43="","",IF(F43=0,10000,L43)) -> #N/A
A44: =IF(E44="","",B44) | B44: 20 | C44: 关卡14 | D44: [] | I44: =_xlfn.TEXTJOIN(",",1,D44:H44) -> [] | J44: 2 | K44: =IF(A44="","",IF(J44=1,VLOOKUP(A44,[1]怪物!$R$80:$V$99,4,0),VLOOKUP(A44,[1]怪物!$R$80:$V$99,2,0))*10000) | L44: =IF(A44="","",IF(K44=1,VLOOKUP(A44,[1]怪物!$R$80:$V$99,5,0),VLOOKUP(A44,[1]怪物!$R$80:$V$99,3,0))*10000) | M44: =IF(F44="","",IF(F44=0,10000,K44)) | N44: =IF(F44="","",IF(F44=0,10000,L44))
A45: =IF(E45="","",B45) -> 20 | B45: 20 | C45: 关卡14 | D45: [{1000 | E45: 1 | F45: 0 | G45: 1431 | H45: 41}] | I45: =_xlfn.TEXTJOIN(",",1,D45:H45) -> [{1000,1,0,1431,41}] | K45: =IF(A45="","",IF(J45=1,VLOOKUP(A45,[1]怪物!$R$80:$V$99,4,0),VLOOKUP(A45,[1]怪物!$R$80:$V$99,2,0))*10000) -> #N/A | L45: =IF(A45="","",IF(K45=1,VLOOKUP(A45,[1]怪物!$R$80:$V$99,5,0),VLOOKUP(A45,[1]怪物!$R$80:$V$99,3,0))*10000) -> #N/A | M45: =IF(F45="","",IF(F45=0,10000,K45)) -> 10000 | N45: =IF(F45="","",IF(F45=0,10000,L45)) -> 10000
A46: =IF(E46="","",B46) -> 1 | B46: 1 | C46: 关卡15 | D46: [{1000 | E46: 1 | F46: 1 | G46: 1501 | H46: 101}] | I46: =_xlfn.TEXTJOIN(",",1,D46:H46) -> [{1000,1,1,1501,101}] | K46: =IF(A46="","",IF(J46=1,VLOOKUP(A46,[1]怪物!$R$80:$V$99,4,0),VLOOKUP(A46,[1]怪物!$R$80:$V$99,2,0))*10000) -> 10000 | L46: =IF(A46="","",IF(K46=1,VLOOKUP(A46,[1]怪物!$R$80:$V$99,5,0),VLOOKUP(A46,[1]怪物!$R$80:$V$99,3,0))*10000) -> 10000 | M46: =IF(F46="","",IF(F46=0,10000,K46)) -> 10000 | N46: =IF(F46="","",IF(F46=0,10000,L46)) -> 10000
A47: =IF(E47="","",B47) -> 2 | B47: 2 | C47: 关卡15 | D47: [{1000 | E47: 1 | F47: 1 | G47: 1501 | H47: 101}] | I47: =_xlfn.TEXTJOIN(",",1,D47:H47) -> [{1000,1,1,1501,101}] | K47: =IF(A47="","",IF(J47=1,VLOOKUP(A47,[1]怪物!$R$80:$V$99,4,0),VLOOKUP(A47,[1]怪物!$R$80:$V$99,2,0))*10000) -> 10000 | L47: =IF(A47="","",IF(K47=1,VLOOKUP(A47,[1]怪物!$R$80:$V$99,5,0),VLOOKUP(A47,[1]怪物!$R$80:$V$99,3,0))*10000) -> 10000 | M47: =IF(F47="","",IF(F47=0,10000,K47)) -> 10000 | N47: =IF(F47="","",IF(F47=0,10000,L47)) -> 10000
A48: =IF(E48="","",B48) -> 3 | B48: 3 | C48: 关卡15 | D48: [{1000 | E48: 1 | F48: 1 | G48: 1501 | H48: 101}] | I48: =_xlfn.TEXTJOIN(",",1,D48:H48) -> [{1000,1,1,1501,101}] | K48: =IF(A48="","",IF(J48=1,VLOOKUP(A48,[1]怪物!$R$80:$V$99,4,0),VLOOKUP(A48,[1]怪物!$R$80:$V$99,2,0))*10000) -> 10000 | L48: =IF(A48="","",IF(K48=1,VLOOKUP(A48,[1]怪物!$R$80:$V$99,5,0),VLOOKUP(A48,[1]怪物!$R$80:$V$99,3,0))*10000) -> 10000 | M48: =IF(F48="","",IF(F48=0,10000,K48)) -> 10000 | N48: =IF(F48="","",IF(F48=0,10000,L48)) -> 10000
A49: =IF(E49="","",B49) -> 4 | B49: 4 | C49: 关卡15 | D49: [{1000 | E49: 1 | F49: 1 | G49: 1501 | H49: 101}] | I49: =_xlfn.TEXTJOIN(",",1,D49:H49) -> [{1000,1,1,1501,101}] | K49: =IF(A49="","",IF(J49=1,VLOOKUP(A49,[1]怪物!$R$80:$V$99,4,0),VLOOKUP(A49,[1]怪物!$R$80:$V$99,2,0))*10000) -> 10000 | L49: =IF(A49="","",IF(K49=1,VLOOKUP(A49,[1]怪物!$R$80:$V$99,5,0),VLOOKUP(A49,[1]怪物!$R$80:$V$99,3,0))*10000) -> 10000 | M49: =IF(F49="","",IF(F49=0,10000,K49)) -> 10000 | N49: =IF(F49="","",IF(F49=0,10000,L49)) -> 10000
A50: =IF(E50="","",B50) -> 5 | B50: 5 | C50: 关卡15 | D50: [{1000 | E50: 1 | F50: 1 | G50: 1501 | H50: 101}] | I50: =_xlfn.TEXTJOIN(",",1,D50:H50) -> [{1000,1,1,1501,101}] | K50: =IF(A50="","",IF(J50=1,VLOOKUP(A50,[1]怪物!$R$80:$V$99,4,0),VLOOKUP(A50,[1]怪物!$R$80:$V$99,2,0))*10000) -> 10000 | L50: =IF(A50="","",IF(K50=1,VLOOKUP(A50,[1]怪物!$R$80:$V$99,5,0),VLOOKUP(A50,[1]怪物!$R$80:$V$99,3,0))*10000) -> 10000 | M50: =IF(F50="","",IF(F50=0,10000,K50)) -> 10000 | N50: =IF(F50="","",IF(F50=0,10000,L50)) -> 10000
A51: =IF(E51="","",B51) -> 6 | B51: 6 | C51: 关卡15 | D51: [{1000 | E51: 1 | F51: 1 | G51: 1501 | H51: 101}] | I51: =_xlfn.TEXTJOIN(",",1,D51:H51) -> [{1000,1,1,1501,101}] | K51: =IF(A51="","",IF(J51=1,VLOOKUP(A51,[1]怪物!$R$80:$V$99,4,0),VLOOKUP(A51,[1]怪物!$R$80:$V$99,2,0))*10000) -> 15000 | L51: =IF(A51="","",IF(K51=1,VLOOKUP(A51,[1]怪物!$R$80:$V$99,5,0),VLOOKUP(A51,[1]怪物!$R$80:$V$99,3,0))*10000) -> 15000 | M51: =IF(F51="","",IF(F51=0,10000,K51)) -> 15000 | N51: =IF(F51="","",IF(F51=0,10000,L51)) -> 15000
A52: =IF(E52="","",B52) -> 7 | B52: 7 | C52: 关卡15 | D52: [{1000 | E52: 1 | F52: 1 | G52: 1501 | H52: 101}] | I52: =_xlfn.TEXTJOIN(",",1,D52:H52) -> [{1000,1,1,1501,101}] | K52: =IF(A52="","",IF(J52=1,VLOOKUP(A52,[1]怪物!$R$80:$V$99,4,0),VLOOKUP(A52,[1]怪物!$R$80:$V$99,2,0))*10000) -> 15000 | L52: =IF(A52="","",IF(K52=1,VLOOKUP(A52,[1]怪物!$R$80:$V$99,5,0),VLOOKUP(A52,[1]怪物!$R$80:$V$99,3,0))*10000) -> 15000 | M52: =IF(F52="","",IF(F52=0,10000,K52)) -> 15000 | N52: =IF(F52="","",IF(F52=0,10000,L52)) -> 15000
A53: =IF(E53="","",B53) -> 7 | B53: 7 | C53: 关卡15 | D53: [{1000 | E53: 1 | F53: 1 | G53: 1502 | H53: 101}] | I53: =_xlfn.TEXTJOIN(",",1,D53:H53) -> [{1000,1,1,1502,101}] | K53: =IF(A53="","",IF(J53=1,VLOOKUP(A53,[1]怪物!$R$80:$V$99,4,0),VLOOKUP(A53,[1]怪物!$R$80:$V$99,2,0))*10000) -> 15000 | L53: =IF(A53="","",IF(K53=1,VLOOKUP(A53,[1]怪物!$R$80:$V$99,5,0),VLOOKUP(A53,[1]怪物!$R$80:$V$99,3,0))*10000) -> 15000 | M53: =IF(F53="","",IF(F53=0,10000,K53)) -> 15000 | N53: =IF(F53="","",IF(F53=0,10000,L53)) -> 15000
A54: =IF(E54="","",B54) -> 8 | B54: 8 | C54: 关卡15 | D54: [{1000 | E54: 1 | F54: 1 | G54: 1501 | H54: 101}] | I54: =_xlfn.TEXTJOIN(",",1,D54:H54) -> [{1000,1,1,1501,101}] | K54: =IF(A54="","",IF(J54=1,VLOOKUP(A54,[1]怪物!$R$80:$V$99,4,0),VLOOKUP(A54,[1]怪物!$R$80:$V$99,2,0))*10000) -> 15000 | L54: =IF(A54="","",IF(K54=1,VLOOKUP(A54,[1]怪物!$R$80:$V$99,5,0),VLOOKUP(A54,[1]怪物!$R$80:$V$99,3,0))*10000) -> 15000 | M54: =IF(F54="","",IF(F54=0,10000,K54)) -> 15000 | N54: =IF(F54="","",IF(F54=0,10000,L54)) -> 15000
A55: =IF(E55="","",B55) -> 8 | B55: 8 | C55: 关卡15 | D55: [{1000 | E55: 1 | F55: 1 | G55: 1502 | H55: 101}] | I55: =_xlfn.TEXTJOIN(",",1,D55:H55) -> [{1000,1,1,1502,101}] | K55: =IF(A55="","",IF(J55=1,VLOOKUP(A55,[1]怪物!$R$80:$V$99,4,0),VLOOKUP(A55,[1]怪物!$R$80:$V$99,2,0))*10000) -> 15000 | L55: =IF(A55="","",IF(K55=1,VLOOKUP(A55,[1]怪物!$R$80:$V$99,5,0),VLOOKUP(A55,[1]怪物!$R$80:$V$99,3,0))*10000) -> 15000 | M55: =IF(F55="","",IF(F55=0,10000,K55)) -> 15000 | N55: =IF(F55="","",IF(F55=0,10000,L55)) -> 15000
A56: =IF(E56="","",B56) -> 9 | B56: 9 | C56: 关卡15 | D56: [{1000 | E56: 1 | F56: 1 | G56: 1501 | H56: 101}] | I56: =_xlfn.TEXTJOIN(",",1,D56:H56) -> [{1000,1,1,1501,101}] | K56: =IF(A56="","",IF(J56=1,VLOOKUP(A56,[1]怪物!$R$80:$V$99,4,0),VLOOKUP(A56,[1]怪物!$R$80:$V$99,2,0))*10000) -> #N/A | L56: =IF(A56="","",IF(K56=1,VLOOKUP(A56,[1]怪物!$R$80:$V$99,5,0),VLOOKUP(A56,[1]怪物!$R$80:$V$99,3,0))*10000) -> #N/A | M56: =IF(F56="","",IF(F56=0,10000,K56)) -> #N/A | N56: =IF(F56="","",IF(F56=0,10000,L56)) -> #N/A
... A59: =IF(E59="","",B59) -> 10 | B59: 10 | C59: 关卡15 | D59: [{1000 | E59: 1 | F59: 1 | G59: 1502 | H59: 101}] | I59: =_xlfn.TEXTJOIN(",",1,D59:H59) -> [{1000,1,1,1502,101}] | K59: =IF(A59="","",IF(J59=1,VLOOKUP(A59,[1]怪物!$R$80:$V$99,4,0),VLOOKUP(A59,[1]怪物!$R$80:$V$99,2,0))*10000) -> #N/A | L59: =IF(A59="","",IF(K59=1,VLOOKUP(A59,[1]怪物!$R$80:$V$99,5,0),VLOOKUP(A59,[1]怪物!$R$80:$V$99,3,0))*10000) -> #N/A | M59: =IF(F59="","",IF(F59=0,10000,K59)) -> #N/A | N59: =IF(F59="","",IF(F59=0,10000,L59)) -> #N/A
A60: =IF(E60="","",B60) | B60: 10 | C60: 关卡15 | D60: [] | I60: =_xlfn.TEXTJOIN(",",1,D60:H60) -> [] | J60: 2 | K60: =IF(A60="","",IF(J60=1,VLOOKUP(A60,[1]怪物!$R$80:$V$99,4,0),VLOOKUP(A60,[1]怪物!$R$80:$V$99,2,0))*10000) | L60: =IF(A60="","",IF(K60=1,VLOOKUP(A60,[1]怪物!$R$80:$V$99,5,0),VLOOKUP(A60,[1]怪物!$R$80:$V$99,3,0))*10000) | M60: =IF(F60="","",IF(F60=0,10000,K60)) | N60: =IF(F60="","",IF(F60=0,10000,L60))
A61: =IF(E61="","",B61) -> 10 | B61: 10 | C61: 关卡15 | D61: [{1000 | E61: 1 | F61: 0 | G61: 1521 | H61: 41}] | I61: =_xlfn.TEXTJOIN(",",1,D61:H61) -> [{1000,1,0,1521,41}] | K61: =IF(A61="","",IF(J61=1,VLOOKUP(A61,[1]怪物!$R$80:$V$99,4,0),VLOOKUP(A61,[1]怪物!$R$80:$V$99,2,0))*10000) -> #N/A | L61: =IF(A61="","",IF(K61=1,VLOOKUP(A61,[1]怪物!$R$80:$V$99,5,0),VLOOKUP(A61,[1]怪物!$R$80:$V$99,3,0))*10000) -> #N/A | M61: =IF(F61="","",IF(F61=0,10000,K61)) -> 10000 | N61: =IF(F61="","",IF(F61=0,10000,L61)) -> 10000
A62: =IF(E62="","",B62) -> 11 | B62: 11 | C62: 关卡15 | D62: [{1000 | E62: 1 | F62: 1 | G62: 1501 | H62: 101}] | I62: =_xlfn.TEXTJOIN(",",1,D62:H62) -> [{1000,1,1,1501,101}] | K62: =IF(A62="","",IF(J62=1,VLOOKUP(A62,[1]怪物!$R$80:$V$99,4,0),VLOOKUP(A62,[1]怪物!$R$80:$V$99,2,0))*10000) -> #N/A | L62: =IF(A62="","",IF(K62=1,VLOOKUP(A62,[1]怪物!$R$80:$V$99,5,0),VLOOKUP(A62,[1]怪物!$R$80:$V$99,3,0))*10000) -> #N/A | M62: =IF(F62="","",IF(F62=0,10000,K62)) -> #N/A | N62: =IF(F62="","",IF(F62=0,10000,L62)) -> #N/A
A63: =IF(E63="","",B63) -> 11 | B63: 11 | C63: 关卡15 | D63: [{1000 | E63: 1 | F63: 1 | G63: 1502 | H63: 101}] | I63: =_xlfn.TEXTJOIN(",",1,D63:H63) -> [{1000,1,1,1502,101}] | K63: =IF(A63="","",IF(J63=1,VLOOKUP(A63,[1]怪物!$R$80:$V$99,4,0),VLOOKUP(A63,[1]怪物!$R$80:$V$99,2,0))*10000) -> #N/A | L63: =IF(A63="","",IF(K63=1,VLOOKUP(A63,[1]怪物!$R$80:$V$99,5,0),VLOOKUP(A63,[1]怪物!$R$80:$V$99,3,0))*10000) -> #N/A | M63: =IF(F63="","",IF(F63=0,10000,K63)) -> #N/A | N63: =IF(F63="","",IF(F63=0,10000,L63)) -> #N/A
A64: =IF(E64="","",B64) -> 12 | B64: 12 | C64: 关卡15 | D64: [{1000 | E64: 1 | F64: 1 | G64: 1501 | H64: 101}] | I64: =_xlfn.TEXTJOIN(",",1,D64:H64) -> [{1000,1,1,1501,101}] | K64: =IF(A64="","",IF(J64=1,VLOOKUP(A64,[1]怪物!$R$80:$V$99,4,0),VLOOKUP(A64,[1]怪物!$R$80:$V$99,2,0))*10000) -> #N/A | L64: =IF(A64="","",IF(K64=1,VLOOKUP(A64,[1]怪物!$R$80:$V$99,5,0),VLOOKUP(A64,[1]怪物!$R$80:$V$99,3,0))*10000) -> #N/A | M64: =IF(F64="","",IF(F64=0,10000,K64)) -> #N/A | N64: =IF(F64="","",IF(F64=0,10000,L64)) -> #N/A
A65: =IF(E65="","",B65) -> 12 | B65: 12 | C65: 关卡15 | D65: [{1000 | E65: 1 | F65: 1 | G65: 1502 | H65: 101}] | I65: =_xlfn.TEXTJOIN(",",1,D65:H65) -> [{1000,1,1,1502,101}] | K65: =IF(A65="","",IF(J65=1,VLOOKUP(A65,[1]怪物!$R$80:$V$99,4,0),VLOOKUP(A65,[1]怪物!$R$80:$V$99,2,0))*10000) -> #N/A | L65: =IF(A65="","",IF(K65=1,VLOOKUP(A65,[1]怪物!$R$80:$V$99,5,0),VLOOKUP(A65,[1]怪物!$R$80:$V$99,3,0))*10000) -> #N/A | M65: =IF(F65="","",IF(F65=0,10000,K65)) -> #N/A | N65: =IF(F65="","",IF(F65=0,10000,L65)) -> #N/A
A66: =IF(E66="","",B66) -> 13 | B66: 13 | C66: 关卡15 | D66: [{1000 | E66: 1 | F66: 1 | G66: 1501 | H66: 101}] | I66: =_xlfn.TEXTJOIN(",",1,D66:H66) -> [{1000,1,1,1501,101}] | K66: =IF(A66="","",IF(J66=1,VLOOKUP(A66,[1]怪物!$R$80:$V$99,4,0),VLOOKUP(A66,[1]怪物!$R$80:$V$99,2,0))*10000) -> #N/A | L66: =IF(A66="","",IF(K66=1,VLOOKUP(A66,[1]怪物!$R$80:$V$99,5,0),VLOOKUP(A66,[1]怪物!$R$80:$V$99,3,0))*10000) -> #N/A | M66: =IF(F66="","",IF(F66=0,10000,K66)) -> #N/A | N66: =IF(F66="","",IF(F66=0,10000,L66)) -> #N/A
A67: =IF(E67="","",B67) -> 13 | B67: 13 | C67: 关卡15 | D67: [{1000 | E67: 1 | F67: 1 | G67: 1502 | H67: 101}] | I67: =_xlfn.TEXTJOIN(",",1,D67:H67) -> [{1000,1,1,1502,101}] | K67: =IF(A67="","",IF(J67=1,VLOOKUP(A67,[1]怪物!$R$80:$V$99,4,0),VLOOKUP(A67,[1]怪物!$R$80:$V$99,2,0))*10000) -> #N/A | L67: =IF(A67="","",IF(K67=1,VLOOKUP(A67,[1]怪物!$R$80:$V$99,5,0),VLOOKUP(A67,[1]怪物!$R$80:$V$99,3,0))*10000) -> #N/A | M67: =IF(F67="","",IF(F67=0,10000,K67)) -> #N/A | N67: =IF(F67="","",IF(F67=0,10000,L67)) -> #N/A
A68: =IF(E68="","",B68) -> 14 | B68: 14 | C68: 关卡15 | D68: [{1000 | E68: 1 | F68: 1 | G68: 1501 | H68: 101}] | I68: =_xlfn.TEXTJOIN(",",1,D68:H68) -> [{1000,1,1,1501,101}] | K68: =IF(A68="","",IF(J68=1,VLOOKUP(A68,[1]怪物!$R$80:$V$99,4,0),VLOOKUP(A68,[1]怪物!$R$80:$V$99,2,0))*10000) -> #N/A | L68: =IF(A68="","",IF(K68=1,VLOOKUP(A68,[1]怪物!$R$80:$V$99,5,0),VLOOKUP(A68,[1]怪物!$R$80:$V$99,3,0))*10000) -> #N/A | M68: =IF(F68="","",IF(F68=0,10000,K68)) -> #N/A | N68: =IF(F68="","",IF(F68=0,10000,L68)) -> #N/A
A69: =IF(E69="","",B69) -> 14 | B69: 14 | C69: 关卡15 | D69: [{1000 | E69: 1 | F69: 1 | G69: 1502 | H69: 101}] | I69: =_xlfn.TEXTJOIN(",",1,D69:H69) -> [{1000,1,1,1502,101}] | K69: =IF(A69="","",IF(J69=1,VLOOKUP(A69,[1]怪物!$R$80:$V$99,4,0),VLOOKUP(A69,[1]怪物!$R$80:$V$99,2,0))*10000) -> #N/A | L69: =IF(A69="","",IF(K69=1,VLOOKUP(A69,[1]怪物!$R$80:$V$99,5,0),VLOOKUP(A69,[1]怪物!$R$80:$V$99,3,0))*10000) -> #N/A | M69: =IF(F69="","",IF(F69=0,10000,K69)) -> #N/A | N69: =IF(F69="","",IF(F69=0,10000,L69)) -> #N/A
A70: =IF(E70="","",B70) -> 14 | B70: 14 | C70: 关卡15 | D70: [{1000 | E70: 1 | F70: 1 | G70: 1503 | H70: 101}] | I70: =_xlfn.TEXTJOIN(",",1,D70:H70) -> [{1000,1,1,1503,101}] | K70: =IF(A70="","",IF(J70=1,VLOOKUP(A70,[1]怪物!$R$80:$V$99,4,0),VLOOKUP(A70,[1]怪物!$R$80:$V$99,2,0))*10000) -> #N/A | L70: =IF(A70="","",IF(K70=1,VLOOKUP(A70,[1]怪物!$R$80:$V$99,5,0),VLOOKUP(A70,[1]怪物!$R$80:$V$99,3,0))*10000) -> #N/A | M70: =IF(F70="","",IF(F70=0,10000,K70)) -> #N/A | N70: =IF(F70="","",IF(F70=0,10000,L70)) -> #N/A
A71: =IF(E71="","",B71) -> 15 | B71: 15 | C71: 关卡15 | D71: [{1000 | E71: 1 | F71: 1 | G71: 1501 | H71: 101}] | I71: =_xlfn.TEXTJOIN(",",1,D71:H71) -> [{1000,1,1,1501,101}] | K71: =IF(A71="","",IF(J71=1,VLOOKUP(A71,[1]怪物!$R$80:$V$99,4,0),VLOOKUP(A71,[1]怪物!$R$80:$V$99,2,0))*10000) -> #N/A | L71: =IF(A71="","",IF(K71=1,VLOOKUP(A71,[1]怪物!$R$80:$V$99,5,0),VLOOKUP(A71,[1]怪物!$R$80:$V$99,3,0))*10000) -> #N/A | M71: =IF(F71="","",IF(F71=0,10000,K71)) -> #N/A | N71: =IF(F71="","",IF(F71=0,10000,L71)) -> #N/A
A72: =IF(E72="","",B72) -> 15 | B72: 15 | C72: 关卡15 | D72: [{1000 | E72: 1 | F72: 1 | G72: 1502 | H72: 101}] | I72: =_xlfn.TEXTJOIN(",",1,D72:H72) -> [{1000,1,1,1502,101}] | K72: =IF(A72="","",IF(J72=1,VLOOKUP(A72,[1]怪物!$R$80:$V$99,4,0),VLOOKUP(A72,[1]怪物!$R$80:$V$99,2,0))*10000) -> #N/A | L72: =IF(A72="","",IF(K72=1,VLOOKUP(A72,[1]怪物!$R$80:$V$99,5,0),VLOOKUP(A72,[1]怪物!$R$80:$V$99,3,0))*10000) -> #N/A | M72: =IF(F72="","",IF(F72=0,10000,K72)) -> #N/A | N72: =IF(F72="","",IF(F72=0,10000,L72)) -> #N/A
... A88: =IF(E88="","",B88) -> 20 | B88: 20 | C88: 关卡15 | D88: [{1000 | E88: 1 | F88: 1 | G88: 1503 | H88: 101}] | I88: =_xlfn.TEXTJOIN(",",1,D88:H88) -> [{1000,1,1,1503,101}] | K88: =IF(A88="","",IF(J88=1,VLOOKUP(A88,[1]怪物!$R$80:$V$99,4,0),VLOOKUP(A88,[1]怪物!$R$80:$V$99,2,0))*10000) -> #N/A | L88: =IF(A88="","",IF(K88=1,VLOOKUP(A88,[1]怪物!$R$80:$V$99,5,0),VLOOKUP(A88,[1]怪物!$R$80:$V$99,3,0))*10000) -> #N/A | M88: =IF(F88="","",IF(F88=0,10000,K88)) -> #N/A | N88: =IF(F88="","",IF(F88=0,10000,L88)) -> #N/A
A89: =IF(E89="","",B89) | B89: 20 | C89: 关卡15 | D89: [] | I89: =_xlfn.TEXTJOIN(",",1,D89:H89) -> [] | J89: 2 | K89: =IF(A89="","",IF(J89=1,VLOOKUP(A89,[1]怪物!$R$80:$V$99,4,0),VLOOKUP(A89,[1]怪物!$R$80:$V$99,2,0))*10000) | L89: =IF(A89="","",IF(K89=1,VLOOKUP(A89,[1]怪物!$R$80:$V$99,5,0),VLOOKUP(A89,[1]怪物!$R$80:$V$99,3,0))*10000) | M89: =IF(F89="","",IF(F89=0,10000,K89)) | N89: =IF(F89="","",IF(F89=0,10000,L89))
A90: =IF(E90="","",B90) -> 20 | B90: 20 | C90: 关卡15 | D90: [{1000 | E90: 1 | F90: 0 | G90: 1531 | H90: 41}] | I90: =_xlfn.TEXTJOIN(",",1,D90:H90) -> [{1000,1,0,1531,41}] | K90: =IF(A90="","",IF(J90=1,VLOOKUP(A90,[1]怪物!$R$80:$V$99,4,0),VLOOKUP(A90,[1]怪物!$R$80:$V$99,2,0))*10000) -> #N/A | L90: =IF(A90="","",IF(K90=1,VLOOKUP(A90,[1]怪物!$R$80:$V$99,5,0),VLOOKUP(A90,[1]怪物!$R$80:$V$99,3,0))*10000) -> #N/A | M90: =IF(F90="","",IF(F90=0,10000,K90)) -> 10000 | N90: =IF(F90="","",IF(F90=0,10000,L90)) -> 10000
A91: =IF(E91="","",B91) -> 1 | B91: 1 | C91: 关卡16 | D91: [{1000 | E91: 1 | F91: 1 | G91: 1601 | H91: 101}] | I91: =_xlfn.TEXTJOIN(",",1,D91:H91) -> [{1000,1,1,1601,101}] | K91: =IF(A91="","",IF(J91=1,VLOOKUP(A91,[1]怪物!$R$80:$V$99,4,0),VLOOKUP(A91,[1]怪物!$R$80:$V$99,2,0))*10000) -> 10000 | L91: =IF(A91="","",IF(K91=1,VLOOKUP(A91,[1]怪物!$R$80:$V$99,5,0),VLOOKUP(A91,[1]怪物!$R$80:$V$99,3,0))*10000) -> 10000 | M91: =IF(F91="","",IF(F91=0,10000,K91)) -> 10000 | N91: =IF(F91="","",IF(F91=0,10000,L91)) -> 10000
A92: =IF(E92="","",B92) -> 2 | B92: 2 | C92: 关卡16 | D92: [{1000 | E92: 1 | F92: 1 | G92: 1601 | H92: 101}] | I92: =_xlfn.TEXTJOIN(",",1,D92:H92) -> [{1000,1,1,1601,101}] | K92: =IF(A92="","",IF(J92=1,VLOOKUP(A92,[1]怪物!$R$80:$V$99,4,0),VLOOKUP(A92,[1]怪物!$R$80:$V$99,2,0))*10000) -> 10000 | L92: =IF(A92="","",IF(K92=1,VLOOKUP(A92,[1]怪物!$R$80:$V$99,5,0),VLOOKUP(A92,[1]怪物!$R$80:$V$99,3,0))*10000) -> 10000 | M92: =IF(F92="","",IF(F92=0,10000,K92)) -> 10000 | N92: =IF(F92="","",IF(F92=0,10000,L92)) -> 10000
A93: =IF(E93="","",B93) -> 3 | B93: 3 | C93: 关卡16 | D93: [{1000 | E93: 1 | F93: 1 | G93: 1601 | H93: 101}] | I93: =_xlfn.TEXTJOIN(",",1,D93:H93) -> [{1000,1,1,1601,101}] | K93: =IF(A93="","",IF(J93=1,VLOOKUP(A93,[1]怪物!$R$80:$V$99,4,0),VLOOKUP(A93,[1]怪物!$R$80:$V$99,2,0))*10000) -> 10000 | L93: =IF(A93="","",IF(K93=1,VLOOKUP(A93,[1]怪物!$R$80:$V$99,5,0),VLOOKUP(A93,[1]怪物!$R$80:$V$99,3,0))*10000) -> 10000 | M93: =IF(F93="","",IF(F93=0,10000,K93)) -> 10000 | N93: =IF(F93="","",IF(F93=0,10000,L93)) -> 10000
A94: =IF(E94="","",B94) -> 4 | B94: 4 | C94: 关卡16 | D94: [{1000 | E94: 1 | F94: 1 | G94: 1601 | H94: 101}] | I94: =_xlfn.TEXTJOIN(",",1,D94:H94) -> [{1000,1,1,1601,101}] | K94: =IF(A94="","",IF(J94=1,VLOOKUP(A94,[1]怪物!$R$80:$V$99,4,0),VLOOKUP(A94,[1]怪物!$R$80:$V$99,2,0))*10000) -> 10000 | L94: =IF(A94="","",IF(K94=1,VLOOKUP(A94,[1]怪物!$R$80:$V$99,5,0),VLOOKUP(A94,[1]怪物!$R$80:$V$99,3,0))*10000) -> 10000 | M94: =IF(F94="","",IF(F94=0,10000,K94)) -> 10000 | N94: =IF(F94="","",IF(F94=0,10000,L94)) -> 10000
A95: =IF(E95="","",B95) -> 5 | B95: 5 | C95: 关卡16 | D95: [{1000 | E95: 1 | F95: 1 | G95: 1601 | H95: 101}] | I95: =_xlfn.TEXTJOIN(",",1,D95:H95) -> [{1000,1,1,1601,101}] | K95: =IF(A95="","",IF(J95=1,VLOOKUP(A95,[1]怪物!$R$80:$V$99,4,0),VLOOKUP(A95,[1]怪物!$R$80:$V$99,2,0))*10000) -> 10000 | L95: =IF(A95="","",IF(K95=1,VLOOKUP(A95,[1]怪物!$R$80:$V$99,5,0),VLOOKUP(A95,[1]怪物!$R$80:$V$99,3,0))*10000) -> 10000 | M95: =IF(F95="","",IF(F95=0,10000,K95)) -> 10000 | N95: =IF(F95="","",IF(F95=0,10000,L95)) -> 10000
A96: =IF(E96="","",B96) -> 6 | B96: 6 | C96: 关卡16 | D96: [{1000 | E96: 1 | F96: 1 | G96: 1601 | H96: 101}] | I96: =_xlfn.TEXTJOIN(",",1,D96:H96) -> [{1000,1,1,1601,101}] | K96: =IF(A96="","",IF(J96=1,VLOOKUP(A96,[1]怪物!$R$80:$V$99,4,0),VLOOKUP(A96,[1]怪物!$R$80:$V$99,2,0))*10000) -> 15000 | L96: =IF(A96="","",IF(K96=1,VLOOKUP(A96,[1]怪物!$R$80:$V$99,5,0),VLOOKUP(A96,[1]怪物!$R$80:$V$99,3,0))*10000) -> 15000 | M96: =IF(F96="","",IF(F96=0,10000,K96)) -> 15000 | N96: =IF(F96="","",IF(F96=0,10000,L96)) -> 15000
A97: =IF(E97="","",B97) -> 7 | B97: 7 | C97: 关卡16 | D97: [{1000 | E97: 1 | F97: 1 | G97: 1601 | H97: 101}] | I97: =_xlfn.TEXTJOIN(",",1,D97:H97) -> [{1000,1,1,1601,101}] | K97: =IF(A97="","",IF(J97=1,VLOOKUP(A97,[1]怪物!$R$80:$V$99,4,0),VLOOKUP(A97,[1]怪物!$R$80:$V$99,2,0))*10000) -> 15000 | L97: =IF(A97="","",IF(K97=1,VLOOKUP(A97,[1]怪物!$R$80:$V$99,5,0),VLOOKUP(A97,[1]怪物!$R$80:$V$99,3,0))*10000) -> 15000 | M97: =IF(F97="","",IF(F97=0,10000,K97)) -> 15000 | N97: =IF(F97="","",IF(F97=0,10000,L97)) -> 15000
A98: =IF(E98="","",B98) -> 7 | B98: 7 | C98: 关卡16 | D98: [{1000 | E98: 1 | F98: 1 | G98: 1602 | H98: 101}] | I98: =_xlfn.TEXTJOIN(",",1,D98:H98) -> [{1000,1,1,1602,101}] | K98: =IF(A98="","",IF(J98=1,VLOOKUP(A98,[1]怪物!$R$80:$V$99,4,0),VLOOKUP(A98,[1]怪物!$R$80:$V$99,2,0))*10000) -> 15000 | L98: =IF(A98="","",IF(K98=1,VLOOKUP(A98,[1]怪物!$R$80:$V$99,5,0),VLOOKUP(A98,[1]怪物!$R$80:$V$99,3,0))*10000) -> 15000 | M98: =IF(F98="","",IF(F98=0,10000,K98)) -> 15000 | N98: =IF(F98="","",IF(F98=0,10000,L98)) -> 15000
A99: =IF(E99="","",B99) -> 8 | B99: 8 | C99: 关卡16 | D99: [{1000 | E99: 1 | F99: 1 | G99: 1601 | H99: 101}] | I99: =_xlfn.TEXTJOIN(",",1,D99:H99) -> [{1000,1,1,1601,101}] | K99: =IF(A99="","",IF(J99=1,VLOOKUP(A99,[1]怪物!$R$80:$V$99,4,0),VLOOKUP(A99,[1]怪物!$R$80:$V$99,2,0))*10000) -> 15000 | L99: =IF(A99="","",IF(K99=1,VLOOKUP(A99,[1]怪物!$R$80:$V$99,5,0),VLOOKUP(A99,[1]怪物!$R$80:$V$99,3,0))*10000) -> 15000 | M99: =IF(F99="","",IF(F99=0,10000,K99)) -> 15000 | N99: =IF(F99="","",IF(F99=0,10000,L99)) -> 15000
A100: =IF(E100="","",B100) -> 8 | B100: 8 | C100: 关卡16 | D100: [{1000 | E100: 1 | F100: 1 | G100: 1602 | H100: 101}] | I100: =_xlfn.TEXTJOIN(",",1,D100:H100) -> [{1000,1,1,1602,101}] | K100: =IF(A100="","",IF(J100=1,VLOOKUP(A100,[1]怪物!$R$80:$V$99,4,0),VLOOKUP(A100,[1]怪物!$R$80:$V$99,2,0))*10000) -> 15000 | L100: =IF(A100="","",IF(K100=1,VLOOKUP(A100,[1]怪物!$R$80:$V$99,5,0),VLOOKUP(A100,[1]怪物!$R$80:$V$99,3,0))*10000) -> 15000 | M100: =IF(F100="","",IF(F100=0,10000,K100)) -> 15000 | N100: =IF(F100="","",IF(F100=0,10000,L100)) -> 15000
A101: =IF(E101="","",B101) -> 9 | B101: 9 | C101: 关卡16 | D101: [{1000 | E101: 1 | F101: 1 | G101: 1601 | H101: 101}] | I101: =_xlfn.TEXTJOIN(",",1,D101:H101) -> [{1000,1,1,1601,101}] | K101: =IF(A101="","",IF(J101=1,VLOOKUP(A101,[1]怪物!$R$80:$V$99,4,0),VLOOKUP(A101,[1]怪物!$R$80:$V$99,2,0))*10000) -> #N/A | L101: =IF(A101="","",IF(K101=1,VLOOKUP(A101,[1]怪物!$R$80:$V$99,5,0),VLOOKUP(A101,[1]怪物!$R$80:$V$99,3,0))*10000) -> #N/A | M101: =IF(F101="","",IF(F101=0,10000,K101)) -> #N/A | N101: =IF(F101="","",IF(F101=0,10000,L101)) -> #N/A
... A104: =IF(E104="","",B104) -> 10 | B104: 10 | C104: 关卡16 | D104: [{1000 | E104: 1 | F104: 1 | G104: 1602 | H104: 101}] | I104: =_xlfn.TEXTJOIN(",",1,D104:H104) -> [{1000,1,1,1602,101}] | K104: =IF(A104="","",IF(J104=1,VLOOKUP(A104,[1]怪物!$R$80:$V$99,4,0),VLOOKUP(A104,[1]怪物!$R$80:$V$99,2,0))*10000) -> #N/A | L104: =IF(A104="","",IF(K104=1,VLOOKUP(A104,[1]怪物!$R$80:$V$99,5,0),VLOOKUP(A104,[1]怪物!$R$80:$V$99,3,0))*10000) -> #N/A | M104: =IF(F104="","",IF(F104=0,10000,K104)) -> #N/A | N104: =IF(F104="","",IF(F104=0,10000,L104)) -> #N/A
A105: =IF(E105="","",B105) | B105: 10 | C105: 关卡16 | D105: [] | I105: =_xlfn.TEXTJOIN(",",1,D105:H105) -> [] | J105: 2 | K105: =IF(A105="","",IF(J105=1,VLOOKUP(A105,[1]怪物!$R$80:$V$99,4,0),VLOOKUP(A105,[1]怪物!$R$80:$V$99,2,0))*10000) | L105: =IF(A105="","",IF(K105=1,VLOOKUP(A105,[1]怪物!$R$80:$V$99,5,0),VLOOKUP(A105,[1]怪物!$R$80:$V$99,3,0))*10000) | M105: =IF(F105="","",IF(F105=0,10000,K105)) | N105: =IF(F105="","",IF(F105=0,10000,L105))
A106: =IF(E106="","",B106) -> 10 | B106: 10 | C106: 关卡16 | D106: [{1000 | E106: 1 | F106: 0 | G106: 1621 | H106: 41}] | I106: =_xlfn.TEXTJOIN(",",1,D106:H106) -> [{1000,1,0,1621,41}] | K106: =IF(A106="","",IF(J106=1,VLOOKUP(A106,[1]怪物!$R$80:$V$99,4,0),VLOOKUP(A106,[1]怪物!$R$80:$V$99,2,0))*10000) -> #N/A | L106: =IF(A106="","",IF(K106=1,VLOOKUP(A106,[1]怪物!$R$80:$V$99,5,0),VLOOKUP(A106,[1]怪物!$R$80:$V$99,3,0))*10000) -> #N/A | M106: =IF(F106="","",IF(F106=0,10000,K106)) -> 10000 | N106: =IF(F106="","",IF(F106=0,10000,L106)) -> 10000
A107: =IF(E107="","",B107) -> 11 | B107: 11 | C107: 关卡16 | D107: [{1000 | E107: 1 | F107: 1 | G107: 1601 | H107: 101}] | I107: =_xlfn.TEXTJOIN(",",1,D107:H107) -> [{1000,1,1,1601,101}] | K107: =IF(A107="","",IF(J107=1,VLOOKUP(A107,[1]怪物!$R$80:$V$99,4,0),VLOOKUP(A107,[1]怪物!$R$80:$V$99,2,0))*10000) -> #N/A | L107: =IF(A107="","",IF(K107=1,VLOOKUP(A107,[1]怪物!$R$80:$V$99,5,0),VLOOKUP(A107,[1]怪物!$R$80:$V$99,3,0))*10000) -> #N/A | M107: =IF(F107="","",IF(F107=0,10000,K107)) -> #N/A | N107: =IF(F107="","",IF(F107=0,10000,L107)) -> #N/A
A108: =IF(E108="","",B108) -> 11 | B108: 11 | C108: 关卡16 | D108: [{1000 | E108: 1 | F108: 1 | G108: 1602 | H108: 101}] | I108: =_xlfn.TEXTJOIN(",",1,D108:H108) -> [{1000,1,1,1602,101}] | K108: =IF(A108="","",IF(J108=1,VLOOKUP(A108,[1]怪物!$R$80:$V$99,4,0),VLOOKUP(A108,[1]怪物!$R$80:$V$99,2,0))*10000) -> #N/A | L108: =IF(A108="","",IF(K108=1,VLOOKUP(A108,[1]怪物!$R$80:$V$99,5,0),VLOOKUP(A108,[1]怪物!$R$80:$V$99,3,0))*10000) -> #N/A | M108: =IF(F108="","",IF(F108=0,10000,K108)) -> #N/A | N108: =IF(F108="","",IF(F108=0,10000,L108)) -> #N/A
A109: =IF(E109="","",B109) -> 12 | B109: 12 | C109: 关卡16 | D109: [{1000 | E109: 1 | F109: 1 | G109: 1601 | H109: 101}] | I109: =_xlfn.TEXTJOIN(",",1,D109:H109) -> [{1000,1,1,1601,101}] | K109: =IF(A109="","",IF(J109=1,VLOOKUP(A109,[1]怪物!$R$80:$V$99,4,0),VLOOKUP(A109,[1]怪物!$R$80:$V$99,2,0))*10000) -> #N/A | L109: =IF(A109="","",IF(K109=1,VLOOKUP(A109,[1]怪物!$R$80:$V$99,5,0),VLOOKUP(A109,[1]怪物!$R$80:$V$99,3,0))*10000) -> #N/A | M109: =IF(F109="","",IF(F109=0,10000,K109)) -> #N/A | N109: =IF(F109="","",IF(F109=0,10000,L109)) -> #N/A
A110: =IF(E110="","",B110) -> 12 | B110: 12 | C110: 关卡16 | D110: [{1000 | E110: 1 | F110: 1 | G110: 1602 | H110: 101}] | I110: =_xlfn.TEXTJOIN(",",1,D110:H110) -> [{1000,1,1,1602,101}] | K110: =IF(A110="","",IF(J110=1,VLOOKUP(A110,[1]怪物!$R$80:$V$99,4,0),VLOOKUP(A110,[1]怪物!$R$80:$V$99,2,0))*10000) -> #N/A | L110: =IF(A110="","",IF(K110=1,VLOOKUP(A110,[1]怪物!$R$80:$V$99,5,0),VLOOKUP(A110,[1]怪物!$R$80:$V$99,3,0))*10000) -> #N/A | M110: =IF(F110="","",IF(F110=0,10000,K110)) -> #N/A | N110: =IF(F110="","",IF(F110=0,10000,L110)) -> #N/A
A111: =IF(E111="","",B111) -> 13 | B111: 13 | C111: 关卡16 | D111: [{1000 | E111: 1 | F111: 1 | G111: 1601 | H111: 101}] | I111: =_xlfn.TEXTJOIN(",",1,D111:H111) -> [{1000,1,1,1601,101}] | K111: =IF(A111="","",IF(J111=1,VLOOKUP(A111,[1]怪物!$R$80:$V$99,4,0),VLOOKUP(A111,[1]怪物!$R$80:$V$99,2,0))*10000) -> #N/A | L111: =IF(A111="","",IF(K111=1,VLOOKUP(A111,[1]怪物!$R$80:$V$99,5,0),VLOOKUP(A111,[1]怪物!$R$80:$V$99,3,0))*10000) -> #N/A | M111: =IF(F111="","",IF(F111=0,10000,K111)) -> #N/A | N111: =IF(F111="","",IF(F111=0,10000,L111)) -> #N/A
A112: =IF(E112="","",B112) -> 13 | B112: 13 | C112: 关卡16 | D112: [{1000 | E112: 1 | F112: 1 | G112: 1602 | H112: 101}] | I112: =_xlfn.TEXTJOIN(",",1,D112:H112) -> [{1000,1,1,1602,101}] | K112: =IF(A112="","",IF(J112=1,VLOOKUP(A112,[1]怪物!$R$80:$V$99,4,0),VLOOKUP(A112,[1]怪物!$R$80:$V$99,2,0))*10000) -> #N/A | L112: =IF(A112="","",IF(K112=1,VLOOKUP(A112,[1]怪物!$R$80:$V$99,5,0),VLOOKUP(A112,[1]怪物!$R$80:$V$99,3,0))*10000) -> #N/A | M112: =IF(F112="","",IF(F112=0,10000,K112)) -> #N/A | N112: =IF(F112="","",IF(F112=0,10000,L112)) -> #N/A
A113: =IF(E113="","",B113) -> 14 | B113: 14 | C113: 关卡16 | D113: [{1000 | E113: 1 | F113: 1 | G113: 1601 | H113: 101}] | I113: =_xlfn.TEXTJOIN(",",1,D113:H113) -> [{1000,1,1,1601,101}] | K113: =IF(A113="","",IF(J113=1,VLOOKUP(A113,[1]怪物!$R$80:$V$99,4,0),VLOOKUP(A113,[1]怪物!$R$80:$V$99,2,0))*10000) -> #N/A | L113: =IF(A113="","",IF(K113=1,VLOOKUP(A113,[1]怪物!$R$80:$V$99,5,0),VLOOKUP(A113,[1]怪物!$R$80:$V$99,3,0))*10000) -> #N/A | M113: =IF(F113="","",IF(F113=0,10000,K113)) -> #N/A | N113: =IF(F113="","",IF(F113=0,10000,L113)) -> #N/A
A114: =IF(E114="","",B114) -> 14 | B114: 14 | C114: 关卡16 | D114: [{1000 | E114: 1 | F114: 1 | G114: 1602 | H114: 101}] | I114: =_xlfn.TEXTJOIN(",",1,D114:H114) -> [{1000,1,1,1602,101}] | K114: =IF(A114="","",IF(J114=1,VLOOKUP(A114,[1]怪物!$R$80:$V$99,4,0),VLOOKUP(A114,[1]怪物!$R$80:$V$99,2,0))*10000) -> #N/A | L114: =IF(A114="","",IF(K114=1,VLOOKUP(A114,[1]怪物!$R$80:$V$99,5,0),VLOOKUP(A114,[1]怪物!$R$80:$V$99,3,0))*10000) -> #N/A | M114: =IF(F114="","",IF(F114=0,10000,K114)) -> #N/A | N114: =IF(F114="","",IF(F114=0,10000,L114)) -> #N/A
A115: =IF(E115="","",B115) -> 14 | B115: 14 | C115: 关卡16 | D115: [{1000 | E115: 1 | F115: 1 | G115: 1603 | H115: 401}] | I115: =_xlfn.TEXTJOIN(",",1,D115:H115) -> [{1000,1,1,1603,401}] | J115: 1 | K115: =IF(A115="","",IF(J115=1,VLOOKUP(A115,[1]怪物!$R$80:$V$99,4,0),VLOOKUP(A115,[1]怪物!$R$80:$V$99,2,0))*10000) -> #N/A | L115: =IF(A115="","",IF(K115=1,VLOOKUP(A115,[1]怪物!$R$80:$V$99,5,0),VLOOKUP(A115,[1]怪物!$R$80:$V$99,3,0))*10000) -> #N/A | M115: =IF(F115="","",IF(F115=0,10000,K115)) -> #N/A | N115: =IF(F115="","",IF(F115=0,10000,L115)) -> #N/A
A116: =IF(E116="","",B116) -> 15 | B116: 15 | C116: 关卡16 | D116: [{1000 | E116: 1 | F116: 1 | G116: 1601 | H116: 101}] | I116: =_xlfn.TEXTJOIN(",",1,D116:H116) -> [{1000,1,1,1601,101}] | K116: =IF(A116="","",IF(J116=1,VLOOKUP(A116,[1]怪物!$R$80:$V$99,4,0),VLOOKUP(A116,[1]怪物!$R$80:$V$99,2,0))*10000) -> #N/A | L116: =IF(A116="","",IF(K116=1,VLOOKUP(A116,[1]怪物!$R$80:$V$99,5,0),VLOOKUP(A116,[1]怪物!$R$80:$V$99,3,0))*10000) -> #N/A | M116: =IF(F116="","",IF(F116=0,10000,K116)) -> #N/A | N116: =IF(F116="","",IF(F116=0,10000,L116)) -> #N/A
A117: =IF(E117="","",B117) -> 15 | B117: 15 | C117: 关卡16 | D117: [{1000 | E117: 1 | F117: 1 | G117: 1602 | H117: 101}] | I117: =_xlfn.TEXTJOIN(",",1,D117:H117) -> [{1000,1,1,1602,101}] | K117: =IF(A117="","",IF(J117=1,VLOOKUP(A117,[1]怪物!$R$80:$V$99,4,0),VLOOKUP(A117,[1]怪物!$R$80:$V$99,2,0))*10000) -> #N/A | L117: =IF(A117="","",IF(K117=1,VLOOKUP(A117,[1]怪物!$R$80:$V$99,5,0),VLOOKUP(A117,[1]怪物!$R$80:$V$99,3,0))*10000) -> #N/A | M117: =IF(F117="","",IF(F117=0,10000,K117)) -> #N/A | N117: =IF(F117="","",IF(F117=0,10000,L117)) -> #N/A
A118: =IF(E118="","",B118) -> 15 | B118: 15 | C118: 关卡16 | D118: [{1000 | E118: 1 | F118: 1 | G118: 1603 | H118: 401}] | I118: =_xlfn.TEXTJOIN(",",1,D118:H118) -> [{1000,1,1,1603,401}] | J118: 1 | K118: =IF(A118="","",IF(J118=1,VLOOKUP(A118,[1]怪物!$R$80:$V$99,4,0),VLOOKUP(A118,[1]怪物!$R$80:$V$99,2,0))*10000) -> #N/A | L118: =IF(A118="","",IF(K118=1,VLOOKUP(A118,[1]怪物!$R$80:$V$99,5,0),VLOOKUP(A118,[1]怪物!$R$80:$V$99,3,0))*10000) -> #N/A | M118: =IF(F118="","",IF(F118=0,10000,K118)) -> #N/A | N118: =IF(F118="","",IF(F118=0,10000,L118)) -> #N/A
A119: =IF(E119="","",B119) -> 16 | B119: 16 | C119: 关卡16 | D119: [{1000 | E119: 1 | F119: 1 | G119: 1601 | H119: 101}] | I119: =_xlfn.TEXTJOIN(",",1,D119:H119) -> [{1000,1,1,1601,101}] | K119: =IF(A119="","",IF(J119=1,VLOOKUP(A119,[1]怪物!$R$80:$V$99,4,0),VLOOKUP(A119,[1]怪物!$R$80:$V$99,2,0))*10000) -> #N/A | L119: =IF(A119="","",IF(K119=1,VLOOKUP(A119,[1]怪物!$R$80:$V$99,5,0),VLOOKUP(A119,[1]怪物!$R$80:$V$99,3,0))*10000) -> #N/A | M119: =IF(F119="","",IF(F119=0,10000,K119)) -> #N/A | N119: =IF(F119="","",IF(F119=0,10000,L119)) -> #N/A
...

Sheet Sheet6
B1: 1 | C1: 5201 | D1: =IF(COUNTIF(B1:B1,B1)>1,"",B1) -> 1 | E1: =IF(D1="","",C1) -> 5201 | F1: ="["&_xlfn.TEXTJOIN(",",1,E1:E38)&"]" -> [5201,5202,5203,5204,5205,5206,5207,5209,5211,5213,5217,5219,5221,5223,5225,5227,5229,5231,5233,5235]
B2: 2 | C2: 5202 | D2: =IF(COUNTIF(B1:B2,B2)>1,"",B2) -> 2 | E2: =IF(D2="","",C2) -> 5202
B3: 3 | C3: 5203 | D3: =IF(COUNTIF(B1:B3,B3)>1,"",B3) -> 3 | E3: =IF(D3="","",C3) -> 5203
B4: 4 | C4: 5204 | D4: =IF(COUNTIF(B1:B4,B4)>1,"",B4) -> 4 | E4: =IF(D4="","",C4) -> 5204
B5: 5 | C5: 5205 | D5: =IF(COUNTIF(B1:B5,B5)>1,"",B5) -> 5 | E5: =IF(D5="","",C5) -> 5205
B6: 6 | C6: 5206 | D6: =IF(COUNTIF(B1:B6,B6)>1,"",B6) -> 6 | E6: =IF(D6="","",C6) -> 5206
B7: 7 | C7: 5207 | D7: =IF(COUNTIF(B1:B7,B7)>1,"",B7) -> 7 | E7: =IF(D7="","",C7) -> 5207
B8: 7 | C8: 5208 | D8: =IF(COUNTIF(B1:B8,B8)>1,"",B8) | E8: =IF(D8="","",C8)
B9: 8 | C9: 5209 | D9: =IF(COUNTIF(B1:B9,B9)>1,"",B9) -> 8 | E9: =IF(D9="","",C9) -> 5209
B10: 8 | C10: 5210 | D10: =IF(COUNTIF(B1:B10,B10)>1,"",B10) | E10: =IF(D10="","",C10)
B11: 9 | C11: 5211 | D11: =IF(COUNTIF(B1:B11,B11)>1,"",B11) -> 9 | E11: =IF(D11="","",C11) -> 5211
B12: 9 | C12: 5212 | D12: =IF(COUNTIF(B1:B12,B12)>1,"",B12) | E12: =IF(D12="","",C12)
B13: 10 | C13: 5213 | D13: =IF(COUNTIF(B1:B13,B13)>1,"",B13) -> 10 | E13: =IF(D13="","",C13) -> 5213
B14: 10 | C14: 5214 | D14: =IF(COUNTIF(B1:B14,B14)>1,"",B14) | E14: =IF(D14="","",C14)
B15: 10 | C15: 5215 | D15: =IF(COUNTIF(B1:B15,B15)>1,"",B15) | E15: =IF(D15="","",C15)
B16: 10 | C16: 5216 | D16: =IF(COUNTIF(B1:B16,B16)>1,"",B16) | E16: =IF(D16="","",C16)
B17: 11 | C17: 5217 | D17: =IF(COUNTIF(B1:B17,B17)>1,"",B17) -> 11 | E17: =IF(D17="","",C17) -> 5217
B18: 11 | C18: 5218 | D18: =IF(COUNTIF(B1:B18,B18)>1,"",B18) | E18: =IF(D18="","",C18)
B19: 12 | C19: 5219 | D19: =IF(COUNTIF(B1:B19,B19)>1,"",B19) -> 12 | E19: =IF(D19="","",C19) -> 5219
B20: 12 | C20: 5220 | D20: =IF(COUNTIF(B1:B20,B20)>1,"",B20) | E20: =IF(D20="","",C20)
B21: 13 | C21: 5221 | D21: =IF(COUNTIF(B1:B21,B21)>1,"",B21) -> 13 | E21: =IF(D21="","",C21) -> 5221
B22: 13 | C22: 5222 | D22: =IF(COUNTIF(B1:B22,B22)>1,"",B22) | E22: =IF(D22="","",C22)
B23: 14 | C23: 5223 | D23: =IF(COUNTIF(B1:B23,B23)>1,"",B23) -> 14 | E23: =IF(D23="","",C23) -> 5223
B24: 14 | C24: 5224 | D24: =IF(COUNTIF(B1:B24,B24)>1,"",B24) | E24: =IF(D24="","",C24)
B25: 15 | C25: 5225 | D25: =IF(COUNTIF(B1:B25,B25)>1,"",B25) -> 15 | E25: =IF(D25="","",C25) -> 5225
B26: 15 | C26: 5226 | D26: =IF(COUNTIF(B1:B26,B26)>1,"",B26) | E26: =IF(D26="","",C26)
B27: 16 | C27: 5227 | D27: =IF(COUNTIF(B1:B27,B27)>1,"",B27) -> 16 | E27: =IF(D27="","",C27) -> 5227
B28: 16 | C28: 5228 | D28: =IF(COUNTIF(B1:B28,B28)>1,"",B28) | E28: =IF(D28="","",C28)
B29: 17 | C29: 5229 | D29: =IF(COUNTIF(B1:B29,B29)>1,"",B29) -> 17 | E29: =IF(D29="","",C29) -> 5229
B30: 17 | C30: 5230 | D30: =IF(COUNTIF(B1:B30,B30)>1,"",B30) | E30: =IF(D30="","",C30)
B31: 18 | C31: 5231 | D31: =IF(COUNTIF(B1:B31,B31)>1,"",B31) -> 18 | E31: =IF(D31="","",C31) -> 5231
B32: 18 | C32: 5232 | D32: =IF(COUNTIF(B1:B32,B32)>1,"",B32) | E32: =IF(D32="","",C32)
B33: 19 | C33: 5233 | D33: =IF(COUNTIF(B1:B33,B33)>1,"",B33) -> 19 | E33: =IF(D33="","",C33) -> 5233
B34: 19 | C34: 5234 | D34: =IF(COUNTIF(B1:B34,B34)>1,"",B34) | E34: =IF(D34="","",C34)
B35: 20 | C35: 5235 | D35: =IF(COUNTIF(B1:B35,B35)>1,"",B35) -> 20 | E35: =IF(D35="","",C35) -> 5235
B36: 20 | C36: 5236 | D36: =IF(COUNTIF(B1:B36,B36)>1,"",B36) | E36: =IF(D36="","",C36)
B37: 20 | C37: 5237 | D37: =IF(COUNTIF(B1:B37,B37)>1,"",B37) | E37: =IF(D37="","",C37)
B38: 20 | C38: 5238 | D38: =IF(COUNTIF(B1:B38,B38)>1,"",B38) | E38: =IF(D38="","",C38)
F39: 1 | G39: 5401 | H39: =IF(COUNTIF(F39:F39,F39)>1,"",F39) -> 1 | I39: =IF(H39="","",G39) -> 5401 | J39: ="["&_xlfn.TEXTJOIN(",",1,I39:I80)&"]" -> [5401,5402,5403,5404,5405,5406,5407,5409,5411,5413,5417,5419,5421,5423,5426,5429,5432,5435,5438,5441]
F40: 2 | G40: 5402 | H40: =IF(COUNTIF(F39:F40,F40)>1,"",F40) -> 2 | I40: =IF(H40="","",G40) -> 5402
F41: 3 | G41: 5403 | H41: =IF(COUNTIF(F39:F41,F41)>1,"",F41) -> 3 | I41: =IF(H41="","",G41) -> 5403
F42: 4 | G42: 5404 | H42: =IF(COUNTIF(F39:F42,F42)>1,"",F42) -> 4 | I42: =IF(H42="","",G42) -> 5404
F43: 5 | G43: 5405 | H43: =IF(COUNTIF(F39:F43,F43)>1,"",F43) -> 5 | I43: =IF(H43="","",G43) -> 5405
F44: 6 | G44: 5406 | H44: =IF(COUNTIF(F39:F44,F44)>1,"",F44) -> 6 | I44: =IF(H44="","",G44) -> 5406
F45: 7 | G45: 5407 | H45: =IF(COUNTIF(F39:F45,F45)>1,"",F45) -> 7 | I45: =IF(H45="","",G45) -> 5407
F46: 7 | G46: 5408 | H46: =IF(COUNTIF(F39:F46,F46)>1,"",F46) | I46: =IF(H46="","",G46)
F47: 8 | G47: 5409 | H47: =IF(COUNTIF(F39:F47,F47)>1,"",F47) -> 8 | I47: =IF(H47="","",G47) -> 5409
F48: 8 | G48: 5410 | H48: =IF(COUNTIF(F39:F48,F48)>1,"",F48) | I48: =IF(H48="","",G48)
F49: 9 | G49: 5411 | H49: =IF(COUNTIF(F39:F49,F49)>1,"",F49) -> 9 | I49: =IF(H49="","",G49) -> 5411
F50: 9 | G50: 5412 | H50: =IF(COUNTIF(F39:F50,F50)>1,"",F50) | I50: =IF(H50="","",G50)
F51: 10 | G51: 5413 | H51: =IF(COUNTIF(F39:F51,F51)>1,"",F51) -> 10 | I51: =IF(H51="","",G51) -> 5413
F52: 10 | G52: 5414 | H52: =IF(COUNTIF(F39:F52,F52)>1,"",F52) | I52: =IF(H52="","",G52)
F53: 10 | G53: 5415 | H53: =IF(COUNTIF(F39:F53,F53)>1,"",F53) | I53: =IF(H53="","",G53)
F54: 10 | G54: 5416 | H54: =IF(COUNTIF(F39:F54,F54)>1,"",F54) | I54: =IF(H54="","",G54)
F55: 11 | G55: 5417 | H55: =IF(COUNTIF(F39:F55,F55)>1,"",F55) -> 11 | I55: =IF(H55="","",G55) -> 5417
F56: 11 | G56: 5418 | H56: =IF(COUNTIF(F39:F56,F56)>1,"",F56) | I56: =IF(H56="","",G56)
F57: 12 | G57: 5419 | H57: =IF(COUNTIF(F39:F57,F57)>1,"",F57) -> 12 | I57: =IF(H57="","",G57) -> 5419
F58: 12 | G58: 5420 | H58: =IF(COUNTIF(F39:F58,F58)>1,"",F58) | I58: =IF(H58="","",G58)
F59: 13 | G59: 5421 | H59: =IF(COUNTIF(F39:F59,F59)>1,"",F59) -> 13 | I59: =IF(H59="","",G59) -> 5421
F60: 13 | G60: 5422 | H60: =IF(COUNTIF(F39:F60,F60)>1,"",F60) | I60: =IF(H60="","",G60)
F61: 14 | G61: 5423 | H61: =IF(COUNTIF(F39:F61,F61)>1,"",F61) -> 14 | I61: =IF(H61="","",G61) -> 5423
F62: 14 | G62: 5424 | H62: =IF(COUNTIF(F39:F62,F62)>1,"",F62) | I62: =IF(H62="","",G62)
F63: 14 | G63: 5425 | H63: =IF(COUNTIF(F39:F63,F63)>1,"",F63) | I63: =IF(H63="","",G63)
F64: 15 | G64: 5426 | H64: =IF(COUNTIF(F39:F64,F64)>1,"",F64) -> 15 | I64: =IF(H64="","",G64) -> 5426
F65: 15 | G65: 5427 | H65: =IF(COUNTIF(F39:F65,F65)>1,"",F65) | I65: =IF(H65="","",G65)
F66: 15 | G66: 5428 | H66: =IF(COUNTIF(F39:F66,F66)>1,"",F66) | I66: =IF(H66="","",G66)
F67: 16 | G67: 5429 | H67: =IF(COUNTIF(F39:F67,F67)>1,"",F67) -> 16 | I67: =IF(H67="","",G67) -> 5429
F68: 16 | G68: 5430 | H68: =IF(COUNTIF(F39:F68,F68)>1,"",F68) | I68: =IF(H68="","",G68)
F69: 16 | G69: 5431 | H69: =IF(COUNTIF(F39:F69,F69)>1,"",F69) | I69: =IF(H69="","",G69)
F70: 17 | G70: 5432 | H70: =IF(COUNTIF(F39:F70,F70)>1,"",F70) -> 17 | I70: =IF(H70="","",G70) -> 5432
F71: 17 | G71: 5433 | H71: =IF(COUNTIF(F39:F71,F71)>1,"",F71) | I71: =IF(H71="","",G71)
F72: 17 | G72: 5434 | H72: =IF(COUNTIF(F39:F72,F72)>1,"",F72) | I72: =IF(H72="","",G72)
F73: 18 | G73: 5435 | H73: =IF(COUNTIF(F39:F73,F73)>1,"",F73) -> 18 | I73: =IF(H73="","",G73) -> 5435
F74: 18 | G74: 5436 | H74: =IF(COUNTIF(F39:F74,F74)>1,"",F74) | I74: =IF(H74="","",G74)
F75: 18 | G75: 5437 | H75: =IF(COUNTIF(F39:F75,F75)>1,"",F75) | I75: =IF(H75="","",G75)
F76: 19 | G76: 5438 | H76: =IF(COUNTIF(F39:F76,F76)>1,"",F76) -> 19 | I76: =IF(H76="","",G76) -> 5438
F77: 19 | G77: 5439 | H77: =IF(COUNTIF(F39:F77,F77)>1,"",F77) | I77: =IF(H77="","",G77)
F78: 19 | G78: 5440 | H78: =IF(COUNTIF(F39:F78,F78)>1,"",F78) | I78: =IF(H78="","",G78)
F79: 20 | G79: 5441 | H79: =IF(COUNTIF(F39:F79,F79)>1,"",F79) -> 20 | I79: =IF(H79="","",G79) -> 5441
F80: 20 | G80: 5442 | H80: =IF(COUNTIF(F39:F80,F80)>1,"",F80) | I80: =IF(H80="","",G80)
F81: 20 | G81: 5443 | H81: =IF(COUNTIF(F39:F81,F81)>1,"",F81) | I81: =IF(H81="","",G81)
F82: 20 | G82: 5444 | H82: =IF(COUNTIF(F39:F82,F82)>1,"",F82) | I82: =IF(H82="","",G82)
F83: 20 | G83: 5445 | H83: =IF(COUNTIF(F39:F83,F83)>1,"",F83) | I83: =IF(H83="","",G83)

Sheet Sheet4
G1: 时间 | H1: 数量 | I1: 重复出现 | J1: 怪物id | K1: 怪物id | L1: 出现方式 | M1: 时间 | N1: 数量 | O1: 重复出现 | P1: 怪物id | Q1: 出现方式 | R1: 出现方式 | S1: 时间 | T1: 数量 | U1: 重复出现 | V1: 怪物id | W1: 出现方式 | X1: 出现方式 | Y1: 时间 | Z1: 数量 | AA1: 重复出现 | AB1: 怪物id | AC1: 出现方式 | AD1: 出现方式 | AE1: 时间 | AF1: 数量 | AG1: 重复出现 | AH1: 怪物id | AI1: 出现方式 | AJ1: 出现方式 | AK1: 时间 | AL1: 数量 | AM1: 重复出现 | AN1: 怪物id | AO1: 出现方式 | AQ1: { | AR1: }
B2: 1011 | C2: 关卡1 | D2: =RIGHT(C2,1) -> 1 | F2: 1 | G2: 5000 | H2: 1 | I2: 1 | J2: 1 | K2: 1 | L2: 101 | M2: 5000 | N2: =H2 -> 1 | O2: 1 | P2: 1 | Q2: 55 | R2: 102 | S2: 5000 | T2: =N2 -> 1 | U2: 1 | V2: 1 | W2: 60 | X2: 103 | Y2: 5000 | Z2: =T2 -> 1 | AA2: 1 | AB2: 1 | AC2: 71 | AD2: 113 | AE2: 5000 | AF2: =Z2 -> 1 | AG2: 1 | AH2: 1 | AI2: 76 | AJ2: 111 | AP2: =IF(G2="","",$AQ$1&_xlfn.TEXTJOIN(",",1,G2:I2,K2,L2)&$AR$1) -> {5000,1,1,1,101} | AQ2: =IF(G2="","",$AQ$1&_xlfn.TEXTJOIN(",",1,M2:P2,R2)&$AR$1) -> {5000,1,1,1,102} | AR2: =IF(G2="","",$AQ$1&_xlfn.TEXTJOIN(",",1,S2:V2,X2)&$AR$1) -> {5000,1,1,1,103} | AS2: =IF(G2="","",$AQ$1&_xlfn.TEXTJOIN(",",1,Y2:AB2,AD2)&$AR$1) -> {5000,1,1,1,113} | AT2: =IF(G2="","",$AQ$1&_xlfn.TEXTJOIN(",",1,AE2:AH2,AJ2)&$AR$1) -> {5000,1,1,1,111} | AU2: =IF(AK2="","",IF(G2="","",$AQ$1&_xlfn.TEXTJOIN(",",1,AK2:AO2)&$AR$1)) | AV2: 1011 | AW2: =IF(AU2="","["&_xlfn.TEXTJOIN(",",1,AP2:AT2)&"]","["&_xlfn.TEXTJOIN(",",1,AP2:AU2)&"]") -> [{5000,1,1,1,101},{5000,1,1,1,102},{5000,1,1,1,103},{5000,1,1,1,113},{5000,1,1,1,111}]
B3: 1012 | C3: 关卡1 | D3: =RIGHT(C3,1) -> 1 | F3: 16 | G3: 5000 | H3: 1 | I3: 1 | J3: 1 | K3: 1 | L3: 101 | M3: 5000 | N3: =H3 -> 1 | O3: 1 | P3: 1 | Q3: 55 | R3: 103 | S3: 5000 | T3: =N3 -> 1 | U3: 1 | V3: 1 | W3: 75 | X3: 111 | Y3: 5000 | Z3: =T3 -> 1 | AA3: 1 | AB3: 1 | AC3: 73 | AD3: 112 | AE3: 5000 | AF3: =Z3 -> 1 | AG3: 1 | AH3: 1 | AI3: 78 | AJ3: 113 | AP3: =IF(G3="","",$AQ$1&_xlfn.TEXTJOIN(",",1,G3:I3,K3,L3)&$AR$1) -> {5000,1,1,1,101} | AQ3: =IF(G3="","",$AQ$1&_xlfn.TEXTJOIN(",",1,M3:P3,R3)&$AR$1) -> {5000,1,1,1,103} | AR3: =IF(G3="","",$AQ$1&_xlfn.TEXTJOIN(",",1,S3:V3,X3)&$AR$1) -> {5000,1,1,1,111} | AS3: =IF(G3="","",$AQ$1&_xlfn.TEXTJOIN(",",1,Y3:AB3,AD3)&$AR$1) -> {5000,1,1,1,112} | AT3: =IF(G3="","",$AQ$1&_xlfn.TEXTJOIN(",",1,AE3:AH3,AJ3)&$AR$1) -> {5000,1,1,1,113} | AU3: =IF(AK3="","",IF(G3="","",$AQ$1&_xlfn.TEXTJOIN(",",1,AK3:AO3)&$AR$1)) | AV3: 1012 | AW3: =IF(AU3="","["&_xlfn.TEXTJOIN(",",1,AP3:AT3)&"]","["&_xlfn.TEXTJOIN(",",1,AP3:AU3)&"]") -> [{5000,1,1,1,101},{5000,1,1,1,103},{5000,1,1,1,111},{5000,1,1,1,112},{5000,1,1,1,113}]
B4: 1013 | C4: 关卡1 | D4: =RIGHT(C4,1) -> 1 | F4: 31 | G4: 5000 | H4: 2 | I4: 1 | J4: 1 | K4: 1 | L4: =L2 -> 101 | M4: 5000 | N4: =H4 -> 2 | O4: 1 | P4: 1 | Q4: 55 | R4: =R2 -> 102 | S4: 5000 | T4: =N4 -> 2 | U4: 1 | V4: 1 | W4: 58 | X4: =X2 -> 103 | Y4: 5000 | Z4: =T4 -> 2 | AA4: 1 | AB4: 1 | AC4: 76 | AD4: =AD2 -> 113 | AE4: 5000 | AF4: =Z4 -> 2 | AG4: 1 | AH4: 1 | AI4: 79 | AJ4: =AJ2 -> 111 | AP4: =IF(G4="","",$AQ$1&_xlfn.TEXTJOIN(",",1,G4:I4,K4,L4)&$AR$1) -> {5000,2,1,1,101} | AQ4: =IF(G4="","",$AQ$1&_xlfn.TEXTJOIN(",",1,M4:P4,R4)&$AR$1) -> {5000,2,1,1,102} | AR4: =IF(G4="","",$AQ$1&_xlfn.TEXTJOIN(",",1,S4:V4,X4)&$AR$1) -> {5000,2,1,1,103} | AS4: =IF(G4="","",$AQ$1&_xlfn.TEXTJOIN(",",1,Y4:AB4,AD4)&$AR$1) -> {5000,2,1,1,113} | AT4: =IF(G4="","",$AQ$1&_xlfn.TEXTJOIN(",",1,AE4:AH4,AJ4)&$AR$1) -> {5000,2,1,1,111} | AU4: =IF(AK4="","",IF(G4="","",$AQ$1&_xlfn.TEXTJOIN(",",1,AK4:AO4)&$AR$1)) | AV4: 1013 | AW4: =IF(AU4="","["&_xlfn.TEXTJOIN(",",1,AP4:AT4)&"]","["&_xlfn.TEXTJOIN(",",1,AP4:AU4)&"]") -> [{5000,2,1,1,101},{5000,2,1,1,102},{5000,2,1,1,103},{5000,2,1,1,113},{5000,2,1,1,111}]
B5: 1014 | C5: 关卡1 | D5: =RIGHT(C5,1) -> 1 | F5: 46 | G5: 5000 | H5: 2 | I5: 1 | J5: 1 | K5: 1 | L5: =L3 -> 101 | M5: 5000 | N5: =H5 -> 2 | O5: 1 | P5: 1 | Q5: 55 | R5: =R3 -> 103 | S5: 5000 | T5: =N5 -> 2 | U5: 1 | V5: 2 | W5: 76 | X5: =X3 -> 111 | Y5: 5000 | Z5: =T5 -> 2 | AA5: 1 | AB5: 1 | AC5: 71 | AD5: =AD3 -> 112 | AE5: 5000 | AF5: =Z5 -> 2 | AG5: 1 | AH5: 1 | AI5: 71 | AJ5: =AJ3 -> 113 | AP5: =IF(G5="","",$AQ$1&_xlfn.TEXTJOIN(",",1,G5:I5,K5,L5)&$AR$1) -> {5000,2,1,1,101} | AQ5: =IF(G5="","",$AQ$1&_xlfn.TEXTJOIN(",",1,M5:P5,R5)&$AR$1) -> {5000,2,1,1,103} | AR5: =IF(G5="","",$AQ$1&_xlfn.TEXTJOIN(",",1,S5:V5,X5)&$AR$1) -> {5000,2,1,2,111} | AS5: =IF(G5="","",$AQ$1&_xlfn.TEXTJOIN(",",1,Y5:AB5,AD5)&$AR$1) -> {5000,2,1,1,112} | AT5: =IF(G5="","",$AQ$1&_xlfn.TEXTJOIN(",",1,AE5:AH5,AJ5)&$AR$1) -> {5000,2,1,1,113} | AU5: =IF(AK5="","",IF(G5="","",$AQ$1&_xlfn.TEXTJOIN(",",1,AK5:AO5)&$AR$1)) | AV5: 1014 | AW5: =IF(AU5="","["&_xlfn.TEXTJOIN(",",1,AP5:AT5)&"]","["&_xlfn.TEXTJOIN(",",1,AP5:AU5)&"]") -> [{5000,2,1,1,101},{5000,2,1,1,103},{5000,2,1,2,111},{5000,2,1,1,112},{5000,2,1,1,113}]
B6: 1015 | C6: 关卡1 | D6: =RIGHT(C6,1) -> 1 | F6: 61 | G6: 5000 | H6: 2 | I6: 1 | J6: 3 | K6: 3 | L6: =L4 -> 101 | M6: 5000 | N6: =H6 -> 2 | O6: 1 | P6: 3 | Q6: 56 | R6: =R4 -> 102 | S6: 5000 | T6: =N6 -> 2 | U6: 1 | V6: 3 | W6: 57 | X6: =X4 -> 103 | Y6: 5000 | Z6: =T6 -> 2 | AA6: 1 | AB6: 3 | AC6: 72 | AD6: =AD4 -> 113 | AE6: 5000 | AF6: =Z6 -> 2 | AG6: 1 | AH6: 3 | AI6: 71 | AJ6: =AJ4 -> 111 | AP6: =IF(G6="","",$AQ$1&_xlfn.TEXTJOIN(",",1,G6:I6,K6,L6)&$AR$1) -> {5000,2,1,3,101} | AQ6: =IF(G6="","",$AQ$1&_xlfn.TEXTJOIN(",",1,M6:P6,R6)&$AR$1) -> {5000,2,1,3,102} | AR6: =IF(G6="","",$AQ$1&_xlfn.TEXTJOIN(",",1,S6:V6,X6)&$AR$1) -> {5000,2,1,3,103} | AS6: =IF(G6="","",$AQ$1&_xlfn.TEXTJOIN(",",1,Y6:AB6,AD6)&$AR$1) -> {5000,2,1,3,113} | AT6: =IF(G6="","",$AQ$1&_xlfn.TEXTJOIN(",",1,AE6:AH6,AJ6)&$AR$1) -> {5000,2,1,3,111} | AU6: =IF(AK6="","",IF(G6="","",$AQ$1&_xlfn.TEXTJOIN(",",1,AK6:AO6)&$AR$1)) | AV6: 1015 | AW6: =IF(AU6="","["&_xlfn.TEXTJOIN(",",1,AP6:AT6)&"]","["&_xlfn.TEXTJOIN(",",1,AP6:AU6)&"]") -> [{5000,2,1,3,101},{5000,2,1,3,102},{5000,2,1,3,103},{5000,2,1,3,113},{5000,2,1,3,111}]
B7: 1016 | C7: 关卡1 | D7: =RIGHT(C7,1) -> 1 | F7: 76 | G7: 5000 | H7: 2 | I7: 1 | J7: 1 | K7: 1 | L7: =L5 -> 101 | M7: 5000 | N7: =H7 -> 2 | O7: 1 | P7: 1 | Q7: 59 | R7: =R5 -> 103 | S7: 5000 | T7: =N7 -> 2 | U7: 1 | V7: 2 | W7: 71 | X7: =X5 -> 111 | Y7: 5000 | Z7: =T7 -> 2 | AA7: 1 | AB7: 1 | AC7: 71 | AD7: =AD5 -> 112 | AE7: 5000 | AF7: =Z7 -> 2 | AG7: 1 | AH7: 1 | AI7: 79 | AJ7: =AJ5 -> 113 | AP7: =IF(G7="","",$AQ$1&_xlfn.TEXTJOIN(",",1,G7:I7,K7,L7)&$AR$1) -> {5000,2,1,1,101} | AQ7: =IF(G7="","",$AQ$1&_xlfn.TEXTJOIN(",",1,M7:P7,R7)&$AR$1) -> {5000,2,1,1,103} | AR7: =IF(G7="","",$AQ$1&_xlfn.TEXTJOIN(",",1,S7:V7,X7)&$AR$1) -> {5000,2,1,2,111} | AS7: =IF(G7="","",$AQ$1&_xlfn.TEXTJOIN(",",1,Y7:AB7,AD7)&$AR$1) -> {5000,2,1,1,112} | AT7: =IF(G7="","",$AQ$1&_xlfn.TEXTJOIN(",",1,AE7:AH7,AJ7)&$AR$1) -> {5000,2,1,1,113} | AU7: =IF(AK7="","",IF(G7="","",$AQ$1&_xlfn.TEXTJOIN(",",1,AK7:AO7)&$AR$1)) | AV7: 1016 | AW7: =IF(AU7="","["&_xlfn.TEXTJOIN(",",1,AP7:AT7)&"]","["&_xlfn.TEXTJOIN(",",1,AP7:AU7)&"]") -> [{5000,2,1,1,101},{5000,2,1,1,103},{5000,2,1,2,111},{5000,2,1,1,112},{5000,2,1,1,113}]
B8: 1017 | C8: 关卡1 | D8: =RIGHT(C8,1) -> 1 | F8: 91 | G8: 5000 | H8: 2 | I8: 1 | J8: 1 | K8: 1 | L8: =L6 -> 101 | M8: 5000 | N8: =H8 -> 2 | O8: 1 | P8: 1 | Q8: 54 | R8: =R6 -> 102 | S8: 5000 | T8: =N8 -> 2 | U8: 1 | V8: 2 | W8: 51 | X8: =X6 -> 103 | Y8: 5000 | Z8: =T8 -> 2 | AA8: 1 | AB8: 1 | AC8: 71 | AD8: =AD6 -> 113 | AE8: 5000 | AF8: =Z8 -> 2 | AG8: 1 | AH8: 2 | AI8: 77 | AJ8: =AJ6 -> 111 | AP8: =IF(G8="","",$AQ$1&_xlfn.TEXTJOIN(",",1,G8:I8,K8,L8)&$AR$1) -> {5000,2,1,1,101} | AQ8: =IF(G8="","",$AQ$1&_xlfn.TEXTJOIN(",",1,M8:P8,R8)&$AR$1) -> {5000,2,1,1,102} | AR8: =IF(G8="","",$AQ$1&_xlfn.TEXTJOIN(",",1,S8:V8,X8)&$AR$1) -> {5000,2,1,2,103} | AS8: =IF(G8="","",$AQ$1&_xlfn.TEXTJOIN(",",1,Y8:AB8,AD8)&$AR$1) -> {5000,2,1,1,113} | AT8: =IF(G8="","",$AQ$1&_xlfn.TEXTJOIN(",",1,AE8:AH8,AJ8)&$AR$1) -> {5000,2,1,2,111} | AU8: =IF(AK8="","",IF(G8="","",$AQ$1&_xlfn.TEXTJOIN(",",1,AK8:AO8)&$AR$1)) | AV8: 1017 | AW8: =IF(AU8="","["&_xlfn.TEXTJOIN(",",1,AP8:AT8)&"]","["&_xlfn.TEXTJOIN(",",1,AP8:AU8)&"]") -> [{5000,2,1,1,101},{5000,2,1,1,102},{5000,2,1,2,103},{5000,2,1,1,113},{5000,2,1,2,111}]
B9: 1018 | C9: 关卡1 | D9: =RIGHT(C9,1) -> 1 | F9: 106 | G9: 5000 | H9: 2 | I9: 1 | J9: 1 | K9: 1 | L9: =L7 -> 101 | M9: 5000 | N9: =H9 -> 2 | O9: 1 | P9: 1 | Q9: 55 | R9: =R7 -> 103 | S9: 5000 | T9: =N9 -> 2 | U9: 1 | V9: 2 | W9: 73 | X9: =X7 -> 111 | Y9: 5000 | Z9: =T9 -> 2 | AA9: 1 | AB9: 1 | AC9: 78 | AD9: =AD7 -> 112 | AE9: 5000 | AF9: =Z9 -> 2 | AG9: 1 | AH9: 2 | AI9: 71 | AJ9: =AJ7 -> 113 | AP9: =IF(G9="","",$AQ$1&_xlfn.TEXTJOIN(",",1,G9:I9,K9,L9)&$AR$1) -> {5000,2,1,1,101} | AQ9: =IF(G9="","",$AQ$1&_xlfn.TEXTJOIN(",",1,M9:P9,R9)&$AR$1) -> {5000,2,1,1,103} | AR9: =IF(G9="","",$AQ$1&_xlfn.TEXTJOIN(",",1,S9:V9,X9)&$AR$1) -> {5000,2,1,2,111} | AS9: =IF(G9="","",$AQ$1&_xlfn.TEXTJOIN(",",1,Y9:AB9,AD9)&$AR$1) -> {5000,2,1,1,112} | AT9: =IF(G9="","",$AQ$1&_xlfn.TEXTJOIN(",",1,AE9:AH9,AJ9)&$AR$1) -> {5000,2,1,2,113} | AU9: =IF(AK9="","",IF(G9="","",$AQ$1&_xlfn.TEXTJOIN(",",1,AK9:AO9)&$AR$1)) | AV9: 1018 | AW9: =IF(AU9="","["&_xlfn.TEXTJOIN(",",1,AP9:AT9)&"]","["&_xlfn.TEXTJOIN(",",1,AP9:AU9)&"]") -> [{5000,2,1,1,101},{5000,2,1,1,103},{5000,2,1,2,111},{5000,2,1,1,112},{5000,2,1,2,113}]
B10: 1019 | C10: 关卡1 | D10: =RIGHT(C10,1) -> 1 | F10: 121 | G10: 5000 | H10: 3 | I10: 1 | J10: 3 | K10: 3 | L10: =L8 -> 101 | M10: 5000 | N10: =H10 -> 3 | O10: 1 | P10: 3 | Q10: 54 | R10: =R8 -> 102 | S10: 5000 | T10: =N10 -> 3 | U10: 1 | V10: 3 | W10: 51 | X10: =X8 -> 103 | Y10: 5000 | Z10: =T10 -> 3 | AA10: 1 | AB10: 3 | AC10: 71 | AD10: =AD8 -> 113 | AE10: 5000 | AF10: =Z10 -> 3 | AG10: 1 | AH10: 3 | AI10: 79 | AJ10: =AJ8 -> 111 | AP10: =IF(G10="","",$AQ$1&_xlfn.TEXTJOIN(",",1,G10:I10,K10,L10)&$AR$1) -> {5000,3,1,3,101} | AQ10: =IF(G10="","",$AQ$1&_xlfn.TEXTJOIN(",",1,M10:P10,R10)&$AR$1) -> {5000,3,1,3,102} | AR10: =IF(G10="","",$AQ$1&_xlfn.TEXTJOIN(",",1,S10:V10,X10)&$AR$1) -> {5000,3,1,3,103} | AS10: =IF(G10="","",$AQ$1&_xlfn.TEXTJOIN(",",1,Y10:AB10,AD10)&$AR$1) -> {5000,3,1,3,113} | AT10: =IF(G10="","",$AQ$1&_xlfn.TEXTJOIN(",",1,AE10:AH10,AJ10)&$AR$1) -> {5000,3,1,3,111} | AU10: =IF(AK10="","",IF(G10="","",$AQ$1&_xlfn.TEXTJOIN(",",1,AK10:AO10)&$AR$1)) | AV10: 1019 | AW10: =IF(AU10="","["&_xlfn.TEXTJOIN(",",1,AP10:AT10)&"]","["&_xlfn.TEXTJOIN(",",1,AP10:AU10)&"]") -> [{5000,3,1,3,101},{5000,3,1,3,102},{5000,3,1,3,103},{5000,3,1,3,113},{5000,3,1,3,111}]
B11: 1020 | C11: 关卡1 | D11: =RIGHT(C11,1) -> 1 | F11: 136 | G11: 5000 | H11: 3 | I11: 1 | J11: 1 | K11: 1 | L11: =L9 -> 101 | M11: 5000 | N11: =H11 -> 3 | O11: 1 | P11: 1 | Q11: 54 | R11: =R9 -> 103 | S11: 5000 | T11: =N11 -> 3 | U11: 1 | V11: 2 | W11: 76 | X11: =X9 -> 111 | Y11: 5000 | Z11: =T11 -> 3 | AA11: 1 | AB11: 1 | AC11: 72 | AD11: =AD9 -> 112 | AE11: 5000 | AF11: =Z11 -> 3 | AG11: 1 | AH11: 2 | AI11: 74 | AJ11: =AJ9 -> 113 | AP11: =IF(G11="","",$AQ$1&_xlfn.TEXTJOIN(",",1,G11:I11,K11,L11)&$AR$1) -> {5000,3,1,1,101} | AQ11: =IF(G11="","",$AQ$1&_xlfn.TEXTJOIN(",",1,M11:P11,R11)&$AR$1) -> {5000,3,1,1,103} | AR11: =IF(G11="","",$AQ$1&_xlfn.TEXTJOIN(",",1,S11:V11,X11)&$AR$1) -> {5000,3,1,2,111} | AS11: =IF(G11="","",$AQ$1&_xlfn.TEXTJOIN(",",1,Y11:AB11,AD11)&$AR$1) -> {5000,3,1,1,112} | AT11: =IF(G11="","",$AQ$1&_xlfn.TEXTJOIN(",",1,AE11:AH11,AJ11)&$AR$1) -> {5000,3,1,2,113} | AU11: =IF(AK11="","",IF(G11="","",$AQ$1&_xlfn.TEXTJOIN(",",1,AK11:AO11)&$AR$1)) | AV11: 1020 | AW11: =IF(AU11="","["&_xlfn.TEXTJOIN(",",1,AP11:AT11)&"]","["&_xlfn.TEXTJOIN(",",1,AP11:AU11)&"]") -> [{5000,3,1,1,101},{5000,3,1,1,103},{5000,3,1,2,111},{5000,3,1,1,112},{5000,3,1,2,113}]
B12: 1021 | C12: 关卡1 | D12: =RIGHT(C12,1) -> 1 | F12: 151 | G12: 5000 | H12: 3 | I12: 1 | J12: 1 | K12: 1 | L12: =L10 -> 101 | M12: 5000 | N12: =H12 -> 3 | O12: 1 | P12: 1 | Q12: 54 | R12: =R10 -> 102 | S12: 5000 | T12: =N12 -> 3 | U12: 1 | V12: 2 | W12: 56 | X12: =X10 -> 103 | Y12: 5000 | Z12: =T12 -> 3 | AA12: 1 | AB12: 1 | AC12: 72 | AD12: =AD10 -> 113 | AE12: 5000 | AF12: =Z12 -> 3 | AG12: 1 | AH12: 2 | AI12: 74 | AJ12: =AJ10 -> 111 | AP12: =IF(G12="","",$AQ$1&_xlfn.TEXTJOIN(",",1,G12:I12,K12,L12)&$AR$1) -> {5000,3,1,1,101} | AQ12: =IF(G12="","",$AQ$1&_xlfn.TEXTJOIN(",",1,M12:P12,R12)&$AR$1) -> {5000,3,1,1,102} | AR12: =IF(G12="","",$AQ$1&_xlfn.TEXTJOIN(",",1,S12:V12,X12)&$AR$1) -> {5000,3,1,2,103} | AS12: =IF(G12="","",$AQ$1&_xlfn.TEXTJOIN(",",1,Y12:AB12,AD12)&$AR$1) -> {5000,3,1,1,113} | AT12: =IF(G12="","",$AQ$1&_xlfn.TEXTJOIN(",",1,AE12:AH12,AJ12)&$AR$1) -> {5000,3,1,2,111} | AU12: =IF(AK12="","",IF(G12="","",$AQ$1&_xlfn.TEXTJOIN(",",1,AK12:AO12)&$AR$1)) | AV12: 1021 | AW12: =IF(AU12="","["&_xlfn.TEXTJOIN(",",1,AP12:AT12)&"]","["&_xlfn.TEXTJOIN(",",1,AP12:AU12)&"]") -> [{5000,3,1,1,101},{5000,3,1,1,102},{5000,3,1,2,103},{5000,3,1,1,113},{5000,3,1,2,111}]
B13: 1022 | C13: 关卡1 | D13: =RIGHT(C13,1) -> 1 | F13: 166 | G13: 5000 | H13: 3 | I13: 1 | J13: 1 | K13: 1 | L13: =L11 -> 101 | M13: 5000 | N13: =H13 -> 3 | O13: 1 | P13: 1 | Q13: 59 | R13: =R11 -> 103 | S13: 5000 | T13: =N13 -> 3 | U13: 1 | V13: 2 | W13: 79 | X13: =X11 -> 111 | Y13: 5000 | Z13: =T13 -> 3 | AA13: 1 | AB13: 1 | AC13: 71 | AD13: =AD11 -> 112 | AE13: 5000 | AF13: =Z13 -> 3 | AG13: 1 | AH13: 2 | AI13: 74 | AJ13: =AJ11 -> 113 | AP13: =IF(G13="","",$AQ$1&_xlfn.TEXTJOIN(",",1,G13:I13,K13,L13)&$AR$1) -> {5000,3,1,1,101} | AQ13: =IF(G13="","",$AQ$1&_xlfn.TEXTJOIN(",",1,M13:P13,R13)&$AR$1) -> {5000,3,1,1,103} | AR13: =IF(G13="","",$AQ$1&_xlfn.TEXTJOIN(",",1,S13:V13,X13)&$AR$1) -> {5000,3,1,2,111} | AS13: =IF(G13="","",$AQ$1&_xlfn.TEXTJOIN(",",1,Y13:AB13,AD13)&$AR$1) -> {5000,3,1,1,112} | AT13: =IF(G13="","",$AQ$1&_xlfn.TEXTJOIN(",",1,AE13:AH13,AJ13)&$AR$1) -> {5000,3,1,2,113} | AU13: =IF(AK13="","",IF(G13="","",$AQ$1&_xlfn.TEXTJOIN(",",1,AK13:AO13)&$AR$1)) | AV13: 1022 | AW13: =IF(AU13="","["&_xlfn.TEXTJOIN(",",1,AP13:AT13)&"]","["&_xlfn.TEXTJOIN(",",1,AP13:AU13)&"]") -> [{5000,3,1,1,101},{5000,3,1,1,103},{5000,3,1,2,111},{5000,3,1,1,112},{5000,3,1,2,113}]
B14: 1023 | C14: 关卡1 | D14: =RIGHT(C14,1) -> 1 | F14: 181 | G14: 5000 | H14: 4 | I14: 1 | J14: 3 | K14: 3 | L14: =L12 -> 101 | M14: 5000 | N14: =H14 -> 4 | O14: 1 | P14: 3 | Q14: 53 | R14: =R12 -> 102 | S14: 5000 | T14: =N14 -> 4 | U14: 1 | V14: 3 | W14: 56 | X14: =X12 -> 103 | Y14: 5000 | Z14: =T14 -> 4 | AA14: 1 | AB14: 3 | AC14: 75 | AD14: =AD12 -> 113 | AE14: 5000 | AF14: =Z14 -> 4 | AG14: 1 | AH14: 3 | AI14: 78 | AJ14: =AJ12 -> 111 | AP14: =IF(G14="","",$AQ$1&_xlfn.TEXTJOIN(",",1,G14:I14,K14,L14)&$AR$1) -> {5000,4,1,3,101} | AQ14: =IF(G14="","",$AQ$1&_xlfn.TEXTJOIN(",",1,M14:P14,R14)&$AR$1) -> {5000,4,1,3,102} | AR14: =IF(G14="","",$AQ$1&_xlfn.TEXTJOIN(",",1,S14:V14,X14)&$AR$1) -> {5000,4,1,3,103} | AS14: =IF(G14="","",$AQ$1&_xlfn.TEXTJOIN(",",1,Y14:AB14,AD14)&$AR$1) -> {5000,4,1,3,113} | AT14: =IF(G14="","",$AQ$1&_xlfn.TEXTJOIN(",",1,AE14:AH14,AJ14)&$AR$1) -> {5000,4,1,3,111} | AU14: =IF(AK14="","",IF(G14="","",$AQ$1&_xlfn.TEXTJOIN(",",1,AK14:AO14)&$AR$1)) | AV14: 1023 | AW14: =IF(AU14="","["&_xlfn.TEXTJOIN(",",1,AP14:AT14)&"]","["&_xlfn.TEXTJOIN(",",1,AP14:AU14)&"]") -> [{5000,4,1,3,101},{5000,4,1,3,102},{5000,4,1,3,103},{5000,4,1,3,113},{5000,4,1,3,111}]
B15: 1024 | C15: 关卡1 | D15: =RIGHT(C15,1) -> 1 | F15: 196 | G15: 5000 | H15: 3 | I15: 1 | J15: 2 | K15: 2 | L15: =L13 -> 101 | M15: 5000 | N15: =H15 -> 3 | O15: 1 | P15: 1 | Q15: 54 | R15: =R13 -> 103 | S15: 5000 | T15: =N15 -> 3 | U15: 1 | V15: 2 | W15: 77 | X15: =X13 -> 111 | Y15: 5000 | Z15: =T15 -> 3 | AA15: 1 | AB15: 1 | AC15: 72 | AD15: =AD13 -> 112 | AE15: 5000 | AF15: =Z15 -> 3 | AG15: 1 | AH15: 2 | AI15: 74 | AJ15: =AJ13 -> 113 | AP15: =IF(G15="","",$AQ$1&_xlfn.TEXTJOIN(",",1,G15:I15,K15,L15)&$AR$1) -> {5000,3,1,2,101} | AQ15: =IF(G15="","",$AQ$1&_xlfn.TEXTJOIN(",",1,M15:P15,R15)&$AR$1) -> {5000,3,1,1,103} | AR15: =IF(G15="","",$AQ$1&_xlfn.TEXTJOIN(",",1,S15:V15,X15)&$AR$1) -> {5000,3,1,2,111} | AS15: =IF(G15="","",$AQ$1&_xlfn.TEXTJOIN(",",1,Y15:AB15,AD15)&$AR$1) -> {5000,3,1,1,112} | AT15: =IF(G15="","",$AQ$1&_xlfn.TEXTJOIN(",",1,AE15:AH15,AJ15)&$AR$1) -> {5000,3,1,2,113} | AU15: =IF(AK15="","",IF(G15="","",$AQ$1&_xlfn.TEXTJOIN(",",1,AK15:AO15)&$AR$1)) | AV15: 1024 | AW15: =IF(AU15="","["&_xlfn.TEXTJOIN(",",1,AP15:AT15)&"]","["&_xlfn.TEXTJOIN(",",1,AP15:AU15)&"]") -> [{5000,3,1,2,101},{5000,3,1,1,103},{5000,3,1,2,111},{5000,3,1,1,112},{5000,3,1,2,113}]
... B22: 1031 | C22: 关卡1 | D22: =RIGHT(C22,1) -> 1 | F22: 290 | G22: 5000 | H22: 4 | I22: 1 | J22: 2 | K22: 2 | L22: =L20 -> 101 | M22: 5000 | N22: =H22 -> 4 | O22: 1 | P22: 2 | Q22: 56 | R22: =R20 -> 102 | S22: 5000 | T22: =N22 -> 4 | U22: 1 | V22: 1 | W22: 77 | X22: =X20 -> 103 | Y22: 5000 | Z22: =T22 -> 4 | AA22: 1 | AB22: 2 | AC22: 72 | AD22: =AD20 -> 113 | AE22: 5000 | AF22: =Z22 -> 4 | AG22: 1 | AH22: 2 | AI22: 74 | AJ22: =AJ20 -> 111 | AP22: =IF(G22="","",$AQ$1&_xlfn.TEXTJOIN(",",1,G22:I22,K22,L22)&$AR$1) -> {5000,4,1,2,101} | AQ22: =IF(G22="","",$AQ$1&_xlfn.TEXTJOIN(",",1,M22:P22,R22)&$AR$1) -> {5000,4,1,2,102} | AR22: =IF(G22="","",$AQ$1&_xlfn.TEXTJOIN(",",1,S22:V22,X22)&$AR$1) -> {5000,4,1,1,103} | AS22: =IF(G22="","",$AQ$1&_xlfn.TEXTJOIN(",",1,Y22:AB22,AD22)&$AR$1) -> {5000,4,1,2,113} | AT22: =IF(G22="","",$AQ$1&_xlfn.TEXTJOIN(",",1,AE22:AH22,AJ22)&$AR$1) -> {5000,4,1,2,111} | AU22: =IF(AK22="","",IF(G22="","",$AQ$1&_xlfn.TEXTJOIN(",",1,AK22:AO22)&$AR$1)) | AV22: 1031 | AW22: =IF(AU22="","["&_xlfn.TEXTJOIN(",",1,AP22:AT22)&"]","["&_xlfn.TEXTJOIN(",",1,AP22:AU22)&"]") -> [{5000,4,1,2,101},{5000,4,1,2,102},{5000,4,1,1,103},{5000,4,1,2,113},{5000,4,1,2,111}]
B23: 1111 | C23: 关卡2 | D23: =RIGHT(C23,1) -> 2 | F23: 1 | G23: 5000 | H23: 1 | I23: 1 | J23: 1 | K23: =IF($J23="","",K2+100) -> 101 | L23: =IF(L2="","",L2) -> 101 | M23: 5000 | N23: =H23 -> 1 | O23: 1 | P23: =IF($J23="","",P2+100) -> 101 | Q23: 55 | R23: =IF(R2="","",R2) -> 102 | S23: 5000 | T23: =N23 -> 1 | U23: 1 | V23: =IF($J23="","",V2+100) -> 101 | W23: 60 | X23: =IF(X2="","",X2) -> 103 | Y23: 5000 | Z23: =T23 -> 1 | AA23: 1 | AB23: =IF($J23="","",AB2+100) -> 101 | AC23: 71 | AD23: =IF(AD2="","",AD2) -> 113 | AE23: 5000 | AF23: =Z23 -> 1 | AG23: 1 | AH23: =IF($J23="","",AH2+100) -> 101 | AI23: 76 | AJ23: =IF(AJ2="","",AJ2) -> 111 | AP23: =IF(G23="","",$AQ$1&_xlfn.TEXTJOIN(",",1,G23:I23,K23,L23)&$AR$1) -> {5000,1,1,101,101} | AQ23: =IF(G23="","",$AQ$1&_xlfn.TEXTJOIN(",",1,M23:P23,R23)&$AR$1) -> {5000,1,1,101,102} | AR23: =IF(G23="","",$AQ$1&_xlfn.TEXTJOIN(",",1,S23:V23,X23)&$AR$1) -> {5000,1,1,101,103} | AS23: =IF(G23="","",$AQ$1&_xlfn.TEXTJOIN(",",1,Y23:AB23,AD23)&$AR$1) -> {5000,1,1,101,113} | AT23: =IF(G23="","",$AQ$1&_xlfn.TEXTJOIN(",",1,AE23:AH23,AJ23)&$AR$1) -> {5000,1,1,101,111} | AU23: =IF(AK23="","",IF(G23="","",$AQ$1&_xlfn.TEXTJOIN(",",1,AK23:AO23)&$AR$1)) | AV23: 1111 | AW23: =IF(AU23="","["&_xlfn.TEXTJOIN(",",1,AP23:AT23)&"]","["&_xlfn.TEXTJOIN(",",1,AP23:AU23)&"]") -> [{5000,1,1,101,101},{5000,1,1,101,102},{5000,1,1,101,103},{5000,1,1,101,113},{5000,1,1,101,111}]
B24: 1112 | C24: 关卡2 | D24: =RIGHT(C24,1) -> 2 | F24: 16 | G24: 5000 | H24: 1 | I24: 1 | J24: 1 | K24: =IF($J24="","",K3+100) -> 101 | L24: =IF(L3="","",L3) -> 101 | M24: 5000 | N24: =H24 -> 1 | O24: 1 | P24: =IF($J24="","",P3+100) -> 101 | Q24: 55 | R24: =IF(R3="","",R3) -> 103 | S24: 5000 | T24: =N24 -> 1 | U24: 1 | V24: =IF($J24="","",V3+100) -> 101 | W24: 75 | X24: =IF(X3="","",X3) -> 111 | Y24: 5000 | Z24: =T24 -> 1 | AA24: 1 | AB24: =IF($J24="","",AB3+100) -> 101 | AC24: 73 | AD24: =IF(AD3="","",AD3) -> 112 | AE24: 5000 | AF24: =Z24 -> 1 | AG24: 1 | AH24: =IF($J24="","",AH3+100) -> 101 | AI24: 78 | AJ24: =IF(AJ3="","",AJ3) -> 113 | AP24: =IF(G24="","",$AQ$1&_xlfn.TEXTJOIN(",",1,G24:I24,K24,L24)&$AR$1) -> {5000,1,1,101,101} | AQ24: =IF(G24="","",$AQ$1&_xlfn.TEXTJOIN(",",1,M24:P24,R24)&$AR$1) -> {5000,1,1,101,103} | AR24: =IF(G24="","",$AQ$1&_xlfn.TEXTJOIN(",",1,S24:V24,X24)&$AR$1) -> {5000,1,1,101,111} | AS24: =IF(G24="","",$AQ$1&_xlfn.TEXTJOIN(",",1,Y24:AB24,AD24)&$AR$1) -> {5000,1,1,101,112} | AT24: =IF(G24="","",$AQ$1&_xlfn.TEXTJOIN(",",1,AE24:AH24,AJ24)&$AR$1) -> {5000,1,1,101,113} | AU24: =IF(AK24="","",IF(G24="","",$AQ$1&_xlfn.TEXTJOIN(",",1,AK24:AO24)&$AR$1)) | AV24: 1112 | AW24: =IF(AU24="","["&_xlfn.TEXTJOIN(",",1,AP24:AT24)&"]","["&_xlfn.TEXTJOIN(",",1,AP24:AU24)&"]") -> [{5000,1,1,101,101},{5000,1,1,101,103},{5000,1,1,101,111},{5000,1,1,101,112},{5000,1,1,101,113}]
B25: 1113 | C25: 关卡2 | D25: =RIGHT(C25,1) -> 2 | F25: 31 | G25: 5000 | H25: 2 | I25: 1 | J25: 1 | K25: =IF($J25="","",K4+100) -> 101 | L25: =IF(L4="","",L4) -> 101 | M25: 5000 | N25: =H25 -> 2 | O25: 1 | P25: =IF($J25="","",P4+100) -> 101 | Q25: 55 | R25: =IF(R4="","",R4) -> 102 | S25: 5000 | T25: =N25 -> 2 | U25: 1 | V25: =IF($J25="","",V4+100) -> 101 | W25: 58 | X25: =IF(X4="","",X4) -> 103 | Y25: 5000 | Z25: =T25 -> 2 | AA25: 1 | AB25: =IF($J25="","",AB4+100) -> 101 | AC25: 76 | AD25: =IF(AD4="","",AD4) -> 113 | AE25: 5000 | AF25: =Z25 -> 2 | AG25: 1 | AH25: =IF($J25="","",AH4+100) -> 101 | AI25: 79 | AJ25: =IF(AJ4="","",AJ4) -> 111 | AP25: =IF(G25="","",$AQ$1&_xlfn.TEXTJOIN(",",1,G25:I25,K25,L25)&$AR$1) -> {5000,2,1,101,101} | AQ25: =IF(G25="","",$AQ$1&_xlfn.TEXTJOIN(",",1,M25:P25,R25)&$AR$1) -> {5000,2,1,101,102} | AR25: =IF(G25="","",$AQ$1&_xlfn.TEXTJOIN(",",1,S25:V25,X25)&$AR$1) -> {5000,2,1,101,103} | AS25: =IF(G25="","",$AQ$1&_xlfn.TEXTJOIN(",",1,Y25:AB25,AD25)&$AR$1) -> {5000,2,1,101,113} | AT25: =IF(G25="","",$AQ$1&_xlfn.TEXTJOIN(",",1,AE25:AH25,AJ25)&$AR$1) -> {5000,2,1,101,111} | AU25: =IF(AK25="","",IF(G25="","",$AQ$1&_xlfn.TEXTJOIN(",",1,AK25:AO25)&$AR$1)) | AV25: 1113 | AW25: =IF(AU25="","["&_xlfn.TEXTJOIN(",",1,AP25:AT25)&"]","["&_xlfn.TEXTJOIN(",",1,AP25:AU25)&"]") -> [{5000,2,1,101,101},{5000,2,1,101,102},{5000,2,1,101,103},{5000,2,1,101,113},{5000,2,1,101,111}]
B26: 1114 | C26: 关卡2 | D26: =RIGHT(C26,1) -> 2 | F26: 46 | G26: 5000 | H26: 2 | I26: 1 | J26: 1 | K26: =IF($J26="","",K5+100) -> 101 | L26: =IF(L5="","",L5) -> 101 | M26: 5000 | N26: =H26 -> 2 | O26: 1 | P26: =IF($J26="","",P5+100) -> 101 | Q26: 55 | R26: =IF(R5="","",R5) -> 103 | S26: 5000 | T26: =N26 -> 2 | U26: 1 | V26: =IF($J26="","",V5+100) -> 102 | W26: 76 | X26: =IF(X5="","",X5) -> 111 | Y26: 5000 | Z26: =T26 -> 2 | AA26: 1 | AB26: =IF($J26="","",AB5+100) -> 101 | AC26: 71 | AD26: =IF(AD5="","",AD5) -> 112 | AE26: 5000 | AF26: =Z26 -> 2 | AG26: 1 | AH26: =IF($J26="","",AH5+100) -> 101 | AI26: 71 | AJ26: =IF(AJ5="","",AJ5) -> 113 | AP26: =IF(G26="","",$AQ$1&_xlfn.TEXTJOIN(",",1,G26:I26,K26,L26)&$AR$1) -> {5000,2,1,101,101} | AQ26: =IF(G26="","",$AQ$1&_xlfn.TEXTJOIN(",",1,M26:P26,R26)&$AR$1) -> {5000,2,1,101,103} | AR26: =IF(G26="","",$AQ$1&_xlfn.TEXTJOIN(",",1,S26:V26,X26)&$AR$1) -> {5000,2,1,102,111} | AS26: =IF(G26="","",$AQ$1&_xlfn.TEXTJOIN(",",1,Y26:AB26,AD26)&$AR$1) -> {5000,2,1,101,112} | AT26: =IF(G26="","",$AQ$1&_xlfn.TEXTJOIN(",",1,AE26:AH26,AJ26)&$AR$1) -> {5000,2,1,101,113} | AU26: =IF(AK26="","",IF(G26="","",$AQ$1&_xlfn.TEXTJOIN(",",1,AK26:AO26)&$AR$1)) | AV26: 1114 | AW26: =IF(AU26="","["&_xlfn.TEXTJOIN(",",1,AP26:AT26)&"]","["&_xlfn.TEXTJOIN(",",1,AP26:AU26)&"]") -> [{5000,2,1,101,101},{5000,2,1,101,103},{5000,2,1,102,111},{5000,2,1,101,112},{5000,2,1,101,113}]
B27: 1115 | C27: 关卡2 | D27: =RIGHT(C27,1) -> 2 | F27: 61 | G27: 5000 | H27: 2 | I27: 1 | J27: 3 | K27: =IF($J27="","",K6+100) -> 103 | L27: =IF(L6="","",L6) -> 101 | M27: 5000 | N27: =H27 -> 2 | O27: 1 | P27: =IF($J27="","",P6+100) -> 103 | Q27: 1 | R27: =IF(R6="","",R6) -> 102 | S27: 5000 | T27: =N27 -> 2 | U27: 1 | V27: =IF($J27="","",V6+100) -> 103 | W27: 1 | X27: =IF(X6="","",X6) -> 103 | Y27: 5000 | Z27: =T27 -> 2 | AA27: 1 | AB27: =IF($J27="","",AB6+100) -> 103 | AC27: 1 | AD27: =IF(AD6="","",AD6) -> 113 | AE27: 5000 | AF27: =Z27 -> 2 | AG27: 1 | AH27: =IF($J27="","",AH6+100) -> 103 | AI27: 1 | AJ27: =IF(AJ6="","",AJ6) -> 111 | AP27: =IF(G27="","",$AQ$1&_xlfn.TEXTJOIN(",",1,G27:I27,K27,L27)&$AR$1) -> {5000,2,1,103,101} | AQ27: =IF(G27="","",$AQ$1&_xlfn.TEXTJOIN(",",1,M27:P27,R27)&$AR$1) -> {5000,2,1,103,102} | AR27: =IF(G27="","",$AQ$1&_xlfn.TEXTJOIN(",",1,S27:V27,X27)&$AR$1) -> {5000,2,1,103,103} | AS27: =IF(G27="","",$AQ$1&_xlfn.TEXTJOIN(",",1,Y27:AB27,AD27)&$AR$1) -> {5000,2,1,103,113} | AT27: =IF(G27="","",$AQ$1&_xlfn.TEXTJOIN(",",1,AE27:AH27,AJ27)&$AR$1) -> {5000,2,1,103,111} | AU27: =IF(AK27="","",IF(G27="","",$AQ$1&_xlfn.TEXTJOIN(",",1,AK27:AO27)&$AR$1)) | AV27: 1115 | AW27: =IF(AU27="","["&_xlfn.TEXTJOIN(",",1,AP27:AT27)&"]","["&_xlfn.TEXTJOIN(",",1,AP27:AU27)&"]") -> [{5000,2,1,103,101},{5000,2,1,103,102},{5000,2,1,103,103},{5000,2,1,103,113},{5000,2,1,103,111}]
B28: 1116 | C28: 关卡2 | D28: =RIGHT(C28,1) -> 2 | F28: 76 | G28: 5000 | H28: 2 | I28: 1 | J28: 1 | K28: =IF($J28="","",K7+100) -> 101 | L28: =IF(L7="","",L7) -> 101 | M28: 5000 | N28: =H28 -> 2 | O28: 1 | P28: =IF($J28="","",P7+100) -> 101 | Q28: 59 | R28: =IF(R7="","",R7) -> 103 | S28: 5000 | T28: =N28 -> 2 | U28: 1 | V28: =IF($J28="","",V7+100) -> 102 | W28: 71 | X28: =IF(X7="","",X7) -> 111 | Y28: 5000 | Z28: =T28 -> 2 | AA28: 1 | AB28: =IF($J28="","",AB7+100) -> 101 | AC28: 71 | AD28: =IF(AD7="","",AD7) -> 112 | AE28: 5000 | AF28: =Z28 -> 2 | AG28: 1 | AH28: =IF($J28="","",AH7+100) -> 101 | AI28: 79 | AJ28: =IF(AJ7="","",AJ7) -> 113 | AP28: =IF(G28="","",$AQ$1&_xlfn.TEXTJOIN(",",1,G28:I28,K28,L28)&$AR$1) -> {5000,2,1,101,101} | AQ28: =IF(G28="","",$AQ$1&_xlfn.TEXTJOIN(",",1,M28:P28,R28)&$AR$1) -> {5000,2,1,101,103} | AR28: =IF(G28="","",$AQ$1&_xlfn.TEXTJOIN(",",1,S28:V28,X28)&$AR$1) -> {5000,2,1,102,111} | AS28: =IF(G28="","",$AQ$1&_xlfn.TEXTJOIN(",",1,Y28:AB28,AD28)&$AR$1) -> {5000,2,1,101,112} | AT28: =IF(G28="","",$AQ$1&_xlfn.TEXTJOIN(",",1,AE28:AH28,AJ28)&$AR$1) -> {5000,2,1,101,113} | AU28: =IF(AK28="","",IF(G28="","",$AQ$1&_xlfn.TEXTJOIN(",",1,AK28:AO28)&$AR$1)) | AV28: 1116 | AW28: =IF(AU28="","["&_xlfn.TEXTJOIN(",",1,AP28:AT28)&"]","["&_xlfn.TEXTJOIN(",",1,AP28:AU28)&"]") -> [{5000,2,1,101,101},{5000,2,1,101,103},{5000,2,1,102,111},{5000,2,1,101,112},{5000,2,1,101,113}]
B29: 1117 | C29: 关卡2 | D29: =RIGHT(C29,1) -> 2 | F29: 91 | G29: 5000 | H29: 2 | I29: 1 | J29: 1 | K29: =IF($J29="","",K8+100) -> 101 | L29: =IF(L8="","",L8) -> 101 | M29: 5000 | N29: =H29 -> 2 | O29: 1 | P29: =IF($J29="","",P8+100) -> 101 | Q29: 54 | R29: =IF(R8="","",R8) -> 102 | S29: 5000 | T29: =N29 -> 2 | U29: 1 | V29: =IF($J29="","",V8+100) -> 102 | W29: 51 | X29: =IF(X8="","",X8) -> 103 | Y29: 5000 | Z29: =T29 -> 2 | AA29: 1 | AB29: =IF($J29="","",AB8+100) -> 101 | AC29: 71 | AD29: =IF(AD8="","",AD8) -> 113 | AE29: 5000 | AF29: =Z29 -> 2 | AG29: 1 | AH29: =IF($J29="","",AH8+100) -> 102 | AI29: 77 | AJ29: =IF(AJ8="","",AJ8) -> 111 | AP29: =IF(G29="","",$AQ$1&_xlfn.TEXTJOIN(",",1,G29:I29,K29,L29)&$AR$1) -> {5000,2,1,101,101} | AQ29: =IF(G29="","",$AQ$1&_xlfn.TEXTJOIN(",",1,M29:P29,R29)&$AR$1) -> {5000,2,1,101,102} | AR29: =IF(G29="","",$AQ$1&_xlfn.TEXTJOIN(",",1,S29:V29,X29)&$AR$1) -> {5000,2,1,102,103} | AS29: =IF(G29="","",$AQ$1&_xlfn.TEXTJOIN(",",1,Y29:AB29,AD29)&$AR$1) -> {5000,2,1,101,113} | AT29: =IF(G29="","",$AQ$1&_xlfn.TEXTJOIN(",",1,AE29:AH29,AJ29)&$AR$1) -> {5000,2,1,102,111} | AU29: =IF(AK29="","",IF(G29="","",$AQ$1&_xlfn.TEXTJOIN(",",1,AK29:AO29)&$AR$1)) | AV29: 1117 | AW29: =IF(AU29="","["&_xlfn.TEXTJOIN(",",1,AP29:AT29)&"]","["&_xlfn.TEXTJOIN(",",1,AP29:AU29)&"]") -> [{5000,2,1,101,101},{5000,2,1,101,102},{5000,2,1,102,103},{5000,2,1,101,113},{5000,2,1,102,111}]
B30: 1118 | C30: 关卡2 | D30: =RIGHT(C30,1) -> 2 | F30: 106 | G30: 5000 | H30: 2 | I30: 1 | J30: 1 | K30: =IF($J30="","",K9+100) -> 101 | L30: =IF(L9="","",L9) -> 101 | M30: 5000 | N30: =H30 -> 2 | O30: 1 | P30: =IF($J30="","",P9+100) -> 101 | Q30: 55 | R30: =IF(R9="","",R9) -> 103 | S30: 5000 | T30: =N30 -> 2 | U30: 1 | V30: =IF($J30="","",V9+100) -> 102 | W30: 73 | X30: =IF(X9="","",X9) -> 111 | Y30: 5000 | Z30: =T30 -> 2 | AA30: 1 | AB30: =IF($J30="","",AB9+100) -> 101 | AC30: 78 | AD30: =IF(AD9="","",AD9) -> 112 | AE30: 5000 | AF30: =Z30 -> 2 | AG30: 1 | AH30: =IF($J30="","",AH9+100) -> 102 | AI30: 71 | AJ30: =IF(AJ9="","",AJ9) -> 113 | AP30: =IF(G30="","",$AQ$1&_xlfn.TEXTJOIN(",",1,G30:I30,K30,L30)&$AR$1) -> {5000,2,1,101,101} | AQ30: =IF(G30="","",$AQ$1&_xlfn.TEXTJOIN(",",1,M30:P30,R30)&$AR$1) -> {5000,2,1,101,103} | AR30: =IF(G30="","",$AQ$1&_xlfn.TEXTJOIN(",",1,S30:V30,X30)&$AR$1) -> {5000,2,1,102,111} | AS30: =IF(G30="","",$AQ$1&_xlfn.TEXTJOIN(",",1,Y30:AB30,AD30)&$AR$1) -> {5000,2,1,101,112} | AT30: =IF(G30="","",$AQ$1&_xlfn.TEXTJOIN(",",1,AE30:AH30,AJ30)&$AR$1) -> {5000,2,1,102,113} | AU30: =IF(AK30="","",IF(G30="","",$AQ$1&_xlfn.TEXTJOIN(",",1,AK30:AO30)&$AR$1)) | AV30: 1118 | AW30: =IF(AU30="","["&_xlfn.TEXTJOIN(",",1,AP30:AT30)&"]","["&_xlfn.TEXTJOIN(",",1,AP30:AU30)&"]") -> [{5000,2,1,101,101},{5000,2,1,101,103},{5000,2,1,102,111},{5000,2,1,101,112},{5000,2,1,102,113}]
B31: 1119 | C31: 关卡2 | D31: =RIGHT(C31,1) -> 2 | F31: 121 | G31: 5000 | H31: 3 | I31: 1 | J31: 3 | K31: =IF($J31="","",K10+100) -> 103 | L31: =IF(L10="","",L10) -> 101 | M31: 5000 | N31: =H31 -> 3 | O31: 1 | P31: =IF($J31="","",P10+100) -> 103 | Q31: 54 | R31: =IF(R10="","",R10) -> 102 | S31: 5000 | T31: =N31 -> 3 | U31: 1 | V31: =IF($J31="","",V10+100) -> 103 | W31: 51 | X31: =IF(X10="","",X10) -> 103 | Y31: 5000 | Z31: =T31 -> 3 | AA31: 1 | AB31: =IF($J31="","",AB10+100) -> 103 | AC31: 71 | AD31: =IF(AD10="","",AD10) -> 113 | AE31: 5000 | AF31: =Z31 -> 3 | AG31: 1 | AH31: =IF($J31="","",AH10+100) -> 103 | AI31: 79 | AJ31: =IF(AJ10="","",AJ10) -> 111 | AP31: =IF(G31="","",$AQ$1&_xlfn.TEXTJOIN(",",1,G31:I31,K31,L31)&$AR$1) -> {5000,3,1,103,101} | AQ31: =IF(G31="","",$AQ$1&_xlfn.TEXTJOIN(",",1,M31:P31,R31)&$AR$1) -> {5000,3,1,103,102} | AR31: =IF(G31="","",$AQ$1&_xlfn.TEXTJOIN(",",1,S31:V31,X31)&$AR$1) -> {5000,3,1,103,103} | AS31: =IF(G31="","",$AQ$1&_xlfn.TEXTJOIN(",",1,Y31:AB31,AD31)&$AR$1) -> {5000,3,1,103,113} | AT31: =IF(G31="","",$AQ$1&_xlfn.TEXTJOIN(",",1,AE31:AH31,AJ31)&$AR$1) -> {5000,3,1,103,111} | AU31: =IF(AK31="","",IF(G31="","",$AQ$1&_xlfn.TEXTJOIN(",",1,AK31:AO31)&$AR$1)) | AV31: 1119 | AW31: =IF(AU31="","["&_xlfn.TEXTJOIN(",",1,AP31:AT31)&"]","["&_xlfn.TEXTJOIN(",",1,AP31:AU31)&"]") -> [{5000,3,1,103,101},{5000,3,1,103,102},{5000,3,1,103,103},{5000,3,1,103,113},{5000,3,1,103,111}]
B32: 1120 | C32: 关卡2 | D32: =RIGHT(C32,1) -> 2 | F32: 136 | G32: 5000 | H32: 3 | I32: 1 | J32: 1 | K32: =IF($J32="","",K11+100) -> 101 | L32: =IF(L11="","",L11) -> 101 | M32: 5000 | N32: =H32 -> 3 | O32: 1 | P32: =IF($J32="","",P11+100) -> 101 | Q32: 54 | R32: =IF(R11="","",R11) -> 103 | S32: 5000 | T32: =N32 -> 3 | U32: 1 | V32: =IF($J32="","",V11+100) -> 102 | W32: 76 | X32: =IF(X11="","",X11) -> 111 | Y32: 5000 | Z32: =T32 -> 3 | AA32: 1 | AB32: =IF($J32="","",AB11+100) -> 101 | AC32: 72 | AD32: =IF(AD11="","",AD11) -> 112 | AE32: 5000 | AF32: =Z32 -> 3 | AG32: 1 | AH32: =IF($J32="","",AH11+100) -> 102 | AI32: 74 | AJ32: =IF(AJ11="","",AJ11) -> 113 | AP32: =IF(G32="","",$AQ$1&_xlfn.TEXTJOIN(",",1,G32:I32,K32,L32)&$AR$1) -> {5000,3,1,101,101} | AQ32: =IF(G32="","",$AQ$1&_xlfn.TEXTJOIN(",",1,M32:P32,R32)&$AR$1) -> {5000,3,1,101,103} | AR32: =IF(G32="","",$AQ$1&_xlfn.TEXTJOIN(",",1,S32:V32,X32)&$AR$1) -> {5000,3,1,102,111} | AS32: =IF(G32="","",$AQ$1&_xlfn.TEXTJOIN(",",1,Y32:AB32,AD32)&$AR$1) -> {5000,3,1,101,112} | AT32: =IF(G32="","",$AQ$1&_xlfn.TEXTJOIN(",",1,AE32:AH32,AJ32)&$AR$1) -> {5000,3,1,102,113} | AU32: =IF(AK32="","",IF(G32="","",$AQ$1&_xlfn.TEXTJOIN(",",1,AK32:AO32)&$AR$1)) | AV32: 1120 | AW32: =IF(AU32="","["&_xlfn.TEXTJOIN(",",1,AP32:AT32)&"]","["&_xlfn.TEXTJOIN(",",1,AP32:AU32)&"]") -> [{5000,3,1,101,101},{5000,3,1,101,103},{5000,3,1,102,111},{5000,3,1,101,112},{5000,3,1,102,113}]
B33: 1121 | C33: 关卡2 | D33: =RIGHT(C33,1) -> 2 | F33: 151 | G33: 5000 | H33: 3 | I33: 1 | J33: 1 | K33: =IF($J33="","",K12+100) -> 101 | L33: =IF(L12="","",L12) -> 101 | M33: 5000 | N33: =H33 -> 3 | O33: 1 | P33: =IF($J33="","",P12+100) -> 101 | Q33: 54 | R33: =IF(R12="","",R12) -> 102 | S33: 5000 | T33: =N33 -> 3 | U33: 1 | V33: =IF($J33="","",V12+100) -> 102 | W33: 56 | X33: =IF(X12="","",X12) -> 103 | Y33: 5000 | Z33: =T33 -> 3 | AA33: 1 | AB33: =IF($J33="","",AB12+100) -> 101 | AC33: 72 | AD33: =IF(AD12="","",AD12) -> 113 | AE33: 5000 | AF33: =Z33 -> 3 | AG33: 1 | AH33: =IF($J33="","",AH12+100) -> 102 | AI33: 74 | AJ33: =IF(AJ12="","",AJ12) -> 111 | AP33: =IF(G33="","",$AQ$1&_xlfn.TEXTJOIN(",",1,G33:I33,K33,L33)&$AR$1) -> {5000,3,1,101,101} | AQ33: =IF(G33="","",$AQ$1&_xlfn.TEXTJOIN(",",1,M33:P33,R33)&$AR$1) -> {5000,3,1,101,102} | AR33: =IF(G33="","",$AQ$1&_xlfn.TEXTJOIN(",",1,S33:V33,X33)&$AR$1) -> {5000,3,1,102,103} | AS33: =IF(G33="","",$AQ$1&_xlfn.TEXTJOIN(",",1,Y33:AB33,AD33)&$AR$1) -> {5000,3,1,101,113} | AT33: =IF(G33="","",$AQ$1&_xlfn.TEXTJOIN(",",1,AE33:AH33,AJ33)&$AR$1) -> {5000,3,1,102,111} | AU33: =IF(AK33="","",IF(G33="","",$AQ$1&_xlfn.TEXTJOIN(",",1,AK33:AO33)&$AR$1)) | AV33: 1121 | AW33: =IF(AU33="","["&_xlfn.TEXTJOIN(",",1,AP33:AT33)&"]","["&_xlfn.TEXTJOIN(",",1,AP33:AU33)&"]") -> [{5000,3,1,101,101},{5000,3,1,101,102},{5000,3,1,102,103},{5000,3,1,101,113},{5000,3,1,102,111}]
B34: 1122 | C34: 关卡2 | D34: =RIGHT(C34,1) -> 2 | F34: 166 | G34: 5000 | H34: 3 | I34: 1 | J34: 1 | K34: =IF($J34="","",K13+100) -> 101 | L34: =IF(L13="","",L13) -> 101 | M34: 5000 | N34: =H34 -> 3 | O34: 1 | P34: =IF($J34="","",P13+100) -> 101 | Q34: 59 | R34: =IF(R13="","",R13) -> 103 | S34: 5000 | T34: =N34 -> 3 | U34: 1 | V34: =IF($J34="","",V13+100) -> 102 | W34: 79 | X34: =IF(X13="","",X13) -> 111 | Y34: 5000 | Z34: =T34 -> 3 | AA34: 1 | AB34: =IF($J34="","",AB13+100) -> 101 | AC34: 71 | AD34: =IF(AD13="","",AD13) -> 112 | AE34: 5000 | AF34: =Z34 -> 3 | AG34: 1 | AH34: =IF($J34="","",AH13+100) -> 102 | AI34: 74 | AJ34: =IF(AJ13="","",AJ13) -> 113 | AP34: =IF(G34="","",$AQ$1&_xlfn.TEXTJOIN(",",1,G34:I34,K34,L34)&$AR$1) -> {5000,3,1,101,101} | AQ34: =IF(G34="","",$AQ$1&_xlfn.TEXTJOIN(",",1,M34:P34,R34)&$AR$1) -> {5000,3,1,101,103} | AR34: =IF(G34="","",$AQ$1&_xlfn.TEXTJOIN(",",1,S34:V34,X34)&$AR$1) -> {5000,3,1,102,111} | AS34: =IF(G34="","",$AQ$1&_xlfn.TEXTJOIN(",",1,Y34:AB34,AD34)&$AR$1) -> {5000,3,1,101,112} | AT34: =IF(G34="","",$AQ$1&_xlfn.TEXTJOIN(",",1,AE34:AH34,AJ34)&$AR$1) -> {5000,3,1,102,113} | AU34: =IF(AK34="","",IF(G34="","",$AQ$1&_xlfn.TEXTJOIN(",",1,AK34:AO34)&$AR$1)) | AV34: 1122 | AW34: =IF(AU34="","["&_xlfn.TEXTJOIN(",",1,AP34:AT34)&"]","["&_xlfn.TEXTJOIN(",",1,AP34:AU34)&"]") -> [{5000,3,1,101,101},{5000,3,1,101,103},{5000,3,1,102,111},{5000,3,1,101,112},{5000,3,1,102,113}]
... B36: 1124 | C36: 关卡2 | D36: =RIGHT(C36,1) -> 2 | F36: 196 | G36: 5000 | H36: 3 | I36: 1 | J36: 2 | K36: =IF($J36="","",K15+100) -> 102 | L36: =IF(L15="","",L15) -> 101 | M36: 5000 | N36: =H36 -> 3 | O36: 1 | P36: =IF($J36="","",P15+100) -> 101 | Q36: 54 | R36: =IF(R15="","",R15) -> 103 | S36: 5000 | T36: =N36 -> 3 | U36: 1 | V36: =IF($J36="","",V15+100) -> 102 | W36: 77 | X36: =IF(X15="","",X15) -> 111 | Y36: 5000 | Z36: =T36 -> 3 | AA36: 1 | AB36: =IF($J36="","",AB15+100) -> 101 | AC36: 72 | AD36: =IF(AD15="","",AD15) -> 112 | AE36: 5000 | AF36: =Z36 -> 3 | AG36: 1 | AH36: =IF($J36="","",AH15+100) -> 102 | AI36: 74 | AJ36: =IF(AJ15="","",AJ15) -> 113 | AP36: =IF(G36="","",$AQ$1&_xlfn.TEXTJOIN(",",1,G36:I36,K36,L36)&$AR$1) -> {5000,3,1,102,101} | AQ36: =IF(G36="","",$AQ$1&_xlfn.TEXTJOIN(",",1,M36:P36,R36)&$AR$1) -> {5000,3,1,101,103} | AR36: =IF(G36="","",$AQ$1&_xlfn.TEXTJOIN(",",1,S36:V36,X36)&$AR$1) -> {5000,3,1,102,111} | AS36: =IF(G36="","",$AQ$1&_xlfn.TEXTJOIN(",",1,Y36:AB36,AD36)&$AR$1) -> {5000,3,1,101,112} | AT36: =IF(G36="","",$AQ$1&_xlfn.TEXTJOIN(",",1,AE36:AH36,AJ36)&$AR$1) -> {5000,3,1,102,113} | AU36: =IF(AK36="","",IF(G36="","",$AQ$1&_xlfn.TEXTJOIN(",",1,AK36:AO36)&$AR$1)) | AV36: 1124 | AW36: =IF(AU36="","["&_xlfn.TEXTJOIN(",",1,AP36:AT36)&"]","["&_xlfn.TEXTJOIN(",",1,AP36:AU36)&"]") -> [{5000,3,1,102,101},{5000,3,1,101,103},{5000,3,1,102,111},{5000,3,1,101,112},{5000,3,1,102,113}]
B37: 1125 | C37: 关卡2 | D37: =RIGHT(C37,1) -> 2 | F37: 209 | K37: =IF($J37="","",K16+100) | P37: =IF($J37="","",P16+100) | T37: =N37 -> 0 | V37: =IF($J37="","",V16+100) | Z37: =T37 -> 0 | AB37: =IF($J37="","",AB16+100) | AF37: =Z37 -> 0 | AH37: =IF($J37="","",AH16+100) | AP37: =IF(G37="","",$AQ$1&_xlfn.TEXTJOIN(",",1,G37:I37,K37,L37)&$AR$1) | AQ37: =IF(G37="","",$AQ$1&_xlfn.TEXTJOIN(",",1,M37:P37,R37)&$AR$1) | AR37: =IF(G37="","",$AQ$1&_xlfn.TEXTJOIN(",",1,S37:V37,X37)&$AR$1) | AS37: =IF(G37="","",$AQ$1&_xlfn.TEXTJOIN(",",1,Y37:AB37,AD37)&$AR$1) | AT37: =IF(G37="","",$AQ$1&_xlfn.TEXTJOIN(",",1,AE37:AH37,AJ37)&$AR$1) | AU37: =IF(AK37="","",IF(G37="","",$AQ$1&_xlfn.TEXTJOIN(",",1,AK37:AO37)&$AR$1)) | AV37: 1125
B38: 1126 | C38: 关卡2 | D38: =RIGHT(C38,1) -> 2 | F38: 211 | G38: 5000 | H38: 4 | I38: 1 | J38: 2 | K38: =IF($J38="","",K16+100) -> 102 | L38: =IF(L16="","",L16) -> 101 | M38: 5000 | N38: =H38 -> 4 | O38: 1 | P38: =IF($J38="","",P16+100) -> 101 | Q38: 51 | R38: =IF(R16="","",R16) -> 102 | S38: 5000 | T38: =N38 -> 4 | U38: 1 | V38: =IF($J38="","",V16+100) -> 102 | W38: 57 | X38: =IF(X16="","",X16) -> 103 | Y38: 5000 | Z38: =T38 -> 4 | AA38: 1 | AB38: =IF($J38="","",AB16+100) -> 101 | AC38: 79 | AD38: =IF(AD16="","",AD16) -> 113 | AE38: 5000 | AF38: =Z38 -> 4 | AG38: 1 | AH38: =IF($J38="","",AH16+100) -> 102 | AI38: 72 | AJ38: =IF(AJ16="","",AJ16) -> 111 | AK38: 1000 | AL38: 1 | AM38: 0 | AN38: 131 | AO38: 4 | AP38: =IF(G38="","",$AQ$1&_xlfn.TEXTJOIN(",",1,G38:I38,K38,L38)&$AR$1) -> {5000,4,1,102,101} | AQ38: =IF(G38="","",$AQ$1&_xlfn.TEXTJOIN(",",1,M38:P38,R38)&$AR$1) -> {5000,4,1,101,102} | AR38: =IF(G38="","",$AQ$1&_xlfn.TEXTJOIN(",",1,S38:V38,X38)&$AR$1) -> {5000,4,1,102,103} | AS38: =IF(G38="","",$AQ$1&_xlfn.TEXTJOIN(",",1,Y38:AB38,AD38)&$AR$1) -> {5000,4,1,101,113} | AT38: =IF(G38="","",$AQ$1&_xlfn.TEXTJOIN(",",1,AE38:AH38,AJ38)&$AR$1) -> {5000,4,1,102,111} | AU38: =IF(AK38="","",IF(G38="","",$AQ$1&_xlfn.TEXTJOIN(",",1,AK38:AO38)&$AR$1)) -> {1000,1,0,131,4} | AV38: 1126 | AW38: =IF(AU38="","["&_xlfn.TEXTJOIN(",",1,AP38:AT38)&"]","["&_xlfn.TEXTJOIN(",",1,AP38:AU38)&"]") -> [{5000,4,1,102,101},{5000,4,1,101,102},{5000,4,1,102,103},{5000,4,1,101,113},{5000,4,1,102,111},{1000,1,0,131,4}]
B39: 1127 | C39: 关卡2 | D39: =RIGHT(C39,1) -> 2 | F39: 226 | G39: 5000 | H39: 4 | I39: 1 | J39: 2 | K39: =IF($J39="","",K17+100) -> 102 | L39: =IF(L17="","",L17) -> 101 | M39: 5000 | N39: =H39 -> 4 | O39: 1 | P39: =IF($J39="","",P17+100) -> 101 | Q39: 51 | R39: =IF(R17="","",R17) -> 103 | S39: 5000 | T39: =N39 -> 4 | U39: 1 | V39: =IF($J39="","",V17+100) -> 102 | W39: 75 | X39: =IF(X17="","",X17) -> 111 | Y39: 5000 | Z39: =T39 -> 4 | AA39: 1 | AB39: =IF($J39="","",AB17+100) -> 101 | AC39: 71 | AD39: =IF(AD17="","",AD17) -> 112 | AE39: 5000 | AF39: =Z39 -> 4 | AG39: 1 | AH39: =IF($J39="","",AH17+100) -> 102 | AI39: 77 | AJ39: =IF(AJ17="","",AJ17) -> 113 | AP39: =IF(G39="","",$AQ$1&_xlfn.TEXTJOIN(",",1,G39:I39,K39,L39)&$AR$1) -> {5000,4,1,102,101} | AQ39: =IF(G39="","",$AQ$1&_xlfn.TEXTJOIN(",",1,M39:P39,R39)&$AR$1) -> {5000,4,1,101,103} | AR39: =IF(G39="","",$AQ$1&_xlfn.TEXTJOIN(",",1,S39:V39,X39)&$AR$1) -> {5000,4,1,102,111} | AS39: =IF(G39="","",$AQ$1&_xlfn.TEXTJOIN(",",1,Y39:AB39,AD39)&$AR$1) -> {5000,4,1,101,112} | AT39: =IF(G39="","",$AQ$1&_xlfn.TEXTJOIN(",",1,AE39:AH39,AJ39)&$AR$1) -> {5000,4,1,102,113} | AU39: =IF(AK39="","",IF(G39="","",$AQ$1&_xlfn.TEXTJOIN(",",1,AK39:AO39)&$AR$1)) | AV39: 1127 | AW39: =IF(AU39="","["&_xlfn.TEXTJOIN(",",1,AP39:AT39)&"]","["&_xlfn.TEXTJOIN(",",1,AP39:AU39)&"]") -> [{5000,4,1,102,101},{5000,4,1,101,103},{5000,4,1,102,111},{5000,4,1,101,112},{5000,4,1,102,113}]
B40: 1128 | C40: 关卡2 | D40: =RIGHT(C40,1) -> 2 | F40: 241 | G40: 5000 | H40: 5 | I40: 1 | J40: 3 | K40: =IF($J40="","",K18+100) -> 103 | L40: =IF(L18="","",L18) -> 101 | M40: 5000 | N40: =H40 -> 5 | O40: 1 | P40: =IF($J40="","",P18+100) -> 103 | Q40: 1 | R40: =IF(R18="","",R18) -> 102 | S40: 5000 | T40: =N40 -> 5 | U40: 1 | V40: =IF($J40="","",V18+100) -> 103 | W40: 1 | X40: =IF(X18="","",X18) -> 103 | Y40: 5000 | Z40: =T40 -> 5 | AA40: 1 | AB40: =IF($J40="","",AB18+100) -> 103 | AC40: 1 | AD40: =IF(AD18="","",AD18) -> 113 | AE40: 5000 | AF40: =Z40 -> 5 | AG40: 1 | AH40: =IF($J40="","",AH18+100) -> 103 | AI40: 1 | AJ40: =IF(AJ18="","",AJ18) -> 111 | AP40: =IF(G40="","",$AQ$1&_xlfn.TEXTJOIN(",",1,G40:I40,K40,L40)&$AR$1) -> {5000,5,1,103,101} | AQ40: =IF(G40="","",$AQ$1&_xlfn.TEXTJOIN(",",1,M40:P40,R40)&$AR$1) -> {5000,5,1,103,102} | AR40: =IF(G40="","",$AQ$1&_xlfn.TEXTJOIN(",",1,S40:V40,X40)&$AR$1) -> {5000,5,1,103,103} | AS40: =IF(G40="","",$AQ$1&_xlfn.TEXTJOIN(",",1,Y40:AB40,AD40)&$AR$1) -> {5000,5,1,103,113} | AT40: =IF(G40="","",$AQ$1&_xlfn.TEXTJOIN(",",1,AE40:AH40,AJ40)&$AR$1) -> {5000,5,1,103,111} | AU40: =IF(AK40="","",IF(G40="","",$AQ$1&_xlfn.TEXTJOIN(",",1,AK40:AO40)&$AR$1)) | AV40: 1128 | AW40: =IF(AU40="","["&_xlfn.TEXTJOIN(",",1,AP40:AT40)&"]","["&_xlfn.TEXTJOIN(",",1,AP40:AU40)&"]") -> [{5000,5,1,103,101},{5000,5,1,103,102},{5000,5,1,103,103},{5000,5,1,103,113},{5000,5,1,103,111}]
B41: 1129 | C41: 关卡2 | D41: =RIGHT(C41,1) -> 2 | F41: 256 | G41: 5000 | H41: 4 | I41: 1 | J41: 2 | K41: =IF($J41="","",K19+100) -> 102 | L41: =IF(L19="","",L19) -> 101 | M41: 5000 | N41: =H41 -> 4 | O41: 1 | P41: =IF($J41="","",P19+100) -> 102 | Q41: 59 | R41: =IF(R19="","",R19) -> 103 | S41: 5000 | T41: =N41 -> 4 | U41: 1 | V41: =IF($J41="","",V19+100) -> 102 | W41: 79 | X41: =IF(X19="","",X19) -> 111 | Y41: 5000 | Z41: =T41 -> 4 | AA41: 1 | AB41: =IF($J41="","",AB19+100) -> 101 | AC41: 72 | AD41: =IF(AD19="","",AD19) -> 112 | AE41: 5000 | AF41: =Z41 -> 4 | AG41: 1 | AH41: =IF($J41="","",AH19+100) -> 102 | AI41: 74 | AJ41: =IF(AJ19="","",AJ19) -> 113 | AP41: =IF(G41="","",$AQ$1&_xlfn.TEXTJOIN(",",1,G41:I41,K41,L41)&$AR$1) -> {5000,4,1,102,101} | AQ41: =IF(G41="","",$AQ$1&_xlfn.TEXTJOIN(",",1,M41:P41,R41)&$AR$1) -> {5000,4,1,102,103} | AR41: =IF(G41="","",$AQ$1&_xlfn.TEXTJOIN(",",1,S41:V41,X41)&$AR$1) -> {5000,4,1,102,111} | AS41: =IF(G41="","",$AQ$1&_xlfn.TEXTJOIN(",",1,Y41:AB41,AD41)&$AR$1) -> {5000,4,1,101,112} | AT41: =IF(G41="","",$AQ$1&_xlfn.TEXTJOIN(",",1,AE41:AH41,AJ41)&$AR$1) -> {5000,4,1,102,113} | AU41: =IF(AK41="","",IF(G41="","",$AQ$1&_xlfn.TEXTJOIN(",",1,AK41:AO41)&$AR$1)) | AV41: 1129 | AW41: =IF(AU41="","["&_xlfn.TEXTJOIN(",",1,AP41:AT41)&"]","["&_xlfn.TEXTJOIN(",",1,AP41:AU41)&"]") -> [{5000,4,1,102,101},{5000,4,1,102,103},{5000,4,1,102,111},{5000,4,1,101,112},{5000,4,1,102,113}]
B42: 1130 | C42: 关卡2 | D42: =RIGHT(C42,1) -> 2 | F42: 271 | G42: 5000 | H42: 4 | I42: 1 | J42: 2 | K42: =IF($J42="","",K20+100) -> 102 | L42: =IF(L20="","",L20) -> 101 | M42: 5000 | N42: =H42 -> 4 | O42: 1 | P42: =IF($J42="","",P20+100) -> 102 | Q42: 54 | R42: =IF(R20="","",R20) -> 102 | S42: 5000 | T42: =N42 -> 4 | U42: 1 | V42: =IF($J42="","",V20+100) -> 102 | W42: 56 | X42: =IF(X20="","",X20) -> 103 | Y42: 5000 | Z42: =T42 -> 4 | AA42: 1 | AB42: =IF($J42="","",AB20+100) -> 102 | AC42: 73 | AD42: =IF(AD20="","",AD20) -> 113 | AE42: 5000 | AF42: =Z42 -> 4 | AG42: 1 | AH42: =IF($J42="","",AH20+100) -> 102 | AI42: 75 | AJ42: =IF(AJ20="","",AJ20) -> 111 | AP42: =IF(G42="","",$AQ$1&_xlfn.TEXTJOIN(",",1,G42:I42,K42,L42)&$AR$1) -> {5000,4,1,102,101} | AQ42: =IF(G42="","",$AQ$1&_xlfn.TEXTJOIN(",",1,M42:P42,R42)&$AR$1) -> {5000,4,1,102,102} | AR42: =IF(G42="","",$AQ$1&_xlfn.TEXTJOIN(",",1,S42:V42,X42)&$AR$1) -> {5000,4,1,102,103} | AS42: =IF(G42="","",$AQ$1&_xlfn.TEXTJOIN(",",1,Y42:AB42,AD42)&$AR$1) -> {5000,4,1,102,113} | AT42: =IF(G42="","",$AQ$1&_xlfn.TEXTJOIN(",",1,AE42:AH42,AJ42)&$AR$1) -> {5000,4,1,102,111} | AU42: =IF(AK42="","",IF(G42="","",$AQ$1&_xlfn.TEXTJOIN(",",1,AK42:AO42)&$AR$1)) | AV42: 1130 | AW42: =IF(AU42="","["&_xlfn.TEXTJOIN(",",1,AP42:AT42)&"]","["&_xlfn.TEXTJOIN(",",1,AP42:AU42)&"]") -> [{5000,4,1,102,101},{5000,4,1,102,102},{5000,4,1,102,103},{5000,4,1,102,113},{5000,4,1,102,111}]
B43: 1131 | C43: 关卡2 | D43: =RIGHT(C43,1) -> 2 | F43: 286 | G43: 5000 | H43: 4 | I43: 1 | J43: 2 | K43: =IF($J43="","",K21+100) -> 102 | L43: =IF(L21="","",L21) -> 101 | M43: 5000 | N43: =H43 -> 4 | O43: 1 | P43: =IF($J43="","",P21+100) -> 102 | Q43: 53 | R43: =IF(R21="","",R21) -> 103 | S43: 5000 | T43: =N43 -> 4 | U43: 1 | V43: =IF($J43="","",V21+100) -> 102 | W43: 59 | X43: =IF(X21="","",X21) -> 111 | Y43: 5000 | Z43: =T43 -> 4 | AA43: 1 | AB43: =IF($J43="","",AB21+100) -> 102 | AC43: 71 | AD43: =IF(AD21="","",AD21) -> 112 | AE43: 5000 | AF43: =Z43 -> 4 | AG43: 1 | AH43: =IF($J43="","",AH21+100) -> 102 | AI43: 77 | AJ43: =IF(AJ21="","",AJ21) -> 113 | AP43: =IF(G43="","",$AQ$1&_xlfn.TEXTJOIN(",",1,G43:I43,K43,L43)&$AR$1) -> {5000,4,1,102,101} | AQ43: =IF(G43="","",$AQ$1&_xlfn.TEXTJOIN(",",1,M43:P43,R43)&$AR$1) -> {5000,4,1,102,103} | AR43: =IF(G43="","",$AQ$1&_xlfn.TEXTJOIN(",",1,S43:V43,X43)&$AR$1) -> {5000,4,1,102,111} | AS43: =IF(G43="","",$AQ$1&_xlfn.TEXTJOIN(",",1,Y43:AB43,AD43)&$AR$1) -> {5000,4,1,102,112} | AT43: =IF(G43="","",$AQ$1&_xlfn.TEXTJOIN(",",1,AE43:AH43,AJ43)&$AR$1) -> {5000,4,1,102,113} | AU43: =IF(AK43="","",IF(G43="","",$AQ$1&_xlfn.TEXTJOIN(",",1,AK43:AO43)&$AR$1)) | AV43: 1131 | AW43: =IF(AU43="","["&_xlfn.TEXTJOIN(",",1,AP43:AT43)&"]","["&_xlfn.TEXTJOIN(",",1,AP43:AU43)&"]") -> [{5000,4,1,102,101},{5000,4,1,102,103},{5000,4,1,102,111},{5000,4,1,102,112},{5000,4,1,102,113}]
B44: 1132 | C44: 关卡2 | D44: =RIGHT(C44,1) -> 2 | F44: 290 | G44: 5000 | H44: 4 | I44: 1 | J44: 2 | K44: =IF($J44="","",K22+100) -> 102 | L44: =IF(L22="","",L22) -> 101 | M44: 5000 | N44: =H44 -> 4 | O44: 1 | P44: =IF($J44="","",P22+100) -> 102 | Q44: 56 | R44: =IF(R22="","",R22) -> 102 | S44: 5000 | T44: =N44 -> 4 | U44: 1 | V44: =IF($J44="","",V22+100) -> 101 | W44: 77 | X44: =IF(X22="","",X22) -> 103 | Y44: 5000 | Z44: =T44 -> 4 | AA44: 1 | AB44: =IF($J44="","",AB22+100) -> 102 | AC44: 72 | AD44: =IF(AD22="","",AD22) -> 113 | AE44: 5000 | AF44: =Z44 -> 4 | AG44: 1 | AH44: =IF($J44="","",AH22+100) -> 102 | AI44: 74 | AJ44: =IF(AJ22="","",AJ22) -> 111 | AP44: =IF(G44="","",$AQ$1&_xlfn.TEXTJOIN(",",1,G44:I44,K44,L44)&$AR$1) -> {5000,4,1,102,101} | AQ44: =IF(G44="","",$AQ$1&_xlfn.TEXTJOIN(",",1,M44:P44,R44)&$AR$1) -> {5000,4,1,102,102} | AR44: =IF(G44="","",$AQ$1&_xlfn.TEXTJOIN(",",1,S44:V44,X44)&$AR$1) -> {5000,4,1,101,103} | AS44: =IF(G44="","",$AQ$1&_xlfn.TEXTJOIN(",",1,Y44:AB44,AD44)&$AR$1) -> {5000,4,1,102,113} | AT44: =IF(G44="","",$AQ$1&_xlfn.TEXTJOIN(",",1,AE44:AH44,AJ44)&$AR$1) -> {5000,4,1,102,111} | AU44: =IF(AK44="","",IF(G44="","",$AQ$1&_xlfn.TEXTJOIN(",",1,AK44:AO44)&$AR$1)) | AV44: 1132 | AW44: =IF(AU44="","["&_xlfn.TEXTJOIN(",",1,AP44:AT44)&"]","["&_xlfn.TEXTJOIN(",",1,AP44:AU44)&"]") -> [{5000,4,1,102,101},{5000,4,1,102,102},{5000,4,1,101,103},{5000,4,1,102,113},{5000,4,1,102,111}]
B45: 1211 | C45: 关卡3 | D45: =RIGHT(C45,1) -> 3 | F45: 1 | G45: 5000 | H45: 1 | I45: 1 | J45: 1 | K45: =IF($J45="","",K23+100) -> 201 | L45: =IF(L23="","",L23) -> 101 | M45: 5000 | N45: =H45 -> 1 | O45: 1 | P45: =IF($J45="","",P23+100) -> 201 | Q45: 55 | R45: =IF(R23="","",R23) -> 102 | S45: 5000 | T45: =N45 -> 1 | U45: 1 | V45: =IF($J45="","",V23+100) -> 201 | W45: 60 | X45: =IF(X23="","",X23) -> 103 | Y45: 5000 | Z45: =T45 -> 1 | AA45: 1 | AB45: =IF($J45="","",AB23+100) -> 201 | AC45: 71 | AD45: =IF(AD23="","",AD23) -> 113 | AE45: 5000 | AF45: =Z45 -> 1 | AG45: 1 | AH45: =IF($J45="","",AH23+100) -> 201 | AI45: 76 | AJ45: =IF(AJ23="","",AJ23) -> 111 | AP45: =IF(G45="","",$AQ$1&_xlfn.TEXTJOIN(",",1,G45:I45,K45,L45)&$AR$1) -> {5000,1,1,201,101} | AQ45: =IF(G45="","",$AQ$1&_xlfn.TEXTJOIN(",",1,M45:P45,R45)&$AR$1) -> {5000,1,1,201,102} | AR45: =IF(G45="","",$AQ$1&_xlfn.TEXTJOIN(",",1,S45:V45,X45)&$AR$1) -> {5000,1,1,201,103} | AS45: =IF(G45="","",$AQ$1&_xlfn.TEXTJOIN(",",1,Y45:AB45,AD45)&$AR$1) -> {5000,1,1,201,113} | AT45: =IF(G45="","",$AQ$1&_xlfn.TEXTJOIN(",",1,AE45:AH45,AJ45)&$AR$1) -> {5000,1,1,201,111} | AU45: =IF(AK45="","",IF(G45="","",$AQ$1&_xlfn.TEXTJOIN(",",1,AK45:AO45)&$AR$1)) | AV45: 1211 | AW45: =IF(AU45="","["&_xlfn.TEXTJOIN(",",1,AP45:AT45)&"]","["&_xlfn.TEXTJOIN(",",1,AP45:AU45)&"]") -> [{5000,1,1,201,101},{5000,1,1,201,102},{5000,1,1,201,103},{5000,1,1,201,113},{5000,1,1,201,111}]
B46: 1212 | C46: 关卡3 | D46: =RIGHT(C46,1) -> 3 | F46: 16 | G46: 5000 | H46: 1 | I46: 1 | J46: 1 | K46: =IF($J46="","",K24+100) -> 201 | L46: =IF(L24="","",L24) -> 101 | M46: 5000 | N46: =H46 -> 1 | O46: 1 | P46: =IF($J46="","",P24+100) -> 201 | Q46: 55 | R46: =IF(R24="","",R24) -> 103 | S46: 5000 | T46: =N46 -> 1 | U46: 1 | V46: =IF($J46="","",V24+100) -> 201 | W46: 75 | X46: =IF(X24="","",X24) -> 111 | Y46: 5000 | Z46: =T46 -> 1 | AA46: 1 | AB46: =IF($J46="","",AB24+100) -> 201 | AC46: 73 | AD46: =IF(AD24="","",AD24) -> 112 | AE46: 5000 | AF46: =Z46 -> 1 | AG46: 1 | AH46: =IF($J46="","",AH24+100) -> 201 | AI46: 78 | AJ46: =IF(AJ24="","",AJ24) -> 113 | AP46: =IF(G46="","",$AQ$1&_xlfn.TEXTJOIN(",",1,G46:I46,K46,L46)&$AR$1) -> {5000,1,1,201,101} | AQ46: =IF(G46="","",$AQ$1&_xlfn.TEXTJOIN(",",1,M46:P46,R46)&$AR$1) -> {5000,1,1,201,103} | AR46: =IF(G46="","",$AQ$1&_xlfn.TEXTJOIN(",",1,S46:V46,X46)&$AR$1) -> {5000,1,1,201,111} | AS46: =IF(G46="","",$AQ$1&_xlfn.TEXTJOIN(",",1,Y46:AB46,AD46)&$AR$1) -> {5000,1,1,201,112} | AT46: =IF(G46="","",$AQ$1&_xlfn.TEXTJOIN(",",1,AE46:AH46,AJ46)&$AR$1) -> {5000,1,1,201,113} | AU46: =IF(AK46="","",IF(G46="","",$AQ$1&_xlfn.TEXTJOIN(",",1,AK46:AO46)&$AR$1)) | AV46: 1212 | AW46: =IF(AU46="","["&_xlfn.TEXTJOIN(",",1,AP46:AT46)&"]","["&_xlfn.TEXTJOIN(",",1,AP46:AU46)&"]") -> [{5000,1,1,201,101},{5000,1,1,201,103},{5000,1,1,201,111},{5000,1,1,201,112},{5000,1,1,201,113}]
B47: 1213 | C47: 关卡3 | D47: =RIGHT(C47,1) -> 3 | F47: 31 | G47: 5000 | H47: 2 | I47: 1 | J47: 1 | K47: =IF($J47="","",K25+100) -> 201 | L47: =IF(L25="","",L25) -> 101 | M47: 5000 | N47: =H47 -> 2 | O47: 1 | P47: =IF($J47="","",P25+100) -> 201 | Q47: 55 | R47: =IF(R25="","",R25) -> 102 | S47: 5000 | T47: =N47 -> 2 | U47: 1 | V47: =IF($J47="","",V25+100) -> 201 | W47: 58 | X47: =IF(X25="","",X25) -> 103 | Y47: 5000 | Z47: =T47 -> 2 | AA47: 1 | AB47: =IF($J47="","",AB25+100) -> 201 | AC47: 76 | AD47: =IF(AD25="","",AD25) -> 113 | AE47: 5000 | AF47: =Z47 -> 2 | AG47: 1 | AH47: =IF($J47="","",AH25+100) -> 201 | AI47: 79 | AJ47: =IF(AJ25="","",AJ25) -> 111 | AP47: =IF(G47="","",$AQ$1&_xlfn.TEXTJOIN(",",1,G47:I47,K47,L47)&$AR$1) -> {5000,2,1,201,101} | AQ47: =IF(G47="","",$AQ$1&_xlfn.TEXTJOIN(",",1,M47:P47,R47)&$AR$1) -> {5000,2,1,201,102} | AR47: =IF(G47="","",$AQ$1&_xlfn.TEXTJOIN(",",1,S47:V47,X47)&$AR$1) -> {5000,2,1,201,103} | AS47: =IF(G47="","",$AQ$1&_xlfn.TEXTJOIN(",",1,Y47:AB47,AD47)&$AR$1) -> {5000,2,1,201,113} | AT47: =IF(G47="","",$AQ$1&_xlfn.TEXTJOIN(",",1,AE47:AH47,AJ47)&$AR$1) -> {5000,2,1,201,111} | AU47: =IF(AK47="","",IF(G47="","",$AQ$1&_xlfn.TEXTJOIN(",",1,AK47:AO47)&$AR$1)) | AV47: 1213 | AW47: =IF(AU47="","["&_xlfn.TEXTJOIN(",",1,AP47:AT47)&"]","["&_xlfn.TEXTJOIN(",",1,AP47:AU47)&"]") -> [{5000,2,1,201,101},{5000,2,1,201,102},{5000,2,1,201,103},{5000,2,1,201,113},{5000,2,1,201,111}]
B48: 1214 | C48: 关卡3 | D48: =RIGHT(C48,1) -> 3 | F48: 46 | G48: 5000 | H48: 2 | I48: 1 | J48: 1 | K48: =IF($J48="","",K26+100) -> 201 | L48: =IF(L26="","",L26) -> 101 | M48: 5000 | N48: =H48 -> 2 | O48: 1 | P48: =IF($J48="","",P26+100) -> 201 | Q48: 55 | R48: =IF(R26="","",R26) -> 103 | S48: 5000 | T48: =N48 -> 2 | U48: 1 | V48: =IF($J48="","",V26+100) -> 202 | W48: 76 | X48: =IF(X26="","",X26) -> 111 | Y48: 5000 | Z48: =T48 -> 2 | AA48: 1 | AB48: =IF($J48="","",AB26+100) -> 201 | AC48: 71 | AD48: =IF(AD26="","",AD26) -> 112 | AE48: 5000 | AF48: =Z48 -> 2 | AG48: 1 | AH48: =IF($J48="","",AH26+100) -> 201 | AI48: 71 | AJ48: =IF(AJ26="","",AJ26) -> 113 | AP48: =IF(G48="","",$AQ$1&_xlfn.TEXTJOIN(",",1,G48:I48,K48,L48)&$AR$1) -> {5000,2,1,201,101} | AQ48: =IF(G48="","",$AQ$1&_xlfn.TEXTJOIN(",",1,M48:P48,R48)&$AR$1) -> {5000,2,1,201,103} | AR48: =IF(G48="","",$AQ$1&_xlfn.TEXTJOIN(",",1,S48:V48,X48)&$AR$1) -> {5000,2,1,202,111} | AS48: =IF(G48="","",$AQ$1&_xlfn.TEXTJOIN(",",1,Y48:AB48,AD48)&$AR$1) -> {5000,2,1,201,112} | AT48: =IF(G48="","",$AQ$1&_xlfn.TEXTJOIN(",",1,AE48:AH48,AJ48)&$AR$1) -> {5000,2,1,201,113} | AU48: =IF(AK48="","",IF(G48="","",$AQ$1&_xlfn.TEXTJOIN(",",1,AK48:AO48)&$AR$1)) | AV48: 1214 | AW48: =IF(AU48="","["&_xlfn.TEXTJOIN(",",1,AP48:AT48)&"]","["&_xlfn.TEXTJOIN(",",1,AP48:AU48)&"]") -> [{5000,2,1,201,101},{5000,2,1,201,103},{5000,2,1,202,111},{5000,2,1,201,112},{5000,2,1,201,113}]
B49: 1215 | C49: 关卡3 | D49: =RIGHT(C49,1) -> 3 | F49: 61 | G49: 5000 | H49: 2 | I49: 1 | J49: 3 | K49: =IF($J49="","",K27+100) -> 203 | L49: =IF(L27="","",L27) -> 101 | M49: 5000 | N49: =H49 -> 2 | O49: 1 | P49: =IF($J49="","",P27+100) -> 203 | Q49: 1 | R49: =IF(R27="","",R27) -> 102 | S49: 5000 | T49: =N49 -> 2 | U49: 1 | V49: =IF($J49="","",V27+100) -> 203 | W49: 1 | X49: =IF(X27="","",X27) -> 103 | Y49: 5000 | Z49: =T49 -> 2 | AA49: 1 | AB49: =IF($J49="","",AB27+100) -> 203 | AC49: 1 | AD49: =IF(AD27="","",AD27) -> 113 | AE49: 5000 | AF49: =Z49 -> 2 | AG49: 1 | AH49: =IF($J49="","",AH27+100) -> 203 | AI49: 1 | AJ49: =IF(AJ27="","",AJ27) -> 111 | AP49: =IF(G49="","",$AQ$1&_xlfn.TEXTJOIN(",",1,G49:I49,K49,L49)&$AR$1) -> {5000,2,1,203,101} | AQ49: =IF(G49="","",$AQ$1&_xlfn.TEXTJOIN(",",1,M49:P49,R49)&$AR$1) -> {5000,2,1,203,102} | AR49: =IF(G49="","",$AQ$1&_xlfn.TEXTJOIN(",",1,S49:V49,X49)&$AR$1) -> {5000,2,1,203,103} | AS49: =IF(G49="","",$AQ$1&_xlfn.TEXTJOIN(",",1,Y49:AB49,AD49)&$AR$1) -> {5000,2,1,203,113} | AT49: =IF(G49="","",$AQ$1&_xlfn.TEXTJOIN(",",1,AE49:AH49,AJ49)&$AR$1) -> {5000,2,1,203,111} | AU49: =IF(AK49="","",IF(G49="","",$AQ$1&_xlfn.TEXTJOIN(",",1,AK49:AO49)&$AR$1)) | AV49: 1215 | AW49: =IF(AU49="","["&_xlfn.TEXTJOIN(",",1,AP49:AT49)&"]","["&_xlfn.TEXTJOIN(",",1,AP49:AU49)&"]") -> [{5000,2,1,203,101},{5000,2,1,203,102},{5000,2,1,203,103},{5000,2,1,203,113},{5000,2,1,203,111}]
B50: 1216 | C50: 关卡3 | D50: =RIGHT(C50,1) -> 3 | F50: 76 | G50: 5000 | H50: 2 | I50: 1 | J50: 1 | K50: =IF($J50="","",K28+100) -> 201 | L50: =IF(L28="","",L28) -> 101 | M50: 5000 | N50: =H50 -> 2 | O50: 1 | P50: =IF($J50="","",P28+100) -> 201 | Q50: 59 | R50: =IF(R28="","",R28) -> 103 | S50: 5000 | T50: =N50 -> 2 | U50: 1 | V50: =IF($J50="","",V28+100) -> 202 | W50: 71 | X50: =IF(X28="","",X28) -> 111 | Y50: 5000 | Z50: =T50 -> 2 | AA50: 1 | AB50: =IF($J50="","",AB28+100) -> 201 | AC50: 71 | AD50: =IF(AD28="","",AD28) -> 112 | AE50: 5000 | AF50: =Z50 -> 2 | AG50: 1 | AH50: =IF($J50="","",AH28+100) -> 201 | AI50: 79 | AJ50: =IF(AJ28="","",AJ28) -> 113 | AP50: =IF(G50="","",$AQ$1&_xlfn.TEXTJOIN(",",1,G50:I50,K50,L50)&$AR$1) -> {5000,2,1,201,101} | AQ50: =IF(G50="","",$AQ$1&_xlfn.TEXTJOIN(",",1,M50:P50,R50)&$AR$1) -> {5000,2,1,201,103} | AR50: =IF(G50="","",$AQ$1&_xlfn.TEXTJOIN(",",1,S50:V50,X50)&$AR$1) -> {5000,2,1,202,111} | AS50: =IF(G50="","",$AQ$1&_xlfn.TEXTJOIN(",",1,Y50:AB50,AD50)&$AR$1) -> {5000,2,1,201,112} | AT50: =IF(G50="","",$AQ$1&_xlfn.TEXTJOIN(",",1,AE50:AH50,AJ50)&$AR$1) -> {5000,2,1,201,113} | AU50: =IF(AK50="","",IF(G50="","",$AQ$1&_xlfn.TEXTJOIN(",",1,AK50:AO50)&$AR$1)) | AV50: 1216 | AW50: =IF(AU50="","["&_xlfn.TEXTJOIN(",",1,AP50:AT50)&"]","["&_xlfn.TEXTJOIN(",",1,AP50:AU50)&"]") -> [{5000,2,1,201,101},{5000,2,1,201,103},{5000,2,1,202,111},{5000,2,1,201,112},{5000,2,1,201,113}]
... B58: 1224 | C58: 关卡3 | D58: =RIGHT(C58,1) -> 3 | F58: 196 | G58: 5000 | H58: 3 | I58: 1 | J58: 2 | K58: =IF($J58="","",K36+100) -> 202 | L58: =IF(L36="","",L36) -> 101 | M58: 5000 | N58: =H58 -> 3 | O58: 1 | P58: =IF($J58="","",P36+100) -> 201 | Q58: 54 | R58: =IF(R36="","",R36) -> 103 | S58: 5000 | T58: =N58 -> 3 | U58: 1 | V58: =IF($J58="","",V36+100) -> 202 | W58: 77 | X58: =IF(X36="","",X36) -> 111 | Y58: 5000 | Z58: =T58 -> 3 | AA58: 1 | AB58: =IF($J58="","",AB36+100) -> 201 | AC58: 72 | AD58: =IF(AD36="","",AD36) -> 112 | AE58: 5000 | AF58: =Z58 -> 3 | AG58: 1 | AH58: =IF($J58="","",AH36+100) -> 202 | AI58: 74 | AJ58: =IF(AJ36="","",AJ36) -> 113 | AP58: =IF(G58="","",$AQ$1&_xlfn.TEXTJOIN(",",1,G58:I58,K58,L58)&$AR$1) -> {5000,3,1,202,101} | AQ58: =IF(G58="","",$AQ$1&_xlfn.TEXTJOIN(",",1,M58:P58,R58)&$AR$1) -> {5000,3,1,201,103} | AR58: =IF(G58="","",$AQ$1&_xlfn.TEXTJOIN(",",1,S58:V58,X58)&$AR$1) -> {5000,3,1,202,111} | AS58: =IF(G58="","",$AQ$1&_xlfn.TEXTJOIN(",",1,Y58:AB58,AD58)&$AR$1) -> {5000,3,1,201,112} | AT58: =IF(G58="","",$AQ$1&_xlfn.TEXTJOIN(",",1,AE58:AH58,AJ58)&$AR$1) -> {5000,3,1,202,113} | AU58: =IF(AK58="","",IF(G58="","",$AQ$1&_xlfn.TEXTJOIN(",",1,AK58:AO58)&$AR$1)) | AV58: 1224 | AW58: =IF(AU58="","["&_xlfn.TEXTJOIN(",",1,AP58:AT58)&"]","["&_xlfn.TEXTJOIN(",",1,AP58:AU58)&"]") -> [{5000,3,1,202,101},{5000,3,1,201,103},{5000,3,1,202,111},{5000,3,1,201,112},{5000,3,1,202,113}]
B59: 1225 | C59: 关卡3 | D59: =RIGHT(C59,1) -> 3 | F59: 209 | K59: =IF($J59="","",K37+100) | L59: =IF(L37="","",L37) | N59: =H59 -> 0 | P59: =IF($J59="","",P37+100) | R59: =IF(R37="","",R37) | T59: =N59 -> 0 | V59: =IF($J59="","",V37+100) | X59: =IF(X37="","",X37) | Z59: =T59 -> 0 | AB59: =IF($J59="","",AB37+100) | AD59: =IF(AD37="","",AD37) | AF59: =Z59 -> 0 | AH59: =IF($J59="","",AH37+100) | AJ59: =IF(AJ37="","",AJ37) | AP59: =IF(G59="","",$AQ$1&_xlfn.TEXTJOIN(",",1,G59:I59,K59,L59)&$AR$1) | AQ59: =IF(G59="","",$AQ$1&_xlfn.TEXTJOIN(",",1,M59:P59,R59)&$AR$1) | AR59: =IF(G59="","",$AQ$1&_xlfn.TEXTJOIN(",",1,S59:V59,X59)&$AR$1) | AS59: =IF(G59="","",$AQ$1&_xlfn.TEXTJOIN(",",1,Y59:AB59,AD59)&$AR$1) | AT59: =IF(G59="","",$AQ$1&_xlfn.TEXTJOIN(",",1,AE59:AH59,AJ59)&$AR$1) | AU59: =IF(AK59="","",IF(G59="","",$AQ$1&_xlfn.TEXTJOIN(",",1,AK59:AO59)&$AR$1)) | AV59: 1225
B60: 1226 | C60: 关卡3 | D60: =RIGHT(C60,1) -> 3 | F60: 211 | G60: 5000 | H60: 4 | I60: 1 | J60: 2 | K60: =IF($J60="","",K38+100) -> 202 | L60: =IF(L38="","",L38) -> 101 | M60: 5000 | N60: =H60 -> 4 | O60: 1 | P60: =IF($J60="","",P38+100) -> 201 | Q60: 51 | R60: =IF(R38="","",R38) -> 102 | S60: 5000 | T60: =N60 -> 4 | U60: 1 | V60: =IF($J60="","",V38+100) -> 202 | W60: 57 | X60: =IF(X38="","",X38) -> 103 | Y60: 5000 | Z60: =T60 -> 4 | AA60: 1 | AB60: =IF($J60="","",AB38+100) -> 201 | AC60: 79 | AD60: =IF(AD38="","",AD38) -> 113 | AE60: 5000 | AF60: =Z60 -> 4 | AG60: 1 | AH60: =IF($J60="","",AH38+100) -> 202 | AI60: 72 | AJ60: =IF(AJ38="","",AJ38) -> 111 | AK60: 1000 | AL60: 1 | AM60: 0 | AN60: 231 | AO60: 4 | AP60: =IF(G60="","",$AQ$1&_xlfn.TEXTJOIN(",",1,G60:I60,K60,L60)&$AR$1) -> {5000,4,1,202,101} | AQ60: =IF(G60="","",$AQ$1&_xlfn.TEXTJOIN(",",1,M60:P60,R60)&$AR$1) -> {5000,4,1,201,102} | AR60: =IF(G60="","",$AQ$1&_xlfn.TEXTJOIN(",",1,S60:V60,X60)&$AR$1) -> {5000,4,1,202,103} | AS60: =IF(G60="","",$AQ$1&_xlfn.TEXTJOIN(",",1,Y60:AB60,AD60)&$AR$1) -> {5000,4,1,201,113} | AT60: =IF(G60="","",$AQ$1&_xlfn.TEXTJOIN(",",1,AE60:AH60,AJ60)&$AR$1) -> {5000,4,1,202,111} | AU60: =IF(AK60="","",IF(G60="","",$AQ$1&_xlfn.TEXTJOIN(",",1,AK60:AO60)&$AR$1)) -> {1000,1,0,231,4} | AV60: 1226 | AW60: =IF(AU60="","["&_xlfn.TEXTJOIN(",",1,AP60:AT60)&"]","["&_xlfn.TEXTJOIN(",",1,AP60:AU60)&"]") -> [{5000,4,1,202,101},{5000,4,1,201,102},{5000,4,1,202,103},{5000,4,1,201,113},{5000,4,1,202,111},{1000,1,0,231,4}]
B61: 1227 | C61: 关卡3 | D61: =RIGHT(C61,1) -> 3 | F61: 226 | G61: 5000 | H61: 4 | I61: 1 | J61: 2 | K61: =IF($J61="","",K39+100) -> 202 | L61: =IF(L39="","",L39) -> 101 | M61: 5000 | N61: =H61 -> 4 | O61: 1 | P61: =IF($J61="","",P39+100) -> 201 | Q61: 51 | R61: =IF(R39="","",R39) -> 103 | S61: 5000 | T61: =N61 -> 4 | U61: 1 | V61: =IF($J61="","",V39+100) -> 202 | W61: 75 | X61: =IF(X39="","",X39) -> 111 | Y61: 5000 | Z61: =T61 -> 4 | AA61: 1 | AB61: =IF($J61="","",AB39+100) -> 201 | AC61: 71 | AD61: =IF(AD39="","",AD39) -> 112 | AE61: 5000 | AF61: =Z61 -> 4 | AG61: 1 | AH61: =IF($J61="","",AH39+100) -> 202 | AI61: 77 | AJ61: =IF(AJ39="","",AJ39) -> 113 | AP61: =IF(G61="","",$AQ$1&_xlfn.TEXTJOIN(",",1,G61:I61,K61,L61)&$AR$1) -> {5000,4,1,202,101} | AQ61: =IF(G61="","",$AQ$1&_xlfn.TEXTJOIN(",",1,M61:P61,R61)&$AR$1) -> {5000,4,1,201,103} | AR61: =IF(G61="","",$AQ$1&_xlfn.TEXTJOIN(",",1,S61:V61,X61)&$AR$1) -> {5000,4,1,202,111} | AS61: =IF(G61="","",$AQ$1&_xlfn.TEXTJOIN(",",1,Y61:AB61,AD61)&$AR$1) -> {5000,4,1,201,112} | AT61: =IF(G61="","",$AQ$1&_xlfn.TEXTJOIN(",",1,AE61:AH61,AJ61)&$AR$1) -> {5000,4,1,202,113} | AU61: =IF(AK61="","",IF(G61="","",$AQ$1&_xlfn.TEXTJOIN(",",1,AK61:AO61)&$AR$1)) | AV61: 1227 | AW61: =IF(AU61="","["&_xlfn.TEXTJOIN(",",1,AP61:AT61)&"]","["&_xlfn.TEXTJOIN(",",1,AP61:AU61)&"]") -> [{5000,4,1,202,101},{5000,4,1,201,103},{5000,4,1,202,111},{5000,4,1,201,112},{5000,4,1,202,113}]
B62: 1228 | C62: 关卡3 | D62: =RIGHT(C62,1) -> 3 | F62: 241 | G62: 5000 | H62: 5 | I62: 1 | J62: 3 | K62: =IF($J62="","",K40+100) -> 203 | L62: =IF(L40="","",L40) -> 101 | M62: 5000 | N62: =H62 -> 5 | O62: 1 | P62: =IF($J62="","",P40+100) -> 203 | Q62: 1 | R62: =IF(R40="","",R40) -> 102 | S62: 5000 | T62: =N62 -> 5 | U62: 1 | V62: =IF($J62="","",V40+100) -> 203 | W62: 1 | X62: =IF(X40="","",X40) -> 103 | Y62: 5000 | Z62: =T62 -> 5 | AA62: 1 | AB62: =IF($J62="","",AB40+100) -> 203 | AC62: 1 | AD62: =IF(AD40="","",AD40) -> 113 | AE62: 5000 | AF62: =Z62 -> 5 | AG62: 1 | AH62: =IF($J62="","",AH40+100) -> 203 | AI62: 1 | AJ62: =IF(AJ40="","",AJ40) -> 111 | AP62: =IF(G62="","",$AQ$1&_xlfn.TEXTJOIN(",",1,G62:I62,K62,L62)&$AR$1) -> {5000,5,1,203,101} | AQ62: =IF(G62="","",$AQ$1&_xlfn.TEXTJOIN(",",1,M62:P62,R62)&$AR$1) -> {5000,5,1,203,102} | AR62: =IF(G62="","",$AQ$1&_xlfn.TEXTJOIN(",",1,S62:V62,X62)&$AR$1) -> {5000,5,1,203,103} | AS62: =IF(G62="","",$AQ$1&_xlfn.TEXTJOIN(",",1,Y62:AB62,AD62)&$AR$1) -> {5000,5,1,203,113} | AT62: =IF(G62="","",$AQ$1&_xlfn.TEXTJOIN(",",1,AE62:AH62,AJ62)&$AR$1) -> {5000,5,1,203,111} | AU62: =IF(AK62="","",IF(G62="","",$AQ$1&_xlfn.TEXTJOIN(",",1,AK62:AO62)&$AR$1)) | AV62: 1228 | AW62: =IF(AU62="","["&_xlfn.TEXTJOIN(",",1,AP62:AT62)&"]","["&_xlfn.TEXTJOIN(",",1,AP62:AU62)&"]") -> [{5000,5,1,203,101},{5000,5,1,203,102},{5000,5,1,203,103},{5000,5,1,203,113},{5000,5,1,203,111}]
B63: 1229 | C63: 关卡3 | D63: =RIGHT(C63,1) -> 3 | F63: 256 | G63: 5000 | H63: 4 | I63: 1 | J63: 2 | K63: =IF($J63="","",K41+100) -> 202 | L63: =IF(L41="","",L41) -> 101 | M63: 5000 | N63: =H63 -> 4 | O63: 1 | P63: =IF($J63="","",P41+100) -> 202 | Q63: 59 | R63: =IF(R41="","",R41) -> 103 | S63: 5000 | T63: =N63 -> 4 | U63: 1 | V63: =IF($J63="","",V41+100) -> 202 | W63: 79 | X63: =IF(X41="","",X41) -> 111 | Y63: 5000 | Z63: =T63 -> 4 | AA63: 1 | AB63: =IF($J63="","",AB41+100) -> 201 | AC63: 72 | AD63: =IF(AD41="","",AD41) -> 112 | AE63: 5000 | AF63: =Z63 -> 4 | AG63: 1 | AH63: =IF($J63="","",AH41+100) -> 202 | AI63: 74 | AJ63: =IF(AJ41="","",AJ41) -> 113 | AP63: =IF(G63="","",$AQ$1&_xlfn.TEXTJOIN(",",1,G63:I63,K63,L63)&$AR$1) -> {5000,4,1,202,101} | AQ63: =IF(G63="","",$AQ$1&_xlfn.TEXTJOIN(",",1,M63:P63,R63)&$AR$1) -> {5000,4,1,202,103} | AR63: =IF(G63="","",$AQ$1&_xlfn.TEXTJOIN(",",1,S63:V63,X63)&$AR$1) -> {5000,4,1,202,111} | AS63: =IF(G63="","",$AQ$1&_xlfn.TEXTJOIN(",",1,Y63:AB63,AD63)&$AR$1) -> {5000,4,1,201,112} | AT63: =IF(G63="","",$AQ$1&_xlfn.TEXTJOIN(",",1,AE63:AH63,AJ63)&$AR$1) -> {5000,4,1,202,113} | AU63: =IF(AK63="","",IF(G63="","",$AQ$1&_xlfn.TEXTJOIN(",",1,AK63:AO63)&$AR$1)) | AV63: 1229 | AW63: =IF(AU63="","["&_xlfn.TEXTJOIN(",",1,AP63:AT63)&"]","["&_xlfn.TEXTJOIN(",",1,AP63:AU63)&"]") -> [{5000,4,1,202,101},{5000,4,1,202,103},{5000,4,1,202,111},{5000,4,1,201,112},{5000,4,1,202,113}]
B64: 1230 | C64: 关卡3 | D64: =RIGHT(C64,1) -> 3 | F64: 271 | G64: 5000 | H64: 4 | I64: 1 | J64: 2 | K64: =IF($J64="","",K42+100) -> 202 | L64: =IF(L42="","",L42) -> 101 | M64: 5000 | N64: =H64 -> 4 | O64: 1 | P64: =IF($J64="","",P42+100) -> 202 | Q64: 54 | R64: =IF(R42="","",R42) -> 102 | S64: 5000 | T64: =N64 -> 4 | U64: 1 | V64: =IF($J64="","",V42+100) -> 202 | W64: 56 | X64: =IF(X42="","",X42) -> 103 | Y64: 5000 | Z64: =T64 -> 4 | AA64: 1 | AB64: =IF($J64="","",AB42+100) -> 202 | AC64: 73 | AD64: =IF(AD42="","",AD42) -> 113 | AE64: 5000 | AF64: =Z64 -> 4 | AG64: 1 | AH64: =IF($J64="","",AH42+100) -> 202 | AI64: 75 | AJ64: =IF(AJ42="","",AJ42) -> 111 | AP64: =IF(G64="","",$AQ$1&_xlfn.TEXTJOIN(",",1,G64:I64,K64,L64)&$AR$1) -> {5000,4,1,202,101} | AQ64: =IF(G64="","",$AQ$1&_xlfn.TEXTJOIN(",",1,M64:P64,R64)&$AR$1) -> {5000,4,1,202,102} | AR64: =IF(G64="","",$AQ$1&_xlfn.TEXTJOIN(",",1,S64:V64,X64)&$AR$1) -> {5000,4,1,202,103} | AS64: =IF(G64="","",$AQ$1&_xlfn.TEXTJOIN(",",1,Y64:AB64,AD64)&$AR$1) -> {5000,4,1,202,113} | AT64: =IF(G64="","",$AQ$1&_xlfn.TEXTJOIN(",",1,AE64:AH64,AJ64)&$AR$1) -> {5000,4,1,202,111} | AU64: =IF(AK64="","",IF(G64="","",$AQ$1&_xlfn.TEXTJOIN(",",1,AK64:AO64)&$AR$1)) | AV64: 1230 | AW64: =IF(AU64="","["&_xlfn.TEXTJOIN(",",1,AP64:AT64)&"]","["&_xlfn.TEXTJOIN(",",1,AP64:AU64)&"]") -> [{5000,4,1,202,101},{5000,4,1,202,102},{5000,4,1,202,103},{5000,4,1,202,113},{5000,4,1,202,111}]
B65: 1231 | C65: 关卡3 | D65: =RIGHT(C65,1) -> 3 | F65: 286 | G65: 5000 | H65: 4 | I65: 1 | J65: 2 | K65: =IF($J65="","",K43+100) -> 202 | L65: =IF(L43="","",L43) -> 101 | M65: 5000 | N65: =H65 -> 4 | O65: 1 | P65: =IF($J65="","",P43+100) -> 202 | Q65: 53 | R65: =IF(R43="","",R43) -> 103 | S65: 5000 | T65: =N65 -> 4 | U65: 1 | V65: =IF($J65="","",V43+100) -> 202 | W65: 59 | X65: =IF(X43="","",X43) -> 111 | Y65: 5000 | Z65: =T65 -> 4 | AA65: 1 | AB65: =IF($J65="","",AB43+100) -> 202 | AC65: 71 | AD65: =IF(AD43="","",AD43) -> 112 | AE65: 5000 | AF65: =Z65 -> 4 | AG65: 1 | AH65: =IF($J65="","",AH43+100) -> 202 | AI65: 77 | AJ65: =IF(AJ43="","",AJ43) -> 113 | AP65: =IF(G65="","",$AQ$1&_xlfn.TEXTJOIN(",",1,G65:I65,K65,L65)&$AR$1) -> {5000,4,1,202,101} | AQ65: =IF(G65="","",$AQ$1&_xlfn.TEXTJOIN(",",1,M65:P65,R65)&$AR$1) -> {5000,4,1,202,103} | AR65: =IF(G65="","",$AQ$1&_xlfn.TEXTJOIN(",",1,S65:V65,X65)&$AR$1) -> {5000,4,1,202,111} | AS65: =IF(G65="","",$AQ$1&_xlfn.TEXTJOIN(",",1,Y65:AB65,AD65)&$AR$1) -> {5000,4,1,202,112} | AT65: =IF(G65="","",$AQ$1&_xlfn.TEXTJOIN(",",1,AE65:AH65,AJ65)&$AR$1) -> {5000,4,1,202,113} | AU65: =IF(AK65="","",IF(G65="","",$AQ$1&_xlfn.TEXTJOIN(",",1,AK65:AO65)&$AR$1)) | AV65: 1231 | AW65: =IF(AU65="","["&_xlfn.TEXTJOIN(",",1,AP65:AT65)&"]","["&_xlfn.TEXTJOIN(",",1,AP65:AU65)&"]") -> [{5000,4,1,202,101},{5000,4,1,202,103},{5000,4,1,202,111},{5000,4,1,202,112},{5000,4,1,202,113}]
B66: 1232 | C66: 关卡3 | D66: =RIGHT(C66,1) -> 3 | F66: 290 | G66: 5000 | H66: 4 | I66: 1 | J66: 2 | K66: =IF($J66="","",K44+100) -> 202 | L66: =IF(L44="","",L44) -> 101 | M66: 5000 | N66: =H66 -> 4 | O66: 1 | P66: =IF($J66="","",P44+100) -> 202 | Q66: 56 | R66: =IF(R44="","",R44) -> 102 | S66: 5000 | T66: =N66 -> 4 | U66: 1 | V66: =IF($J66="","",V44+100) -> 201 | W66: 77 | X66: =IF(X44="","",X44) -> 103 | Y66: 5000 | Z66: =T66 -> 4 | AA66: 1 | AB66: =IF($J66="","",AB44+100) -> 202 | AC66: 72 | AD66: =IF(AD44="","",AD44) -> 113 | AE66: 5000 | AF66: =Z66 -> 4 | AG66: 1 | AH66: =IF($J66="","",AH44+100) -> 202 | AI66: 74 | AJ66: =IF(AJ44="","",AJ44) -> 111 | AP66: =IF(G66="","",$AQ$1&_xlfn.TEXTJOIN(",",1,G66:I66,K66,L66)&$AR$1) -> {5000,4,1,202,101} | AQ66: =IF(G66="","",$AQ$1&_xlfn.TEXTJOIN(",",1,M66:P66,R66)&$AR$1) -> {5000,4,1,202,102} | AR66: =IF(G66="","",$AQ$1&_xlfn.TEXTJOIN(",",1,S66:V66,X66)&$AR$1) -> {5000,4,1,201,103} | AS66: =IF(G66="","",$AQ$1&_xlfn.TEXTJOIN(",",1,Y66:AB66,AD66)&$AR$1) -> {5000,4,1,202,113} | AT66: =IF(G66="","",$AQ$1&_xlfn.TEXTJOIN(",",1,AE66:AH66,AJ66)&$AR$1) -> {5000,4,1,202,111} | AU66: =IF(AK66="","",IF(G66="","",$AQ$1&_xlfn.TEXTJOIN(",",1,AK66:AO66)&$AR$1)) | AV66: 1232 | AW66: =IF(AU66="","["&_xlfn.TEXTJOIN(",",1,AP66:AT66)&"]","["&_xlfn.TEXTJOIN(",",1,AP66:AU66)&"]") -> [{5000,4,1,202,101},{5000,4,1,202,102},{5000,4,1,201,103},{5000,4,1,202,113},{5000,4,1,202,111}]
B67: 1311 | C67: 关卡4 | D67: =RIGHT(C67,1) -> 4 | F67: 1 | G67: 5000 | H67: 1 | I67: 1 | J67: 1 | K67: =IF($J67="","",K45+100) -> 301 | L67: =IF(L45="","",L45) -> 101 | M67: 5000 | N67: =H67 -> 1 | O67: 1 | P67: =IF($J67="","",P45+100) -> 301 | Q67: 55 | R67: =IF(R45="","",R45) -> 102 | S67: 5000 | T67: =N67 -> 1 | U67: 1 | V67: =IF($J67="","",V45+100) -> 301 | W67: 60 | X67: =IF(X45="","",X45) -> 103 | Y67: 5000 | Z67: =T67 -> 1 | AA67: 1 | AB67: =IF($J67="","",AB45+100) -> 301 | AC67: 71 | AD67: =IF(AD45="","",AD45) -> 113 | AE67: 5000 | AF67: =Z67 -> 1 | AG67: 1 | AH67: =IF($J67="","",AH45+100) -> 301 | AI67: 76 | AJ67: =IF(AJ45="","",AJ45) -> 111 | AP67: =IF(G67="","",$AQ$1&_xlfn.TEXTJOIN(",",1,G67:I67,K67,L67)&$AR$1) -> {5000,1,1,301,101} | AQ67: =IF(G67="","",$AQ$1&_xlfn.TEXTJOIN(",",1,M67:P67,R67)&$AR$1) -> {5000,1,1,301,102} | AR67: =IF(G67="","",$AQ$1&_xlfn.TEXTJOIN(",",1,S67:V67,X67)&$AR$1) -> {5000,1,1,301,103} | AS67: =IF(G67="","",$AQ$1&_xlfn.TEXTJOIN(",",1,Y67:AB67,AD67)&$AR$1) -> {5000,1,1,301,113} | AT67: =IF(G67="","",$AQ$1&_xlfn.TEXTJOIN(",",1,AE67:AH67,AJ67)&$AR$1) -> {5000,1,1,301,111} | AU67: =IF(AK67="","",IF(G67="","",$AQ$1&_xlfn.TEXTJOIN(",",1,AK67:AO67)&$AR$1)) | AV67: 1311 | AW67: =IF(AU67="","["&_xlfn.TEXTJOIN(",",1,AP67:AT67)&"]","["&_xlfn.TEXTJOIN(",",1,AP67:AU67)&"]") -> [{5000,1,1,301,101},{5000,1,1,301,102},{5000,1,1,301,103},{5000,1,1,301,113},{5000,1,1,301,111}]
B68: 1312 | C68: 关卡4 | D68: =RIGHT(C68,1) -> 4 | F68: 16 | G68: 5000 | H68: 1 | I68: 1 | J68: 1 | K68: =IF($J68="","",K46+100) -> 301 | L68: =IF(L46="","",L46) -> 101 | M68: 5000 | N68: =H68 -> 1 | O68: 1 | P68: =IF($J68="","",P46+100) -> 301 | Q68: 55 | R68: =IF(R46="","",R46) -> 103 | S68: 5000 | T68: =N68 -> 1 | U68: 1 | V68: =IF($J68="","",V46+100) -> 301 | W68: 75 | X68: =IF(X46="","",X46) -> 111 | Y68: 5000 | Z68: =T68 -> 1 | AA68: 1 | AB68: =IF($J68="","",AB46+100) -> 301 | AC68: 73 | AD68: =IF(AD46="","",AD46) -> 112 | AE68: 5000 | AF68: =Z68 -> 1 | AG68: 1 | AH68: =IF($J68="","",AH46+100) -> 301 | AI68: 78 | AJ68: =IF(AJ46="","",AJ46) -> 113 | AP68: =IF(G68="","",$AQ$1&_xlfn.TEXTJOIN(",",1,G68:I68,K68,L68)&$AR$1) -> {5000,1,1,301,101} | AQ68: =IF(G68="","",$AQ$1&_xlfn.TEXTJOIN(",",1,M68:P68,R68)&$AR$1) -> {5000,1,1,301,103} | AR68: =IF(G68="","",$AQ$1&_xlfn.TEXTJOIN(",",1,S68:V68,X68)&$AR$1) -> {5000,1,1,301,111} | AS68: =IF(G68="","",$AQ$1&_xlfn.TEXTJOIN(",",1,Y68:AB68,AD68)&$AR$1) -> {5000,1,1,301,112} | AT68: =IF(G68="","",$AQ$1&_xlfn.TEXTJOIN(",",1,AE68:AH68,AJ68)&$AR$1) -> {5000,1,1,301,113} | AU68: =IF(AK68="","",IF(G68="","",$AQ$1&_xlfn.TEXTJOIN(",",1,AK68:AO68)&$AR$1)) | AV68: 1312 | AW68: =IF(AU68="","["&_xlfn.TEXTJOIN(",",1,AP68:AT68)&"]","["&_xlfn.TEXTJOIN(",",1,AP68:AU68)&"]") -> [{5000,1,1,301,101},{5000,1,1,301,103},{5000,1,1,301,111},{5000,1,1,301,112},{5000,1,1,301,113}]
B69: 1313 | C69: 关卡4 | D69: =RIGHT(C69,1) -> 4 | F69: 31 | G69: 5000 | H69: 2 | I69: 1 | J69: 1 | K69: =IF($J69="","",K47+100) -> 301 | L69: =IF(L47="","",L47) -> 101 | M69: 5000 | N69: =H69 -> 2 | O69: 1 | P69: =IF($J69="","",P47+100) -> 301 | Q69: 55 | R69: =IF(R47="","",R47) -> 102 | S69: 5000 | T69: =N69 -> 2 | U69: 1 | V69: =IF($J69="","",V47+100) -> 301 | W69: 58 | X69: =IF(X47="","",X47) -> 103 | Y69: 5000 | Z69: =T69 -> 2 | AA69: 1 | AB69: =IF($J69="","",AB47+100) -> 301 | AC69: 76 | AD69: =IF(AD47="","",AD47) -> 113 | AE69: 5000 | AF69: =Z69 -> 2 | AG69: 1 | AH69: =IF($J69="","",AH47+100) -> 301 | AI69: 79 | AJ69: =IF(AJ47="","",AJ47) -> 111 | AP69: =IF(G69="","",$AQ$1&_xlfn.TEXTJOIN(",",1,G69:I69,K69,L69)&$AR$1) -> {5000,2,1,301,101} | AQ69: =IF(G69="","",$AQ$1&_xlfn.TEXTJOIN(",",1,M69:P69,R69)&$AR$1) -> {5000,2,1,301,102} | AR69: =IF(G69="","",$AQ$1&_xlfn.TEXTJOIN(",",1,S69:V69,X69)&$AR$1) -> {5000,2,1,301,103} | AS69: =IF(G69="","",$AQ$1&_xlfn.TEXTJOIN(",",1,Y69:AB69,AD69)&$AR$1) -> {5000,2,1,301,113} | AT69: =IF(G69="","",$AQ$1&_xlfn.TEXTJOIN(",",1,AE69:AH69,AJ69)&$AR$1) -> {5000,2,1,301,111} | AU69: =IF(AK69="","",IF(G69="","",$AQ$1&_xlfn.TEXTJOIN(",",1,AK69:AO69)&$AR$1)) | AV69: 1313 | AW69: =IF(AU69="","["&_xlfn.TEXTJOIN(",",1,AP69:AT69)&"]","["&_xlfn.TEXTJOIN(",",1,AP69:AU69)&"]") -> [{5000,2,1,301,101},{5000,2,1,301,102},{5000,2,1,301,103},{5000,2,1,301,113},{5000,2,1,301,111}]
B70: 1314 | C70: 关卡4 | D70: =RIGHT(C70,1) -> 4 | F70: 46 | G70: 5000 | H70: 2 | I70: 1 | J70: 1 | K70: =IF($J70="","",K48+100) -> 301 | L70: =IF(L48="","",L48) -> 101 | M70: 5000 | N70: =H70 -> 2 | O70: 1 | P70: =IF($J70="","",P48+100) -> 301 | Q70: 55 | R70: =IF(R48="","",R48) -> 103 | S70: 5000 | T70: =N70 -> 2 | U70: 1 | V70: =IF($J70="","",V48+100) -> 302 | W70: 76 | X70: =IF(X48="","",X48) -> 111 | Y70: 5000 | Z70: =T70 -> 2 | AA70: 1 | AB70: =IF($J70="","",AB48+100) -> 301 | AC70: 71 | AD70: =IF(AD48="","",AD48) -> 112 | AE70: 5000 | AF70: =Z70 -> 2 | AG70: 1 | AH70: =IF($J70="","",AH48+100) -> 301 | AI70: 71 | AJ70: =IF(AJ48="","",AJ48) -> 113 | AP70: =IF(G70="","",$AQ$1&_xlfn.TEXTJOIN(",",1,G70:I70,K70,L70)&$AR$1) -> {5000,2,1,301,101} | AQ70: =IF(G70="","",$AQ$1&_xlfn.TEXTJOIN(",",1,M70:P70,R70)&$AR$1) -> {5000,2,1,301,103} | AR70: =IF(G70="","",$AQ$1&_xlfn.TEXTJOIN(",",1,S70:V70,X70)&$AR$1) -> {5000,2,1,302,111} | AS70: =IF(G70="","",$AQ$1&_xlfn.TEXTJOIN(",",1,Y70:AB70,AD70)&$AR$1) -> {5000,2,1,301,112} | AT70: =IF(G70="","",$AQ$1&_xlfn.TEXTJOIN(",",1,AE70:AH70,AJ70)&$AR$1) -> {5000,2,1,301,113} | AU70: =IF(AK70="","",IF(G70="","",$AQ$1&_xlfn.TEXTJOIN(",",1,AK70:AO70)&$AR$1)) | AV70: 1314 | AW70: =IF(AU70="","["&_xlfn.TEXTJOIN(",",1,AP70:AT70)&"]","["&_xlfn.TEXTJOIN(",",1,AP70:AU70)&"]") -> [{5000,2,1,301,101},{5000,2,1,301,103},{5000,2,1,302,111},{5000,2,1,301,112},{5000,2,1,301,113}]
B71: 1315 | C71: 关卡4 | D71: =RIGHT(C71,1) -> 4 | F71: 61 | G71: 5000 | H71: 2 | I71: 1 | J71: 3 | K71: =IF($J71="","",K49+100) -> 303 | L71: =IF(L49="","",L49) -> 101 | M71: 5000 | N71: =H71 -> 2 | O71: 1 | P71: =IF($J71="","",P49+100) -> 303 | Q71: 56 | R71: =IF(R49="","",R49) -> 102 | S71: 5000 | T71: =N71 -> 2 | U71: 1 | V71: =IF($J71="","",V49+100) -> 303 | W71: 57 | X71: =IF(X49="","",X49) -> 103 | Y71: 5000 | Z71: =T71 -> 2 | AA71: 1 | AB71: =IF($J71="","",AB49+100) -> 303 | AC71: 72 | AD71: =IF(AD49="","",AD49) -> 113 | AE71: 5000 | AF71: =Z71 -> 2 | AG71: 1 | AH71: =IF($J71="","",AH49+100) -> 303 | AI71: 71 | AJ71: =IF(AJ49="","",AJ49) -> 111 | AP71: =IF(G71="","",$AQ$1&_xlfn.TEXTJOIN(",",1,G71:I71,K71,L71)&$AR$1) -> {5000,2,1,303,101} | AQ71: =IF(G71="","",$AQ$1&_xlfn.TEXTJOIN(",",1,M71:P71,R71)&$AR$1) -> {5000,2,1,303,102} | AR71: =IF(G71="","",$AQ$1&_xlfn.TEXTJOIN(",",1,S71:V71,X71)&$AR$1) -> {5000,2,1,303,103} | AS71: =IF(G71="","",$AQ$1&_xlfn.TEXTJOIN(",",1,Y71:AB71,AD71)&$AR$1) -> {5000,2,1,303,113} | AT71: =IF(G71="","",$AQ$1&_xlfn.TEXTJOIN(",",1,AE71:AH71,AJ71)&$AR$1) -> {5000,2,1,303,111} | AU71: =IF(AK71="","",IF(G71="","",$AQ$1&_xlfn.TEXTJOIN(",",1,AK71:AO71)&$AR$1)) | AV71: 1315 | AW71: =IF(AU71="","["&_xlfn.TEXTJOIN(",",1,AP71:AT71)&"]","["&_xlfn.TEXTJOIN(",",1,AP71:AU71)&"]") -> [{5000,2,1,303,101},{5000,2,1,303,102},{5000,2,1,303,103},{5000,2,1,303,113},{5000,2,1,303,111}]
B72: 1316 | C72: 关卡4 | D72: =RIGHT(C72,1) -> 4 | F72: 76 | G72: 5000 | H72: 2 | I72: 1 | J72: 1 | K72: =IF($J72="","",K50+100) -> 301 | L72: =IF(L50="","",L50) -> 101 | M72: 5000 | N72: =H72 -> 2 | O72: 1 | P72: =IF($J72="","",P50+100) -> 301 | Q72: 59 | R72: =IF(R50="","",R50) -> 103 | S72: 5000 | T72: =N72 -> 2 | U72: 1 | V72: =IF($J72="","",V50+100) -> 302 | W72: 71 | X72: =IF(X50="","",X50) -> 111 | Y72: 5000 | Z72: =T72 -> 2 | AA72: 1 | AB72: =IF($J72="","",AB50+100) -> 301 | AC72: 71 | AD72: =IF(AD50="","",AD50) -> 112 | AE72: 5000 | AF72: =Z72 -> 2 | AG72: 1 | AH72: =IF($J72="","",AH50+100) -> 301 | AI72: 79 | AJ72: =IF(AJ50="","",AJ50) -> 113 | AP72: =IF(G72="","",$AQ$1&_xlfn.TEXTJOIN(",",1,G72:I72,K72,L72)&$AR$1) -> {5000,2,1,301,101} | AQ72: =IF(G72="","",$AQ$1&_xlfn.TEXTJOIN(",",1,M72:P72,R72)&$AR$1) -> {5000,2,1,301,103} | AR72: =IF(G72="","",$AQ$1&_xlfn.TEXTJOIN(",",1,S72:V72,X72)&$AR$1) -> {5000,2,1,302,111} | AS72: =IF(G72="","",$AQ$1&_xlfn.TEXTJOIN(",",1,Y72:AB72,AD72)&$AR$1) -> {5000,2,1,301,112} | AT72: =IF(G72="","",$AQ$1&_xlfn.TEXTJOIN(",",1,AE72:AH72,AJ72)&$AR$1) -> {5000,2,1,301,113} | AU72: =IF(AK72="","",IF(G72="","",$AQ$1&_xlfn.TEXTJOIN(",",1,AK72:AO72)&$AR$1)) | AV72: 1316 | AW72: =IF(AU72="","["&_xlfn.TEXTJOIN(",",1,AP72:AT72)&"]","["&_xlfn.TEXTJOIN(",",1,AP72:AU72)&"]") -> [{5000,2,1,301,101},{5000,2,1,301,103},{5000,2,1,302,111},{5000,2,1,301,112},{5000,2,1,301,113}]
... B80: 1324 | C80: 关卡4 | D80: =RIGHT(C80,1) -> 4 | F80: 196 | G80: 5000 | H80: 3 | I80: 1 | J80: 2 | K80: =IF($J80="","",K58+100) -> 302 | L80: =IF(L58="","",L58) -> 101 | M80: 5000 | N80: =H80 -> 3 | O80: 1 | P80: =IF($J80="","",P58+100) -> 301 | Q80: 54 | R80: =IF(R58="","",R58) -> 103 | S80: 5000 | T80: =N80 -> 3 | U80: 1 | V80: =IF($J80="","",V58+100) -> 302 | W80: 77 | X80: =IF(X58="","",X58) -> 111 | Y80: 5000 | Z80: =T80 -> 3 | AA80: 1 | AB80: =IF($J80="","",AB58+100) -> 301 | AC80: 72 | AD80: =IF(AD58="","",AD58) -> 112 | AE80: 5000 | AF80: =Z80 -> 3 | AG80: 1 | AH80: =IF($J80="","",AH58+100) -> 302 | AI80: 74 | AJ80: =IF(AJ58="","",AJ58) -> 113 | AP80: =IF(G80="","",$AQ$1&_xlfn.TEXTJOIN(",",1,G80:I80,K80,L80)&$AR$1) -> {5000,3,1,302,101} | AQ80: =IF(G80="","",$AQ$1&_xlfn.TEXTJOIN(",",1,M80:P80,R80)&$AR$1) -> {5000,3,1,301,103} | AR80: =IF(G80="","",$AQ$1&_xlfn.TEXTJOIN(",",1,S80:V80,X80)&$AR$1) -> {5000,3,1,302,111} | AS80: =IF(G80="","",$AQ$1&_xlfn.TEXTJOIN(",",1,Y80:AB80,AD80)&$AR$1) -> {5000,3,1,301,112} | AT80: =IF(G80="","",$AQ$1&_xlfn.TEXTJOIN(",",1,AE80:AH80,AJ80)&$AR$1) -> {5000,3,1,302,113} | AU80: =IF(AK80="","",IF(G80="","",$AQ$1&_xlfn.TEXTJOIN(",",1,AK80:AO80)&$AR$1)) | AV80: 1324 | AW80: =IF(AU80="","["&_xlfn.TEXTJOIN(",",1,AP80:AT80)&"]","["&_xlfn.TEXTJOIN(",",1,AP80:AU80)&"]") -> [{5000,3,1,302,101},{5000,3,1,301,103},{5000,3,1,302,111},{5000,3,1,301,112},{5000,3,1,302,113}]
B81: 1325 | C81: 关卡4 | D81: =RIGHT(C81,1) -> 4 | F81: 209 | K81: =IF($J81="","",K59+100) | L81: =IF(L59="","",L59) | N81: =H81 -> 0 | P81: =IF($J81="","",P59+100) | R81: =IF(R59="","",R59) | T81: =N81 -> 0 | V81: =IF($J81="","",V59+100) | X81: =IF(X59="","",X59) | Z81: =T81 -> 0 | AB81: =IF($J81="","",AB59+100) | AD81: =IF(AD59="","",AD59) | AF81: =Z81 -> 0 | AH81: =IF($J81="","",AH59+100) | AJ81: =IF(AJ59="","",AJ59) | AP81: =IF(G81="","",$AQ$1&_xlfn.TEXTJOIN(",",1,G81:I81,K81,L81)&$AR$1) | AQ81: =IF(G81="","",$AQ$1&_xlfn.TEXTJOIN(",",1,M81:P81,R81)&$AR$1) | AR81: =IF(G81="","",$AQ$1&_xlfn.TEXTJOIN(",",1,S81:V81,X81)&$AR$1) | AS81: =IF(G81="","",$AQ$1&_xlfn.TEXTJOIN(",",1,Y81:AB81,AD81)&$AR$1) | AT81: =IF(G81="","",$AQ$1&_xlfn.TEXTJOIN(",",1,AE81:AH81,AJ81)&$AR$1) | AU81: =IF(AK81="","",IF(G81="","",$AQ$1&_xlfn.TEXTJOIN(",",1,AK81:AO81)&$AR$1)) | AV81: 1325
B82: 1326 | C82: 关卡4 | D82: =RIGHT(C82,1) -> 4 | F82: 211 | G82: 5000 | H82: 4 | I82: 1 | J82: 2 | K82: =IF($J82="","",K60+100) -> 302 | L82: =IF(L60="","",L60) -> 101 | M82: 5000 | N82: =H82 -> 4 | O82: 1 | P82: =IF($J82="","",P60+100) -> 301 | Q82: 51 | R82: =IF(R60="","",R60) -> 102 | S82: 5000 | T82: =N82 -> 4 | U82: 1 | V82: =IF($J82="","",V60+100) -> 302 | W82: 57 | X82: =IF(X60="","",X60) -> 103 | Y82: 5000 | Z82: =T82 -> 4 | AA82: 1 | AB82: =IF($J82="","",AB60+100) -> 301 | AC82: 79 | AD82: =IF(AD60="","",AD60) -> 113 | AE82: 5000 | AF82: =Z82 -> 4 | AG82: 1 | AH82: =IF($J82="","",AH60+100) -> 302 | AI82: 72 | AJ82: =IF(AJ60="","",AJ60) -> 111 | AK82: 1000 | AL82: 1 | AM82: 0 | AN82: 331 | AO82: 4 | AP82: =IF(G82="","",$AQ$1&_xlfn.TEXTJOIN(",",1,G82:I82,K82,L82)&$AR$1) -> {5000,4,1,302,101} | AQ82: =IF(G82="","",$AQ$1&_xlfn.TEXTJOIN(",",1,M82:P82,R82)&$AR$1) -> {5000,4,1,301,102} | AR82: =IF(G82="","",$AQ$1&_xlfn.TEXTJOIN(",",1,S82:V82,X82)&$AR$1) -> {5000,4,1,302,103} | AS82: =IF(G82="","",$AQ$1&_xlfn.TEXTJOIN(",",1,Y82:AB82,AD82)&$AR$1) -> {5000,4,1,301,113} | AT82: =IF(G82="","",$AQ$1&_xlfn.TEXTJOIN(",",1,AE82:AH82,AJ82)&$AR$1) -> {5000,4,1,302,111} | AU82: =IF(AK82="","",IF(G82="","",$AQ$1&_xlfn.TEXTJOIN(",",1,AK82:AO82)&$AR$1)) -> {1000,1,0,331,4} | AV82: 1326 | AW82: =IF(AU82="","["&_xlfn.TEXTJOIN(",",1,AP82:AT82)&"]","["&_xlfn.TEXTJOIN(",",1,AP82:AU82)&"]") -> [{5000,4,1,302,101},{5000,4,1,301,102},{5000,4,1,302,103},{5000,4,1,301,113},{5000,4,1,302,111},{1000,1,0,331,4}]
B83: 1327 | C83: 关卡4 | D83: =RIGHT(C83,1) -> 4 | F83: 226 | G83: 5000 | H83: 4 | I83: 1 | J83: 2 | K83: =IF($J83="","",K61+100) -> 302 | L83: =IF(L61="","",L61) -> 101 | M83: 5000 | N83: =H83 -> 4 | O83: 1 | P83: =IF($J83="","",P61+100) -> 301 | Q83: 51 | R83: =IF(R61="","",R61) -> 103 | S83: 5000 | T83: =N83 -> 4 | U83: 1 | V83: =IF($J83="","",V61+100) -> 302 | W83: 75 | X83: =IF(X61="","",X61) -> 111 | Y83: 5000 | Z83: =T83 -> 4 | AA83: 1 | AB83: =IF($J83="","",AB61+100) -> 301 | AC83: 71 | AD83: =IF(AD61="","",AD61) -> 112 | AE83: 5000 | AF83: =Z83 -> 4 | AG83: 1 | AH83: =IF($J83="","",AH61+100) -> 302 | AI83: 77 | AJ83: =IF(AJ61="","",AJ61) -> 113 | AP83: =IF(G83="","",$AQ$1&_xlfn.TEXTJOIN(",",1,G83:I83,K83,L83)&$AR$1) -> {5000,4,1,302,101} | AQ83: =IF(G83="","",$AQ$1&_xlfn.TEXTJOIN(",",1,M83:P83,R83)&$AR$1) -> {5000,4,1,301,103} | AR83: =IF(G83="","",$AQ$1&_xlfn.TEXTJOIN(",",1,S83:V83,X83)&$AR$1) -> {5000,4,1,302,111} | AS83: =IF(G83="","",$AQ$1&_xlfn.TEXTJOIN(",",1,Y83:AB83,AD83)&$AR$1) -> {5000,4,1,301,112} | AT83: =IF(G83="","",$AQ$1&_xlfn.TEXTJOIN(",",1,AE83:AH83,AJ83)&$AR$1) -> {5000,4,1,302,113} | AU83: =IF(AK83="","",IF(G83="","",$AQ$1&_xlfn.TEXTJOIN(",",1,AK83:AO83)&$AR$1)) | AV83: 1327 | AW83: =IF(AU83="","["&_xlfn.TEXTJOIN(",",1,AP83:AT83)&"]","["&_xlfn.TEXTJOIN(",",1,AP83:AU83)&"]") -> [{5000,4,1,302,101},{5000,4,1,301,103},{5000,4,1,302,111},{5000,4,1,301,112},{5000,4,1,302,113}]
B84: 1328 | C84: 关卡4 | D84: =RIGHT(C84,1) -> 4 | F84: 241 | G84: 5000 | H84: 5 | I84: 1 | J84: 3 | K84: =IF($J84="","",K62+100) -> 303 | L84: =IF(L62="","",L62) -> 101 | M84: 5000 | N84: =H84 -> 5 | O84: 1 | P84: =IF($J84="","",P62+100) -> 303 | Q84: 53 | R84: =IF(R62="","",R62) -> 102 | S84: 5000 | T84: =N84 -> 5 | U84: 1 | V84: =IF($J84="","",V62+100) -> 303 | W84: 56 | X84: =IF(X62="","",X62) -> 103 | Y84: 5000 | Z84: =T84 -> 5 | AA84: 1 | AB84: =IF($J84="","",AB62+100) -> 303 | AC84: 74 | AD84: =IF(AD62="","",AD62) -> 113 | AE84: 5000 | AF84: =Z84 -> 5 | AG84: 1 | AH84: =IF($J84="","",AH62+100) -> 303 | AI84: 78 | AJ84: =IF(AJ62="","",AJ62) -> 111 | AP84: =IF(G84="","",$AQ$1&_xlfn.TEXTJOIN(",",1,G84:I84,K84,L84)&$AR$1) -> {5000,5,1,303,101} | AQ84: =IF(G84="","",$AQ$1&_xlfn.TEXTJOIN(",",1,M84:P84,R84)&$AR$1) -> {5000,5,1,303,102} | AR84: =IF(G84="","",$AQ$1&_xlfn.TEXTJOIN(",",1,S84:V84,X84)&$AR$1) -> {5000,5,1,303,103} | AS84: =IF(G84="","",$AQ$1&_xlfn.TEXTJOIN(",",1,Y84:AB84,AD84)&$AR$1) -> {5000,5,1,303,113} | AT84: =IF(G84="","",$AQ$1&_xlfn.TEXTJOIN(",",1,AE84:AH84,AJ84)&$AR$1) -> {5000,5,1,303,111} | AU84: =IF(AK84="","",IF(G84="","",$AQ$1&_xlfn.TEXTJOIN(",",1,AK84:AO84)&$AR$1)) | AV84: 1328 | AW84: =IF(AU84="","["&_xlfn.TEXTJOIN(",",1,AP84:AT84)&"]","["&_xlfn.TEXTJOIN(",",1,AP84:AU84)&"]") -> [{5000,5,1,303,101},{5000,5,1,303,102},{5000,5,1,303,103},{5000,5,1,303,113},{5000,5,1,303,111}]
B85: 1329 | C85: 关卡4 | D85: =RIGHT(C85,1) -> 4 | F85: 256 | G85: 5000 | H85: 4 | I85: 1 | J85: 2 | K85: =IF($J85="","",K63+100) -> 302 | L85: =IF(L63="","",L63) -> 101 | M85: 5000 | N85: =H85 -> 4 | O85: 1 | P85: =IF($J85="","",P63+100) -> 302 | Q85: 59 | R85: =IF(R63="","",R63) -> 103 | S85: 5000 | T85: =N85 -> 4 | U85: 1 | V85: =IF($J85="","",V63+100) -> 302 | W85: 79 | X85: =IF(X63="","",X63) -> 111 | Y85: 5000 | Z85: =T85 -> 4 | AA85: 1 | AB85: =IF($J85="","",AB63+100) -> 301 | AC85: 72 | AD85: =IF(AD63="","",AD63) -> 112 | AE85: 5000 | AF85: =Z85 -> 4 | AG85: 1 | AH85: =IF($J85="","",AH63+100) -> 302 | AI85: 74 | AJ85: =IF(AJ63="","",AJ63) -> 113 | AP85: =IF(G85="","",$AQ$1&_xlfn.TEXTJOIN(",",1,G85:I85,K85,L85)&$AR$1) -> {5000,4,1,302,101} | AQ85: =IF(G85="","",$AQ$1&_xlfn.TEXTJOIN(",",1,M85:P85,R85)&$AR$1) -> {5000,4,1,302,103} | AR85: =IF(G85="","",$AQ$1&_xlfn.TEXTJOIN(",",1,S85:V85,X85)&$AR$1) -> {5000,4,1,302,111} | AS85: =IF(G85="","",$AQ$1&_xlfn.TEXTJOIN(",",1,Y85:AB85,AD85)&$AR$1) -> {5000,4,1,301,112} | AT85: =IF(G85="","",$AQ$1&_xlfn.TEXTJOIN(",",1,AE85:AH85,AJ85)&$AR$1) -> {5000,4,1,302,113} | AU85: =IF(AK85="","",IF(G85="","",$AQ$1&_xlfn.TEXTJOIN(",",1,AK85:AO85)&$AR$1)) | AV85: 1329 | AW85: =IF(AU85="","["&_xlfn.TEXTJOIN(",",1,AP85:AT85)&"]","["&_xlfn.TEXTJOIN(",",1,AP85:AU85)&"]") -> [{5000,4,1,302,101},{5000,4,1,302,103},{5000,4,1,302,111},{5000,4,1,301,112},{5000,4,1,302,113}]
B86: 1330 | C86: 关卡4 | D86: =RIGHT(C86,1) -> 4 | F86: 271 | G86: 5000 | H86: 4 | I86: 1 | J86: 2 | K86: =IF($J86="","",K64+100) -> 302 | L86: =IF(L64="","",L64) -> 101 | M86: 5000 | N86: =H86 -> 4 | O86: 1 | P86: =IF($J86="","",P64+100) -> 302 | Q86: 54 | R86: =IF(R64="","",R64) -> 102 | S86: 5000 | T86: =N86 -> 4 | U86: 1 | V86: =IF($J86="","",V64+100) -> 302 | W86: 56 | X86: =IF(X64="","",X64) -> 103 | Y86: 5000 | Z86: =T86 -> 4 | AA86: 1 | AB86: =IF($J86="","",AB64+100) -> 302 | AC86: 73 | AD86: =IF(AD64="","",AD64) -> 113 | AE86: 5000 | AF86: =Z86 -> 4 | AG86: 1 | AH86: =IF($J86="","",AH64+100) -> 302 | AI86: 75 | AJ86: =IF(AJ64="","",AJ64) -> 111 | AP86: =IF(G86="","",$AQ$1&_xlfn.TEXTJOIN(",",1,G86:I86,K86,L86)&$AR$1) -> {5000,4,1,302,101} | AQ86: =IF(G86="","",$AQ$1&_xlfn.TEXTJOIN(",",1,M86:P86,R86)&$AR$1) -> {5000,4,1,302,102} | AR86: =IF(G86="","",$AQ$1&_xlfn.TEXTJOIN(",",1,S86:V86,X86)&$AR$1) -> {5000,4,1,302,103} | AS86: =IF(G86="","",$AQ$1&_xlfn.TEXTJOIN(",",1,Y86:AB86,AD86)&$AR$1) -> {5000,4,1,302,113} | AT86: =IF(G86="","",$AQ$1&_xlfn.TEXTJOIN(",",1,AE86:AH86,AJ86)&$AR$1) -> {5000,4,1,302,111} | AU86: =IF(AK86="","",IF(G86="","",$AQ$1&_xlfn.TEXTJOIN(",",1,AK86:AO86)&$AR$1)) | AV86: 1330 | AW86: =IF(AU86="","["&_xlfn.TEXTJOIN(",",1,AP86:AT86)&"]","["&_xlfn.TEXTJOIN(",",1,AP86:AU86)&"]") -> [{5000,4,1,302,101},{5000,4,1,302,102},{5000,4,1,302,103},{5000,4,1,302,113},{5000,4,1,302,111}]
B87: 1331 | C87: 关卡4 | D87: =RIGHT(C87,1) -> 4 | F87: 286 | G87: 5000 | H87: 4 | I87: 1 | J87: 2 | K87: =IF($J87="","",K65+100) -> 302 | L87: =IF(L65="","",L65) -> 101 | M87: 5000 | N87: =H87 -> 4 | O87: 1 | P87: =IF($J87="","",P65+100) -> 302 | Q87: 53 | R87: =IF(R65="","",R65) -> 103 | S87: 5000 | T87: =N87 -> 4 | U87: 1 | V87: =IF($J87="","",V65+100) -> 302 | W87: 59 | X87: =IF(X65="","",X65) -> 111 | Y87: 5000 | Z87: =T87 -> 4 | AA87: 1 | AB87: =IF($J87="","",AB65+100) -> 302 | AC87: 71 | AD87: =IF(AD65="","",AD65) -> 112 | AE87: 5000 | AF87: =Z87 -> 4 | AG87: 1 | AH87: =IF($J87="","",AH65+100) -> 302 | AI87: 77 | AJ87: =IF(AJ65="","",AJ65) -> 113 | AP87: =IF(G87="","",$AQ$1&_xlfn.TEXTJOIN(",",1,G87:I87,K87,L87)&$AR$1) -> {5000,4,1,302,101} | AQ87: =IF(G87="","",$AQ$1&_xlfn.TEXTJOIN(",",1,M87:P87,R87)&$AR$1) -> {5000,4,1,302,103} | AR87: =IF(G87="","",$AQ$1&_xlfn.TEXTJOIN(",",1,S87:V87,X87)&$AR$1) -> {5000,4,1,302,111} | AS87: =IF(G87="","",$AQ$1&_xlfn.TEXTJOIN(",",1,Y87:AB87,AD87)&$AR$1) -> {5000,4,1,302,112} | AT87: =IF(G87="","",$AQ$1&_xlfn.TEXTJOIN(",",1,AE87:AH87,AJ87)&$AR$1) -> {5000,4,1,302,113} | AU87: =IF(AK87="","",IF(G87="","",$AQ$1&_xlfn.TEXTJOIN(",",1,AK87:AO87)&$AR$1)) | AV87: 1331 | AW87: =IF(AU87="","["&_xlfn.TEXTJOIN(",",1,AP87:AT87)&"]","["&_xlfn.TEXTJOIN(",",1,AP87:AU87)&"]") -> [{5000,4,1,302,101},{5000,4,1,302,103},{5000,4,1,302,111},{5000,4,1,302,112},{5000,4,1,302,113}]
B88: 1332 | C88: 关卡4 | D88: =RIGHT(C88,1) -> 4 | F88: 290 | G88: 5000 | H88: 4 | I88: 1 | J88: 2 | K88: =IF($J88="","",K66+100) -> 302 | L88: =IF(L66="","",L66) -> 101 | M88: 5000 | N88: =H88 -> 4 | O88: 1 | P88: =IF($J88="","",P66+100) -> 302 | Q88: 56 | R88: =IF(R66="","",R66) -> 102 | S88: 5000 | T88: =N88 -> 4 | U88: 1 | V88: =IF($J88="","",V66+100) -> 301 | W88: 77 | X88: =IF(X66="","",X66) -> 103 | Y88: 5000 | Z88: =T88 -> 4 | AA88: 1 | AB88: =IF($J88="","",AB66+100) -> 302 | AC88: 72 | AD88: =IF(AD66="","",AD66) -> 113 | AE88: 5000 | AF88: =Z88 -> 4 | AG88: 1 | AH88: =IF($J88="","",AH66+100) -> 302 | AI88: 74 | AJ88: =IF(AJ66="","",AJ66) -> 111 | AP88: =IF(G88="","",$AQ$1&_xlfn.TEXTJOIN(",",1,G88:I88,K88,L88)&$AR$1) -> {5000,4,1,302,101} | AQ88: =IF(G88="","",$AQ$1&_xlfn.TEXTJOIN(",",1,M88:P88,R88)&$AR$1) -> {5000,4,1,302,102} | AR88: =IF(G88="","",$AQ$1&_xlfn.TEXTJOIN(",",1,S88:V88,X88)&$AR$1) -> {5000,4,1,301,103} | AS88: =IF(G88="","",$AQ$1&_xlfn.TEXTJOIN(",",1,Y88:AB88,AD88)&$AR$1) -> {5000,4,1,302,113} | AT88: =IF(G88="","",$AQ$1&_xlfn.TEXTJOIN(",",1,AE88:AH88,AJ88)&$AR$1) -> {5000,4,1,302,111} | AU88: =IF(AK88="","",IF(G88="","",$AQ$1&_xlfn.TEXTJOIN(",",1,AK88:AO88)&$AR$1)) | AV88: 1332 | AW88: =IF(AU88="","["&_xlfn.TEXTJOIN(",",1,AP88:AT88)&"]","["&_xlfn.TEXTJOIN(",",1,AP88:AU88)&"]") -> [{5000,4,1,302,101},{5000,4,1,302,102},{5000,4,1,301,103},{5000,4,1,302,113},{5000,4,1,302,111}]
B89: 1411 | C89: 关卡5 | D89: =RIGHT(C89,1) -> 5 | F89: 1 | G89: 5000 | H89: 1 | I89: 1 | J89: 1 | K89: =IF($J89="","",K67+100) -> 401 | L89: =IF(L67="","",L67) -> 101 | M89: 5000 | N89: =H89 -> 1 | O89: 1 | P89: =IF($J89="","",P67+100) -> 401 | Q89: 55 | R89: =IF(R67="","",R67) -> 102 | S89: 5000 | T89: =N89 -> 1 | U89: 1 | V89: =IF($J89="","",V67+100) -> 401 | W89: 60 | X89: =IF(X67="","",X67) -> 103 | Y89: 5000 | Z89: =T89 -> 1 | AA89: 1 | AB89: =IF($J89="","",AB67+100) -> 401 | AC89: 71 | AD89: =IF(AD67="","",AD67) -> 113 | AE89: 5000 | AF89: =Z89 -> 1 | AG89: 1 | AH89: =IF($J89="","",AH67+100) -> 401 | AI89: 76 | AJ89: =IF(AJ67="","",AJ67) -> 111 | AP89: =IF(G89="","",$AQ$1&_xlfn.TEXTJOIN(",",1,G89:I89,K89,L89)&$AR$1) -> {5000,1,1,401,101} | AQ89: =IF(G89="","",$AQ$1&_xlfn.TEXTJOIN(",",1,M89:P89,R89)&$AR$1) -> {5000,1,1,401,102} | AR89: =IF(G89="","",$AQ$1&_xlfn.TEXTJOIN(",",1,S89:V89,X89)&$AR$1) -> {5000,1,1,401,103} | AS89: =IF(G89="","",$AQ$1&_xlfn.TEXTJOIN(",",1,Y89:AB89,AD89)&$AR$1) -> {5000,1,1,401,113} | AT89: =IF(G89="","",$AQ$1&_xlfn.TEXTJOIN(",",1,AE89:AH89,AJ89)&$AR$1) -> {5000,1,1,401,111} | AU89: =IF(AK89="","",IF(G89="","",$AQ$1&_xlfn.TEXTJOIN(",",1,AK89:AO89)&$AR$1)) | AV89: 1411 | AW89: =IF(AU89="","["&_xlfn.TEXTJOIN(",",1,AP89:AT89)&"]","["&_xlfn.TEXTJOIN(",",1,AP89:AU89)&"]") -> [{5000,1,1,401,101},{5000,1,1,401,102},{5000,1,1,401,103},{5000,1,1,401,113},{5000,1,1,401,111}]
B90: 1412 | C90: 关卡5 | D90: =RIGHT(C90,1) -> 5 | F90: 16 | G90: 5000 | H90: 1 | I90: 1 | J90: 1 | K90: =IF($J90="","",K68+100) -> 401 | L90: =IF(L68="","",L68) -> 101 | M90: 5000 | N90: =H90 -> 1 | O90: 1 | P90: =IF($J90="","",P68+100) -> 401 | Q90: 55 | R90: =IF(R68="","",R68) -> 103 | S90: 5000 | T90: =N90 -> 1 | U90: 1 | V90: =IF($J90="","",V68+100) -> 401 | W90: 75 | X90: =IF(X68="","",X68) -> 111 | Y90: 5000 | Z90: =T90 -> 1 | AA90: 1 | AB90: =IF($J90="","",AB68+100) -> 401 | AC90: 73 | AD90: =IF(AD68="","",AD68) -> 112 | AE90: 5000 | AF90: =Z90 -> 1 | AG90: 1 | AH90: =IF($J90="","",AH68+100) -> 401 | AI90: 78 | AJ90: =IF(AJ68="","",AJ68) -> 113 | AP90: =IF(G90="","",$AQ$1&_xlfn.TEXTJOIN(",",1,G90:I90,K90,L90)&$AR$1) -> {5000,1,1,401,101} | AQ90: =IF(G90="","",$AQ$1&_xlfn.TEXTJOIN(",",1,M90:P90,R90)&$AR$1) -> {5000,1,1,401,103} | AR90: =IF(G90="","",$AQ$1&_xlfn.TEXTJOIN(",",1,S90:V90,X90)&$AR$1) -> {5000,1,1,401,111} | AS90: =IF(G90="","",$AQ$1&_xlfn.TEXTJOIN(",",1,Y90:AB90,AD90)&$AR$1) -> {5000,1,1,401,112} | AT90: =IF(G90="","",$AQ$1&_xlfn.TEXTJOIN(",",1,AE90:AH90,AJ90)&$AR$1) -> {5000,1,1,401,113} | AU90: =IF(AK90="","",IF(G90="","",$AQ$1&_xlfn.TEXTJOIN(",",1,AK90:AO90)&$AR$1)) | AV90: 1412 | AW90: =IF(AU90="","["&_xlfn.TEXTJOIN(",",1,AP90:AT90)&"]","["&_xlfn.TEXTJOIN(",",1,AP90:AU90)&"]") -> [{5000,1,1,401,101},{5000,1,1,401,103},{5000,1,1,401,111},{5000,1,1,401,112},{5000,1,1,401,113}]
B91: 1413 | C91: 关卡5 | D91: =RIGHT(C91,1) -> 5 | F91: 31 | G91: 5000 | H91: 2 | I91: 1 | J91: 1 | K91: =IF($J91="","",K69+100) -> 401 | L91: =IF(L69="","",L69) -> 101 | M91: 5000 | N91: =H91 -> 2 | O91: 1 | P91: =IF($J91="","",P69+100) -> 401 | Q91: 55 | R91: =IF(R69="","",R69) -> 102 | S91: 5000 | T91: =N91 -> 2 | U91: 1 | V91: =IF($J91="","",V69+100) -> 401 | W91: 58 | X91: =IF(X69="","",X69) -> 103 | Y91: 5000 | Z91: =T91 -> 2 | AA91: 1 | AB91: =IF($J91="","",AB69+100) -> 401 | AC91: 76 | AD91: =IF(AD69="","",AD69) -> 113 | AE91: 5000 | AF91: =Z91 -> 2 | AG91: 1 | AH91: =IF($J91="","",AH69+100) -> 401 | AI91: 79 | AJ91: =IF(AJ69="","",AJ69) -> 111 | AP91: =IF(G91="","",$AQ$1&_xlfn.TEXTJOIN(",",1,G91:I91,K91,L91)&$AR$1) -> {5000,2,1,401,101} | AQ91: =IF(G91="","",$AQ$1&_xlfn.TEXTJOIN(",",1,M91:P91,R91)&$AR$1) -> {5000,2,1,401,102} | AR91: =IF(G91="","",$AQ$1&_xlfn.TEXTJOIN(",",1,S91:V91,X91)&$AR$1) -> {5000,2,1,401,103} | AS91: =IF(G91="","",$AQ$1&_xlfn.TEXTJOIN(",",1,Y91:AB91,AD91)&$AR$1) -> {5000,2,1,401,113} | AT91: =IF(G91="","",$AQ$1&_xlfn.TEXTJOIN(",",1,AE91:AH91,AJ91)&$AR$1) -> {5000,2,1,401,111} | AU91: =IF(AK91="","",IF(G91="","",$AQ$1&_xlfn.TEXTJOIN(",",1,AK91:AO91)&$AR$1)) | AV91: 1413 | AW91: =IF(AU91="","["&_xlfn.TEXTJOIN(",",1,AP91:AT91)&"]","["&_xlfn.TEXTJOIN(",",1,AP91:AU91)&"]") -> [{5000,2,1,401,101},{5000,2,1,401,102},{5000,2,1,401,103},{5000,2,1,401,113},{5000,2,1,401,111}]
B92: 1414 | C92: 关卡5 | D92: =RIGHT(C92,1) -> 5 | F92: 46 | G92: 5000 | H92: 2 | I92: 1 | J92: 1 | K92: =IF($J92="","",K70+100) -> 401 | L92: =IF(L70="","",L70) -> 101 | M92: 5000 | N92: =H92 -> 2 | O92: 1 | P92: =IF($J92="","",P70+100) -> 401 | Q92: 55 | R92: =IF(R70="","",R70) -> 103 | S92: 5000 | T92: =N92 -> 2 | U92: 1 | V92: =IF($J92="","",V70+100) -> 402 | W92: 76 | X92: =IF(X70="","",X70) -> 111 | Y92: 5000 | Z92: =T92 -> 2 | AA92: 1 | AB92: =IF($J92="","",AB70+100) -> 401 | AC92: 71 | AD92: =IF(AD70="","",AD70) -> 112 | AE92: 5000 | AF92: =Z92 -> 2 | AG92: 1 | AH92: =IF($J92="","",AH70+100) -> 401 | AI92: 71 | AJ92: =IF(AJ70="","",AJ70) -> 113 | AP92: =IF(G92="","",$AQ$1&_xlfn.TEXTJOIN(",",1,G92:I92,K92,L92)&$AR$1) -> {5000,2,1,401,101} | AQ92: =IF(G92="","",$AQ$1&_xlfn.TEXTJOIN(",",1,M92:P92,R92)&$AR$1) -> {5000,2,1,401,103} | AR92: =IF(G92="","",$AQ$1&_xlfn.TEXTJOIN(",",1,S92:V92,X92)&$AR$1) -> {5000,2,1,402,111} | AS92: =IF(G92="","",$AQ$1&_xlfn.TEXTJOIN(",",1,Y92:AB92,AD92)&$AR$1) -> {5000,2,1,401,112} | AT92: =IF(G92="","",$AQ$1&_xlfn.TEXTJOIN(",",1,AE92:AH92,AJ92)&$AR$1) -> {5000,2,1,401,113} | AU92: =IF(AK92="","",IF(G92="","",$AQ$1&_xlfn.TEXTJOIN(",",1,AK92:AO92)&$AR$1)) | AV92: 1414 | AW92: =IF(AU92="","["&_xlfn.TEXTJOIN(",",1,AP92:AT92)&"]","["&_xlfn.TEXTJOIN(",",1,AP92:AU92)&"]") -> [{5000,2,1,401,101},{5000,2,1,401,103},{5000,2,1,402,111},{5000,2,1,401,112},{5000,2,1,401,113}]
B93: 1415 | C93: 关卡5 | D93: =RIGHT(C93,1) -> 5 | F93: 61 | G93: 5000 | H93: 2 | I93: 1 | J93: 3 | K93: =IF($J93="","",K71+100) -> 403 | L93: =IF(L71="","",L71) -> 101 | M93: 5000 | N93: =H93 -> 2 | O93: 1 | P93: =IF($J93="","",P71+100) -> 403 | Q93: 56 | R93: =IF(R71="","",R71) -> 102 | S93: 5000 | T93: =N93 -> 2 | U93: 1 | V93: =IF($J93="","",V71+100) -> 403 | W93: 57 | X93: =IF(X71="","",X71) -> 103 | Y93: 5000 | Z93: =T93 -> 2 | AA93: 1 | AB93: =IF($J93="","",AB71+100) -> 403 | AC93: 72 | AD93: =IF(AD71="","",AD71) -> 113 | AE93: 5000 | AF93: =Z93 -> 2 | AG93: 1 | AH93: =IF($J93="","",AH71+100) -> 403 | AI93: 71 | AJ93: =IF(AJ71="","",AJ71) -> 111 | AP93: =IF(G93="","",$AQ$1&_xlfn.TEXTJOIN(",",1,G93:I93,K93,L93)&$AR$1) -> {5000,2,1,403,101} | AQ93: =IF(G93="","",$AQ$1&_xlfn.TEXTJOIN(",",1,M93:P93,R93)&$AR$1) -> {5000,2,1,403,102} | AR93: =IF(G93="","",$AQ$1&_xlfn.TEXTJOIN(",",1,S93:V93,X93)&$AR$1) -> {5000,2,1,403,103} | AS93: =IF(G93="","",$AQ$1&_xlfn.TEXTJOIN(",",1,Y93:AB93,AD93)&$AR$1) -> {5000,2,1,403,113} | AT93: =IF(G93="","",$AQ$1&_xlfn.TEXTJOIN(",",1,AE93:AH93,AJ93)&$AR$1) -> {5000,2,1,403,111} | AU93: =IF(AK93="","",IF(G93="","",$AQ$1&_xlfn.TEXTJOIN(",",1,AK93:AO93)&$AR$1)) | AV93: 1415 | AW93: =IF(AU93="","["&_xlfn.TEXTJOIN(",",1,AP93:AT93)&"]","["&_xlfn.TEXTJOIN(",",1,AP93:AU93)&"]") -> [{5000,2,1,403,101},{5000,2,1,403,102},{5000,2,1,403,103},{5000,2,1,403,113},{5000,2,1,403,111}]
B94: 1416 | C94: 关卡5 | D94: =RIGHT(C94,1) -> 5 | F94: 76 | G94: 5000 | H94: 2 | I94: 1 | J94: 1 | K94: =IF($J94="","",K72+100) -> 401 | L94: =IF(L72="","",L72) -> 101 | M94: 5000 | N94: =H94 -> 2 | O94: 1 | P94: =IF($J94="","",P72+100) -> 401 | Q94: 59 | R94: =IF(R72="","",R72) -> 103 | S94: 5000 | T94: =N94 -> 2 | U94: 1 | V94: =IF($J94="","",V72+100) -> 402 | W94: 71 | X94: =IF(X72="","",X72) -> 111 | Y94: 5000 | Z94: =T94 -> 2 | AA94: 1 | AB94: =IF($J94="","",AB72+100) -> 401 | AC94: 71 | AD94: =IF(AD72="","",AD72) -> 112 | AE94: 5000 | AF94: =Z94 -> 2 | AG94: 1 | AH94: =IF($J94="","",AH72+100) -> 401 | AI94: 79 | AJ94: =IF(AJ72="","",AJ72) -> 113 | AP94: =IF(G94="","",$AQ$1&_xlfn.TEXTJOIN(",",1,G94:I94,K94,L94)&$AR$1) -> {5000,2,1,401,101} | AQ94: =IF(G94="","",$AQ$1&_xlfn.TEXTJOIN(",",1,M94:P94,R94)&$AR$1) -> {5000,2,1,401,103} | AR94: =IF(G94="","",$AQ$1&_xlfn.TEXTJOIN(",",1,S94:V94,X94)&$AR$1) -> {5000,2,1,402,111} | AS94: =IF(G94="","",$AQ$1&_xlfn.TEXTJOIN(",",1,Y94:AB94,AD94)&$AR$1) -> {5000,2,1,401,112} | AT94: =IF(G94="","",$AQ$1&_xlfn.TEXTJOIN(",",1,AE94:AH94,AJ94)&$AR$1) -> {5000,2,1,401,113} | AU94: =IF(AK94="","",IF(G94="","",$AQ$1&_xlfn.TEXTJOIN(",",1,AK94:AO94)&$AR$1)) | AV94: 1416 | AW94: =IF(AU94="","["&_xlfn.TEXTJOIN(",",1,AP94:AT94)&"]","["&_xlfn.TEXTJOIN(",",1,AP94:AU94)&"]") -> [{5000,2,1,401,101},{5000,2,1,401,103},{5000,2,1,402,111},{5000,2,1,401,112},{5000,2,1,401,113}]
... B102: 1424 | C102: 关卡5 | D102: =RIGHT(C102,1) -> 5 | F102: 196 | G102: 5000 | H102: 3 | I102: 1 | J102: 2 | K102: =IF($J102="","",K80+100) -> 402 | L102: =IF(L80="","",L80) -> 101 | M102: 5000 | N102: =H102 -> 3 | O102: 1 | P102: =IF($J102="","",P80+100) -> 401 | Q102: 54 | R102: =IF(R80="","",R80) -> 103 | S102: 5000 | T102: =N102 -> 3 | U102: 1 | V102: =IF($J102="","",V80+100) -> 402 | W102: 77 | X102: =IF(X80="","",X80) -> 111 | Y102: 5000 | Z102: =T102 -> 3 | AA102: 1 | AB102: =IF($J102="","",AB80+100) -> 401 | AC102: 72 | AD102: =IF(AD80="","",AD80) -> 112 | AE102: 5000 | AF102: =Z102 -> 3 | AG102: 1 | AH102: =IF($J102="","",AH80+100) -> 402 | AI102: 74 | AJ102: =IF(AJ80="","",AJ80) -> 113 | AP102: =IF(G102="","",$AQ$1&_xlfn.TEXTJOIN(",",1,G102:I102,K102,L102)&$AR$1) -> {5000,3,1,402,101} | AQ102: =IF(G102="","",$AQ$1&_xlfn.TEXTJOIN(",",1,M102:P102,R102)&$AR$1) -> {5000,3,1,401,103} | AR102: =IF(G102="","",$AQ$1&_xlfn.TEXTJOIN(",",1,S102:V102,X102)&$AR$1) -> {5000,3,1,402,111} | AS102: =IF(G102="","",$AQ$1&_xlfn.TEXTJOIN(",",1,Y102:AB102,AD102)&$AR$1) -> {5000,3,1,401,112} | AT102: =IF(G102="","",$AQ$1&_xlfn.TEXTJOIN(",",1,AE102:AH102,AJ102)&$AR$1) -> {5000,3,1,402,113} | AU102: =IF(AK102="","",IF(G102="","",$AQ$1&_xlfn.TEXTJOIN(",",1,AK102:AO102)&$AR$1)) | AV102: 1424 | AW102: =IF(AU102="","["&_xlfn.TEXTJOIN(",",1,AP102:AT102)&"]","["&_xlfn.TEXTJOIN(",",1,AP102:AU102)&"]") -> [{5000,3,1,402,101},{5000,3,1,401,103},{5000,3,1,402,111},{5000,3,1,401,112},{5000,3,1,402,113}]
B103: 1425 | C103: 关卡5 | D103: =RIGHT(C103,1) -> 5 | F103: 209 | K103: =IF($J103="","",K81+100) | L103: =IF(L81="","",L81) | N103: =H103 -> 0 | P103: =IF($J103="","",P81+100) | R103: =IF(R81="","",R81) | T103: =N103 -> 0 | V103: =IF($J103="","",V81+100) | X103: =IF(X81="","",X81) | Z103: =T103 -> 0 | AB103: =IF($J103="","",AB81+100) | AD103: =IF(AD81="","",AD81) | AF103: =Z103 -> 0 | AH103: =IF($J103="","",AH81+100) | AJ103: =IF(AJ81="","",AJ81) | AP103: =IF(G103="","",$AQ$1&_xlfn.TEXTJOIN(",",1,G103:I103,K103,L103)&$AR$1) | AQ103: =IF(G103="","",$AQ$1&_xlfn.TEXTJOIN(",",1,M103:P103,R103)&$AR$1) | AR103: =IF(G103="","",$AQ$1&_xlfn.TEXTJOIN(",",1,S103:V103,X103)&$AR$1) | AS103: =IF(G103="","",$AQ$1&_xlfn.TEXTJOIN(",",1,Y103:AB103,AD103)&$AR$1) | AT103: =IF(G103="","",$AQ$1&_xlfn.TEXTJOIN(",",1,AE103:AH103,AJ103)&$AR$1) | AU103: =IF(AK103="","",IF(G103="","",$AQ$1&_xlfn.TEXTJOIN(",",1,AK103:AO103)&$AR$1)) | AV103: 1425
B104: 1426 | C104: 关卡5 | D104: =RIGHT(C104,1) -> 5 | F104: 211 | G104: 5000 | H104: 4 | I104: 1 | J104: 2 | K104: =IF($J104="","",K82+100) -> 402 | L104: =IF(L82="","",L82) -> 101 | M104: 5000 | N104: =H104 -> 4 | O104: 1 | P104: =IF($J104="","",P82+100) -> 401 | Q104: 51 | R104: =IF(R82="","",R82) -> 102 | S104: 5000 | T104: =N104 -> 4 | U104: 1 | V104: =IF($J104="","",V82+100) -> 402 | W104: 57 | X104: =IF(X82="","",X82) -> 103 | Y104: 5000 | Z104: =T104 -> 4 | AA104: 1 | AB104: =IF($J104="","",AB82+100) -> 401 | AC104: 79 | AD104: =IF(AD82="","",AD82) -> 113 | AE104: 5000 | AF104: =Z104 -> 4 | AG104: 1 | AH104: =IF($J104="","",AH82+100) -> 402 | AI104: 72 | AJ104: =IF(AJ82="","",AJ82) -> 111 | AK104: 1000 | AL104: 1 | AM104: 0 | AN104: 431 | AO104: 4 | AP104: =IF(G104="","",$AQ$1&_xlfn.TEXTJOIN(",",1,G104:I104,K104,L104)&$AR$1) -> {5000,4,1,402,101} | AQ104: =IF(G104="","",$AQ$1&_xlfn.TEXTJOIN(",",1,M104:P104,R104)&$AR$1) -> {5000,4,1,401,102} | AR104: =IF(G104="","",$AQ$1&_xlfn.TEXTJOIN(",",1,S104:V104,X104)&$AR$1) -> {5000,4,1,402,103} | AS104: =IF(G104="","",$AQ$1&_xlfn.TEXTJOIN(",",1,Y104:AB104,AD104)&$AR$1) -> {5000,4,1,401,113} | AT104: =IF(G104="","",$AQ$1&_xlfn.TEXTJOIN(",",1,AE104:AH104,AJ104)&$AR$1) -> {5000,4,1,402,111} | AU104: =IF(AK104="","",IF(G104="","",$AQ$1&_xlfn.TEXTJOIN(",",1,AK104:AO104)&$AR$1)) -> {1000,1,0,431,4} | AV104: 1426 | AW104: =IF(AU104="","["&_xlfn.TEXTJOIN(",",1,AP104:AT104)&"]","["&_xlfn.TEXTJOIN(",",1,AP104:AU104)&"]") -> [{5000,4,1,402,101},{5000,4,1,401,102},{5000,4,1,402,103},{5000,4,1,401,113},{5000,4,1,402,111},{1000,1,0,431,4}]
B105: 1427 | C105: 关卡5 | D105: =RIGHT(C105,1) -> 5 | F105: 226 | G105: 5000 | H105: 4 | I105: 1 | J105: 2 | K105: =IF($J105="","",K83+100) -> 402 | L105: =IF(L83="","",L83) -> 101 | M105: 5000 | N105: =H105 -> 4 | O105: 1 | P105: =IF($J105="","",P83+100) -> 401 | Q105: 51 | R105: =IF(R83="","",R83) -> 103 | S105: 5000 | T105: =N105 -> 4 | U105: 1 | V105: =IF($J105="","",V83+100) -> 402 | W105: 75 | X105: =IF(X83="","",X83) -> 111 | Y105: 5000 | Z105: =T105 -> 4 | AA105: 1 | AB105: =IF($J105="","",AB83+100) -> 401 | AC105: 71 | AD105: =IF(AD83="","",AD83) -> 112 | AE105: 5000 | AF105: =Z105 -> 4 | AG105: 1 | AH105: =IF($J105="","",AH83+100) -> 402 | AI105: 77 | AJ105: =IF(AJ83="","",AJ83) -> 113 | AP105: =IF(G105="","",$AQ$1&_xlfn.TEXTJOIN(",",1,G105:I105,K105,L105)&$AR$1) -> {5000,4,1,402,101} | AQ105: =IF(G105="","",$AQ$1&_xlfn.TEXTJOIN(",",1,M105:P105,R105)&$AR$1) -> {5000,4,1,401,103} | AR105: =IF(G105="","",$AQ$1&_xlfn.TEXTJOIN(",",1,S105:V105,X105)&$AR$1) -> {5000,4,1,402,111} | AS105: =IF(G105="","",$AQ$1&_xlfn.TEXTJOIN(",",1,Y105:AB105,AD105)&$AR$1) -> {5000,4,1,401,112} | AT105: =IF(G105="","",$AQ$1&_xlfn.TEXTJOIN(",",1,AE105:AH105,AJ105)&$AR$1) -> {5000,4,1,402,113} | AU105: =IF(AK105="","",IF(G105="","",$AQ$1&_xlfn.TEXTJOIN(",",1,AK105:AO105)&$AR$1)) | AV105: 1427 | AW105: =IF(AU105="","["&_xlfn.TEXTJOIN(",",1,AP105:AT105)&"]","["&_xlfn.TEXTJOIN(",",1,AP105:AU105)&"]") -> [{5000,4,1,402,101},{5000,4,1,401,103},{5000,4,1,402,111},{5000,4,1,401,112},{5000,4,1,402,113}]
B106: 1428 | C106: 关卡5 | D106: =RIGHT(C106,1) -> 5 | F106: 241 | G106: 5000 | H106: 5 | I106: 1 | J106: 3 | K106: =IF($J106="","",K84+100) -> 403 | L106: =IF(L84="","",L84) -> 101 | M106: 5000 | N106: =H106 -> 5 | O106: 1 | P106: =IF($J106="","",P84+100) -> 403 | Q106: 53 | R106: =IF(R84="","",R84) -> 102 | S106: 5000 | T106: =N106 -> 5 | U106: 1 | V106: =IF($J106="","",V84+100) -> 403 | W106: 56 | X106: =IF(X84="","",X84) -> 103 | Y106: 5000 | Z106: =T106 -> 5 | AA106: 1 | AB106: =IF($J106="","",AB84+100) -> 403 | AC106: 74 | AD106: =IF(AD84="","",AD84) -> 113 | AE106: 5000 | AF106: =Z106 -> 5 | AG106: 1 | AH106: =IF($J106="","",AH84+100) -> 403 | AI106: 78 | AJ106: =IF(AJ84="","",AJ84) -> 111 | AP106: =IF(G106="","",$AQ$1&_xlfn.TEXTJOIN(",",1,G106:I106,K106,L106)&$AR$1) -> {5000,5,1,403,101} | AQ106: =IF(G106="","",$AQ$1&_xlfn.TEXTJOIN(",",1,M106:P106,R106)&$AR$1) -> {5000,5,1,403,102} | AR106: =IF(G106="","",$AQ$1&_xlfn.TEXTJOIN(",",1,S106:V106,X106)&$AR$1) -> {5000,5,1,403,103} | AS106: =IF(G106="","",$AQ$1&_xlfn.TEXTJOIN(",",1,Y106:AB106,AD106)&$AR$1) -> {5000,5,1,403,113} | AT106: =IF(G106="","",$AQ$1&_xlfn.TEXTJOIN(",",1,AE106:AH106,AJ106)&$AR$1) -> {5000,5,1,403,111} | AU106: =IF(AK106="","",IF(G106="","",$AQ$1&_xlfn.TEXTJOIN(",",1,AK106:AO106)&$AR$1)) | AV106: 1428 | AW106: =IF(AU106="","["&_xlfn.TEXTJOIN(",",1,AP106:AT106)&"]","["&_xlfn.TEXTJOIN(",",1,AP106:AU106)&"]") -> [{5000,5,1,403,101},{5000,5,1,403,102},{5000,5,1,403,103},{5000,5,1,403,113},{5000,5,1,403,111}]
B107: 1429 | C107: 关卡5 | D107: =RIGHT(C107,1) -> 5 | F107: 256 | G107: 5000 | H107: 4 | I107: 1 | J107: 2 | K107: =IF($J107="","",K85+100) -> 402 | L107: =IF(L85="","",L85) -> 101 | M107: 5000 | N107: =H107 -> 4 | O107: 1 | P107: =IF($J107="","",P85+100) -> 402 | Q107: 59 | R107: =IF(R85="","",R85) -> 103 | S107: 5000 | T107: =N107 -> 4 | U107: 1 | V107: =IF($J107="","",V85+100) -> 402 | W107: 79 | X107: =IF(X85="","",X85) -> 111 | Y107: 5000 | Z107: =T107 -> 4 | AA107: 1 | AB107: =IF($J107="","",AB85+100) -> 401 | AC107: 72 | AD107: =IF(AD85="","",AD85) -> 112 | AE107: 5000 | AF107: =Z107 -> 4 | AG107: 1 | AH107: =IF($J107="","",AH85+100) -> 402 | AI107: 74 | AJ107: =IF(AJ85="","",AJ85) -> 113 | AP107: =IF(G107="","",$AQ$1&_xlfn.TEXTJOIN(",",1,G107:I107,K107,L107)&$AR$1) -> {5000,4,1,402,101} | AQ107: =IF(G107="","",$AQ$1&_xlfn.TEXTJOIN(",",1,M107:P107,R107)&$AR$1) -> {5000,4,1,402,103} | AR107: =IF(G107="","",$AQ$1&_xlfn.TEXTJOIN(",",1,S107:V107,X107)&$AR$1) -> {5000,4,1,402,111} | AS107: =IF(G107="","",$AQ$1&_xlfn.TEXTJOIN(",",1,Y107:AB107,AD107)&$AR$1) -> {5000,4,1,401,112} | AT107: =IF(G107="","",$AQ$1&_xlfn.TEXTJOIN(",",1,AE107:AH107,AJ107)&$AR$1) -> {5000,4,1,402,113} | AU107: =IF(AK107="","",IF(G107="","",$AQ$1&_xlfn.TEXTJOIN(",",1,AK107:AO107)&$AR$1)) | AV107: 1429 | AW107: =IF(AU107="","["&_xlfn.TEXTJOIN(",",1,AP107:AT107)&"]","["&_xlfn.TEXTJOIN(",",1,AP107:AU107)&"]") -> [{5000,4,1,402,101},{5000,4,1,402,103},{5000,4,1,402,111},{5000,4,1,401,112},{5000,4,1,402,113}]
B108: 1430 | C108: 关卡5 | D108: =RIGHT(C108,1) -> 5 | F108: 271 | G108: 5000 | H108: 4 | I108: 1 | J108: 2 | K108: =IF($J108="","",K86+100) -> 402 | L108: =IF(L86="","",L86) -> 101 | M108: 5000 | N108: =H108 -> 4 | O108: 1 | P108: =IF($J108="","",P86+100) -> 402 | Q108: 54 | R108: =IF(R86="","",R86) -> 102 | S108: 5000 | T108: =N108 -> 4 | U108: 1 | V108: =IF($J108="","",V86+100) -> 402 | W108: 56 | X108: =IF(X86="","",X86) -> 103 | Y108: 5000 | Z108: =T108 -> 4 | AA108: 1 | AB108: =IF($J108="","",AB86+100) -> 402 | AC108: 73 | AD108: =IF(AD86="","",AD86) -> 113 | AE108: 5000 | AF108: =Z108 -> 4 | AG108: 1 | AH108: =IF($J108="","",AH86+100) -> 402 | AI108: 75 | AJ108: =IF(AJ86="","",AJ86) -> 111 | AP108: =IF(G108="","",$AQ$1&_xlfn.TEXTJOIN(",",1,G108:I108,K108,L108)&$AR$1) -> {5000,4,1,402,101} | AQ108: =IF(G108="","",$AQ$1&_xlfn.TEXTJOIN(",",1,M108:P108,R108)&$AR$1) -> {5000,4,1,402,102} | AR108: =IF(G108="","",$AQ$1&_xlfn.TEXTJOIN(",",1,S108:V108,X108)&$AR$1) -> {5000,4,1,402,103} | AS108: =IF(G108="","",$AQ$1&_xlfn.TEXTJOIN(",",1,Y108:AB108,AD108)&$AR$1) -> {5000,4,1,402,113} | AT108: =IF(G108="","",$AQ$1&_xlfn.TEXTJOIN(",",1,AE108:AH108,AJ108)&$AR$1) -> {5000,4,1,402,111} | AU108: =IF(AK108="","",IF(G108="","",$AQ$1&_xlfn.TEXTJOIN(",",1,AK108:AO108)&$AR$1)) | AV108: 1430 | AW108: =IF(AU108="","["&_xlfn.TEXTJOIN(",",1,AP108:AT108)&"]","["&_xlfn.TEXTJOIN(",",1,AP108:AU108)&"]") -> [{5000,4,1,402,101},{5000,4,1,402,102},{5000,4,1,402,103},{5000,4,1,402,113},{5000,4,1,402,111}]
B109: 1431 | C109: 关卡5 | D109: =RIGHT(C109,1) -> 5 | F109: 286 | G109: 5000 | H109: 4 | I109: 1 | J109: 2 | K109: =IF($J109="","",K87+100) -> 402 | L109: =IF(L87="","",L87) -> 101 | M109: 5000 | N109: =H109 -> 4 | O109: 1 | P109: =IF($J109="","",P87+100) -> 402 | Q109: 53 | R109: =IF(R87="","",R87) -> 103 | S109: 5000 | T109: =N109 -> 4 | U109: 1 | V109: =IF($J109="","",V87+100) -> 402 | W109: 59 | X109: =IF(X87="","",X87) -> 111 | Y109: 5000 | Z109: =T109 -> 4 | AA109: 1 | AB109: =IF($J109="","",AB87+100) -> 402 | AC109: 71 | AD109: =IF(AD87="","",AD87) -> 112 | AE109: 5000 | AF109: =Z109 -> 4 | AG109: 1 | AH109: =IF($J109="","",AH87+100) -> 402 | AI109: 77 | AJ109: =IF(AJ87="","",AJ87) -> 113 | AP109: =IF(G109="","",$AQ$1&_xlfn.TEXTJOIN(",",1,G109:I109,K109,L109)&$AR$1) -> {5000,4,1,402,101} | AQ109: =IF(G109="","",$AQ$1&_xlfn.TEXTJOIN(",",1,M109:P109,R109)&$AR$1) -> {5000,4,1,402,103} | AR109: =IF(G109="","",$AQ$1&_xlfn.TEXTJOIN(",",1,S109:V109,X109)&$AR$1) -> {5000,4,1,402,111} | AS109: =IF(G109="","",$AQ$1&_xlfn.TEXTJOIN(",",1,Y109:AB109,AD109)&$AR$1) -> {5000,4,1,402,112} | AT109: =IF(G109="","",$AQ$1&_xlfn.TEXTJOIN(",",1,AE109:AH109,AJ109)&$AR$1) -> {5000,4,1,402,113} | AU109: =IF(AK109="","",IF(G109="","",$AQ$1&_xlfn.TEXTJOIN(",",1,AK109:AO109)&$AR$1)) | AV109: 1431 | AW109: =IF(AU109="","["&_xlfn.TEXTJOIN(",",1,AP109:AT109)&"]","["&_xlfn.TEXTJOIN(",",1,AP109:AU109)&"]") -> [{5000,4,1,402,101},{5000,4,1,402,103},{5000,4,1,402,111},{5000,4,1,402,112},{5000,4,1,402,113}]
B110: 1432 | C110: 关卡5 | D110: =RIGHT(C110,1) -> 5 | F110: 290 | G110: 5000 | H110: 4 | I110: 1 | J110: 2 | K110: =IF($J110="","",K88+100) -> 402 | L110: =IF(L88="","",L88) -> 101 | M110: 5000 | N110: =H110 -> 4 | O110: 1 | P110: =IF($J110="","",P88+100) -> 402 | Q110: 56 | R110: =IF(R88="","",R88) -> 102 | S110: 5000 | T110: =N110 -> 4 | U110: 1 | V110: =IF($J110="","",V88+100) -> 401 | W110: 77 | X110: =IF(X88="","",X88) -> 103 | Y110: 5000 | Z110: =T110 -> 4 | AA110: 1 | AB110: =IF($J110="","",AB88+100) -> 402 | AC110: 72 | AD110: =IF(AD88="","",AD88) -> 113 | AE110: 5000 | AF110: =Z110 -> 4 | AG110: 1 | AH110: =IF($J110="","",AH88+100) -> 402 | AI110: 74 | AJ110: =IF(AJ88="","",AJ88) -> 111 | AP110: =IF(G110="","",$AQ$1&_xlfn.TEXTJOIN(",",1,G110:I110,K110,L110)&$AR$1) -> {5000,4,1,402,101} | AQ110: =IF(G110="","",$AQ$1&_xlfn.TEXTJOIN(",",1,M110:P110,R110)&$AR$1) -> {5000,4,1,402,102} | AR110: =IF(G110="","",$AQ$1&_xlfn.TEXTJOIN(",",1,S110:V110,X110)&$AR$1) -> {5000,4,1,401,103} | AS110: =IF(G110="","",$AQ$1&_xlfn.TEXTJOIN(",",1,Y110:AB110,AD110)&$AR$1) -> {5000,4,1,402,113} | AT110: =IF(G110="","",$AQ$1&_xlfn.TEXTJOIN(",",1,AE110:AH110,AJ110)&$AR$1) -> {5000,4,1,402,111} | AU110: =IF(AK110="","",IF(G110="","",$AQ$1&_xlfn.TEXTJOIN(",",1,AK110:AO110)&$AR$1)) | AV110: 1432 | AW110: =IF(AU110="","["&_xlfn.TEXTJOIN(",",1,AP110:AT110)&"]","["&_xlfn.TEXTJOIN(",",1,AP110:AU110)&"]") -> [{5000,4,1,402,101},{5000,4,1,402,102},{5000,4,1,401,103},{5000,4,1,402,113},{5000,4,1,402,111}]
B111: 1511 | C111: 关卡6 | D111: =RIGHT(C111,1) -> 6 | F111: 1 | G111: 5000 | H111: =H89 -> 1 | I111: 1 | J111: 1 | K111: =IF($J111="","",K89+100) -> 501 | L111: =IF(L89="","",L89) -> 101 | M111: 5000 | N111: =H111 -> 1 | O111: 1 | P111: =IF($J111="","",P89+100) -> 501 | Q111: 55 | R111: =IF(R89="","",R89) -> 102 | S111: 5000 | T111: =N111 -> 1 | U111: 1 | V111: =IF($J111="","",V89+100) -> 501 | W111: 60 | X111: =IF(X89="","",X89) -> 103 | Y111: 5000 | Z111: =T111 -> 1 | AA111: 1 | AB111: =IF($J111="","",AB89+100) -> 501 | AC111: 71 | AD111: =IF(AD89="","",AD89) -> 113 | AE111: 5000 | AF111: =Z111 -> 1 | AG111: 1 | AH111: =IF($J111="","",AH89+100) -> 501 | AI111: 76 | AJ111: =IF(AJ89="","",AJ89) -> 111 | AP111: =IF(G111="","",$AQ$1&_xlfn.TEXTJOIN(",",1,G111:I111,K111,L111)&$AR$1) -> {5000,1,1,501,101} | AQ111: =IF(G111="","",$AQ$1&_xlfn.TEXTJOIN(",",1,M111:P111,R111)&$AR$1) -> {5000,1,1,501,102} | AR111: =IF(G111="","",$AQ$1&_xlfn.TEXTJOIN(",",1,S111:V111,X111)&$AR$1) -> {5000,1,1,501,103} | AS111: =IF(G111="","",$AQ$1&_xlfn.TEXTJOIN(",",1,Y111:AB111,AD111)&$AR$1) -> {5000,1,1,501,113} | AT111: =IF(G111="","",$AQ$1&_xlfn.TEXTJOIN(",",1,AE111:AH111,AJ111)&$AR$1) -> {5000,1,1,501,111} | AU111: =IF(AK111="","",IF(G111="","",$AQ$1&_xlfn.TEXTJOIN(",",1,AK111:AO111)&$AR$1)) | AV111: 1511 | AW111: =IF(AU111="","["&_xlfn.TEXTJOIN(",",1,AP111:AT111)&"]","["&_xlfn.TEXTJOIN(",",1,AP111:AU111)&"]") -> [{5000,1,1,501,101},{5000,1,1,501,102},{5000,1,1,501,103},{5000,1,1,501,113},{5000,1,1,501,111}]
B112: 1512 | C112: 关卡6 | D112: =RIGHT(C112,1) -> 6 | F112: 16 | G112: 5000 | H112: =H90 -> 1 | I112: 1 | J112: 1 | K112: =IF($J112="","",K90+100) -> 501 | L112: =IF(L90="","",L90) -> 101 | M112: 5000 | N112: =H112 -> 1 | O112: 1 | P112: =IF($J112="","",P90+100) -> 501 | Q112: 55 | R112: =IF(R90="","",R90) -> 103 | S112: 5000 | T112: =N112 -> 1 | U112: 1 | V112: =IF($J112="","",V90+100) -> 501 | W112: 75 | X112: =IF(X90="","",X90) -> 111 | Y112: 5000 | Z112: =T112 -> 1 | AA112: 1 | AB112: =IF($J112="","",AB90+100) -> 501 | AC112: 73 | AD112: =IF(AD90="","",AD90) -> 112 | AE112: 5000 | AF112: =Z112 -> 1 | AG112: 1 | AH112: =IF($J112="","",AH90+100) -> 501 | AI112: 78 | AJ112: =IF(AJ90="","",AJ90) -> 113 | AP112: =IF(G112="","",$AQ$1&_xlfn.TEXTJOIN(",",1,G112:I112,K112,L112)&$AR$1) -> {5000,1,1,501,101} | AQ112: =IF(G112="","",$AQ$1&_xlfn.TEXTJOIN(",",1,M112:P112,R112)&$AR$1) -> {5000,1,1,501,103} | AR112: =IF(G112="","",$AQ$1&_xlfn.TEXTJOIN(",",1,S112:V112,X112)&$AR$1) -> {5000,1,1,501,111} | AS112: =IF(G112="","",$AQ$1&_xlfn.TEXTJOIN(",",1,Y112:AB112,AD112)&$AR$1) -> {5000,1,1,501,112} | AT112: =IF(G112="","",$AQ$1&_xlfn.TEXTJOIN(",",1,AE112:AH112,AJ112)&$AR$1) -> {5000,1,1,501,113} | AU112: =IF(AK112="","",IF(G112="","",$AQ$1&_xlfn.TEXTJOIN(",",1,AK112:AO112)&$AR$1)) | AV112: 1512 | AW112: =IF(AU112="","["&_xlfn.TEXTJOIN(",",1,AP112:AT112)&"]","["&_xlfn.TEXTJOIN(",",1,AP112:AU112)&"]") -> [{5000,1,1,501,101},{5000,1,1,501,103},{5000,1,1,501,111},{5000,1,1,501,112},{5000,1,1,501,113}]
B113: 1513 | C113: 关卡6 | D113: =RIGHT(C113,1) -> 6 | F113: 31 | G113: 5000 | H113: =H91 -> 2 | I113: 1 | J113: 1 | K113: =IF($J113="","",K91+100) -> 501 | L113: =IF(L91="","",L91) -> 101 | M113: 5000 | N113: =H113 -> 2 | O113: 1 | P113: =IF($J113="","",P91+100) -> 501 | Q113: 55 | R113: =IF(R91="","",R91) -> 102 | S113: 5000 | T113: =N113 -> 2 | U113: 1 | V113: =IF($J113="","",V91+100) -> 501 | W113: 58 | X113: =IF(X91="","",X91) -> 103 | Y113: 5000 | Z113: =T113 -> 2 | AA113: 1 | AB113: =IF($J113="","",AB91+100) -> 501 | AC113: 76 | AD113: =IF(AD91="","",AD91) -> 113 | AE113: 5000 | AF113: =Z113 -> 2 | AG113: 1 | AH113: =IF($J113="","",AH91+100) -> 501 | AI113: 79 | AJ113: =IF(AJ91="","",AJ91) -> 111 | AP113: =IF(G113="","",$AQ$1&_xlfn.TEXTJOIN(",",1,G113:I113,K113,L113)&$AR$1) -> {5000,2,1,501,101} | AQ113: =IF(G113="","",$AQ$1&_xlfn.TEXTJOIN(",",1,M113:P113,R113)&$AR$1) -> {5000,2,1,501,102} | AR113: =IF(G113="","",$AQ$1&_xlfn.TEXTJOIN(",",1,S113:V113,X113)&$AR$1) -> {5000,2,1,501,103} | AS113: =IF(G113="","",$AQ$1&_xlfn.TEXTJOIN(",",1,Y113:AB113,AD113)&$AR$1) -> {5000,2,1,501,113} | AT113: =IF(G113="","",$AQ$1&_xlfn.TEXTJOIN(",",1,AE113:AH113,AJ113)&$AR$1) -> {5000,2,1,501,111} | AU113: =IF(AK113="","",IF(G113="","",$AQ$1&_xlfn.TEXTJOIN(",",1,AK113:AO113)&$AR$1)) | AV113: 1513 | AW113: =IF(AU113="","["&_xlfn.TEXTJOIN(",",1,AP113:AT113)&"]","["&_xlfn.TEXTJOIN(",",1,AP113:AU113)&"]") -> [{5000,2,1,501,101},{5000,2,1,501,102},{5000,2,1,501,103},{5000,2,1,501,113},{5000,2,1,501,111}]
B114: 1514 | C114: 关卡6 | D114: =RIGHT(C114,1) -> 6 | F114: 46 | G114: 5000 | H114: =H92 -> 2 | I114: 1 | J114: 1 | K114: =IF($J114="","",K92+100) -> 501 | L114: =IF(L92="","",L92) -> 101 | M114: 5000 | N114: =H114 -> 2 | O114: 1 | P114: =IF($J114="","",P92+100) -> 501 | Q114: 55 | R114: =IF(R92="","",R92) -> 103 | S114: 5000 | T114: =N114 -> 2 | U114: 1 | V114: =IF($J114="","",V92+100) -> 502 | W114: 76 | X114: =IF(X92="","",X92) -> 111 | Y114: 5000 | Z114: =T114 -> 2 | AA114: 1 | AB114: =IF($J114="","",AB92+100) -> 501 | AC114: 71 | AD114: =IF(AD92="","",AD92) -> 112 | AE114: 5000 | AF114: =Z114 -> 2 | AG114: 1 | AH114: =IF($J114="","",AH92+100) -> 501 | AI114: 71 | AJ114: =IF(AJ92="","",AJ92) -> 113 | AP114: =IF(G114="","",$AQ$1&_xlfn.TEXTJOIN(",",1,G114:I114,K114,L114)&$AR$1) -> {5000,2,1,501,101} | AQ114: =IF(G114="","",$AQ$1&_xlfn.TEXTJOIN(",",1,M114:P114,R114)&$AR$1) -> {5000,2,1,501,103} | AR114: =IF(G114="","",$AQ$1&_xlfn.TEXTJOIN(",",1,S114:V114,X114)&$AR$1) -> {5000,2,1,502,111} | AS114: =IF(G114="","",$AQ$1&_xlfn.TEXTJOIN(",",1,Y114:AB114,AD114)&$AR$1) -> {5000,2,1,501,112} | AT114: =IF(G114="","",$AQ$1&_xlfn.TEXTJOIN(",",1,AE114:AH114,AJ114)&$AR$1) -> {5000,2,1,501,113} | AU114: =IF(AK114="","",IF(G114="","",$AQ$1&_xlfn.TEXTJOIN(",",1,AK114:AO114)&$AR$1)) | AV114: 1514 | AW114: =IF(AU114="","["&_xlfn.TEXTJOIN(",",1,AP114:AT114)&"]","["&_xlfn.TEXTJOIN(",",1,AP114:AU114)&"]") -> [{5000,2,1,501,101},{5000,2,1,501,103},{5000,2,1,502,111},{5000,2,1,501,112},{5000,2,1,501,113}]
B115: 1515 | C115: 关卡6 | D115: =RIGHT(C115,1) -> 6 | F115: 61 | G115: 5000 | H115: =H93+2 -> 4 | I115: 1 | J115: 3 | K115: =IF($J115="","",K93+100) -> 503 | L115: =IF(L93="","",L93) -> 101 | M115: 5000 | N115: =H115 -> 4 | O115: 1 | P115: =IF($J115="","",P93+100) -> 503 | Q115: 56 | R115: =IF(R93="","",R93) -> 102 | S115: 5000 | T115: =N115 -> 4 | U115: 1 | V115: =IF($J115="","",V93+100) -> 503 | W115: 57 | X115: =IF(X93="","",X93) -> 103 | Y115: 5000 | Z115: =T115 -> 4 | AA115: 1 | AB115: =IF($J115="","",AB93+100) -> 503 | AC115: 72 | AD115: =IF(AD93="","",AD93) -> 113 | AE115: 5000 | AF115: =Z115 -> 4 | AG115: 1 | AH115: =IF($J115="","",AH93+100) -> 503 | AI115: 71 | AJ115: =IF(AJ93="","",AJ93) -> 111 | AP115: =IF(G115="","",$AQ$1&_xlfn.TEXTJOIN(",",1,G115:I115,K115,L115)&$AR$1) -> {5000,4,1,503,101} | AQ115: =IF(G115="","",$AQ$1&_xlfn.TEXTJOIN(",",1,M115:P115,R115)&$AR$1) -> {5000,4,1,503,102} | AR115: =IF(G115="","",$AQ$1&_xlfn.TEXTJOIN(",",1,S115:V115,X115)&$AR$1) -> {5000,4,1,503,103} | AS115: =IF(G115="","",$AQ$1&_xlfn.TEXTJOIN(",",1,Y115:AB115,AD115)&$AR$1) -> {5000,4,1,503,113} | AT115: =IF(G115="","",$AQ$1&_xlfn.TEXTJOIN(",",1,AE115:AH115,AJ115)&$AR$1) -> {5000,4,1,503,111} | AU115: =IF(AK115="","",IF(G115="","",$AQ$1&_xlfn.TEXTJOIN(",",1,AK115:AO115)&$AR$1)) | AV115: 1515 | AW115: =IF(AU115="","["&_xlfn.TEXTJOIN(",",1,AP115:AT115)&"]","["&_xlfn.TEXTJOIN(",",1,AP115:AU115)&"]") -> [{5000,4,1,503,101},{5000,4,1,503,102},{5000,4,1,503,103},{5000,4,1,503,113},{5000,4,1,503,111}]
B116: 1516 | C116: 关卡6 | D116: =RIGHT(C116,1) -> 6 | F116: 76 | G116: 5000 | H116: =H94+1 -> 3 | I116: 1 | J116: 1 | K116: =IF($J116="","",K94+100) -> 501 | L116: =IF(L94="","",L94) -> 101 | M116: 5000 | N116: =H116 -> 3 | O116: 1 | P116: =IF($J116="","",P94+100) -> 501 | Q116: 59 | R116: =IF(R94="","",R94) -> 103 | S116: 5000 | T116: =N116 -> 3 | U116: 1 | V116: =IF($J116="","",V94+100) -> 502 | W116: 71 | X116: =IF(X94="","",X94) -> 111 | Y116: 5000 | Z116: =T116 -> 3 | AA116: 1 | AB116: =IF($J116="","",AB94+100) -> 501 | AC116: 71 | AD116: =IF(AD94="","",AD94) -> 112 | AE116: 5000 | AF116: =Z116 -> 3 | AG116: 1 | AH116: =IF($J116="","",AH94+100) -> 501 | AI116: 79 | AJ116: =IF(AJ94="","",AJ94) -> 113 | AP116: =IF(G116="","",$AQ$1&_xlfn.TEXTJOIN(",",1,G116:I116,K116,L116)&$AR$1) -> {5000,3,1,501,101} | AQ116: =IF(G116="","",$AQ$1&_xlfn.TEXTJOIN(",",1,M116:P116,R116)&$AR$1) -> {5000,3,1,501,103} | AR116: =IF(G116="","",$AQ$1&_xlfn.TEXTJOIN(",",1,S116:V116,X116)&$AR$1) -> {5000,3,1,502,111} | AS116: =IF(G116="","",$AQ$1&_xlfn.TEXTJOIN(",",1,Y116:AB116,AD116)&$AR$1) -> {5000,3,1,501,112} | AT116: =IF(G116="","",$AQ$1&_xlfn.TEXTJOIN(",",1,AE116:AH116,AJ116)&$AR$1) -> {5000,3,1,501,113} | AU116: =IF(AK116="","",IF(G116="","",$AQ$1&_xlfn.TEXTJOIN(",",1,AK116:AO116)&$AR$1)) | AV116: 1516 | AW116: =IF(AU116="","["&_xlfn.TEXTJOIN(",",1,AP116:AT116)&"]","["&_xlfn.TEXTJOIN(",",1,AP116:AU116)&"]") -> [{5000,3,1,501,101},{5000,3,1,501,103},{5000,3,1,502,111},{5000,3,1,501,112},{5000,3,1,501,113}]
B117: 1517 | C117: 关卡6 | D117: =RIGHT(C117,1) -> 6 | F117: 91 | G117: 5000 | H117: =H95+1 -> 3 | I117: 1 | J117: 1 | K117: =IF($J117="","",K95+100) -> 501 | L117: =IF(L95="","",L95) -> 101 | M117: 5000 | N117: =H117 -> 3 | O117: 1 | P117: =IF($J117="","",P95+100) -> 501 | Q117: 54 | R117: =IF(R95="","",R95) -> 102 | S117: 5000 | T117: =N117 -> 3 | U117: 1 | V117: =IF($J117="","",V95+100) -> 502 | W117: 51 | X117: =IF(X95="","",X95) -> 103 | Y117: 5000 | Z117: =T117 -> 3 | AA117: 1 | AB117: =IF($J117="","",AB95+100) -> 501 | AC117: 71 | AD117: =IF(AD95="","",AD95) -> 113 | AE117: 5000 | AF117: =Z117 -> 3 | AG117: 1 | AH117: =IF($J117="","",AH95+100) -> 502 | AI117: 77 | AJ117: =IF(AJ95="","",AJ95) -> 111 | AP117: =IF(G117="","",$AQ$1&_xlfn.TEXTJOIN(",",1,G117:I117,K117,L117)&$AR$1) -> {5000,3,1,501,101} | AQ117: =IF(G117="","",$AQ$1&_xlfn.TEXTJOIN(",",1,M117:P117,R117)&$AR$1) -> {5000,3,1,501,102} | AR117: =IF(G117="","",$AQ$1&_xlfn.TEXTJOIN(",",1,S117:V117,X117)&$AR$1) -> {5000,3,1,502,103} | AS117: =IF(G117="","",$AQ$1&_xlfn.TEXTJOIN(",",1,Y117:AB117,AD117)&$AR$1) -> {5000,3,1,501,113} | AT117: =IF(G117="","",$AQ$1&_xlfn.TEXTJOIN(",",1,AE117:AH117,AJ117)&$AR$1) -> {5000,3,1,502,111} | AU117: =IF(AK117="","",IF(G117="","",$AQ$1&_xlfn.TEXTJOIN(",",1,AK117:AO117)&$AR$1)) | AV117: 1517 | AW117: =IF(AU117="","["&_xlfn.TEXTJOIN(",",1,AP117:AT117)&"]","["&_xlfn.TEXTJOIN(",",1,AP117:AU117)&"]") -> [{5000,3,1,501,101},{5000,3,1,501,102},{5000,3,1,502,103},{5000,3,1,501,113},{5000,3,1,502,111}]
B118: 1518 | C118: 关卡6 | D118: =RIGHT(C118,1) -> 6 | F118: 106 | G118: 5000 | H118: =H96+1 -> 3 | I118: 1 | J118: 1 | K118: =IF($J118="","",K96+100) -> 501 | L118: =IF(L96="","",L96) -> 101 | M118: 5000 | N118: =H118 -> 3 | O118: 1 | P118: =IF($J118="","",P96+100) -> 501 | Q118: 55 | R118: =IF(R96="","",R96) -> 103 | S118: 5000 | T118: =N118 -> 3 | U118: 1 | V118: =IF($J118="","",V96+100) -> 502 | W118: 73 | X118: =IF(X96="","",X96) -> 111 | Y118: 5000 | Z118: =T118 -> 3 | AA118: 1 | AB118: =IF($J118="","",AB96+100) -> 501 | AC118: 78 | AD118: =IF(AD96="","",AD96) -> 112 | AE118: 5000 | AF118: =Z118 -> 3 | AG118: 1 | AH118: =IF($J118="","",AH96+100) -> 502 | AI118: 71 | AJ118: =IF(AJ96="","",AJ96) -> 113 | AP118: =IF(G118="","",$AQ$1&_xlfn.TEXTJOIN(",",1,G118:I118,K118,L118)&$AR$1) -> {5000,3,1,501,101} | AQ118: =IF(G118="","",$AQ$1&_xlfn.TEXTJOIN(",",1,M118:P118,R118)&$AR$1) -> {5000,3,1,501,103} | AR118: =IF(G118="","",$AQ$1&_xlfn.TEXTJOIN(",",1,S118:V118,X118)&$AR$1) -> {5000,3,1,502,111} | AS118: =IF(G118="","",$AQ$1&_xlfn.TEXTJOIN(",",1,Y118:AB118,AD118)&$AR$1) -> {5000,3,1,501,112} | AT118: =IF(G118="","",$AQ$1&_xlfn.TEXTJOIN(",",1,AE118:AH118,AJ118)&$AR$1) -> {5000,3,1,502,113} | AU118: =IF(AK118="","",IF(G118="","",$AQ$1&_xlfn.TEXTJOIN(",",1,AK118:AO118)&$AR$1)) | AV118: 1518 | AW118: =IF(AU118="","["&_xlfn.TEXTJOIN(",",1,AP118:AT118)&"]","["&_xlfn.TEXTJOIN(",",1,AP118:AU118)&"]") -> [{5000,3,1,501,101},{5000,3,1,501,103},{5000,3,1,502,111},{5000,3,1,501,112},{5000,3,1,502,113}]
B119: 1519 | C119: 关卡6 | D119: =RIGHT(C119,1) -> 6 | F119: 121 | G119: 5000 | H119: =H97+2 -> 5 | I119: 1 | J119: 3 | K119: =IF($J119="","",K97+100) -> 503 | L119: =IF(L97="","",L97) -> 101 | M119: 5000 | N119: =H119 -> 5 | O119: 1 | P119: =IF($J119="","",P97+100) -> 503 | Q119: 54 | R119: =IF(R97="","",R97) -> 102 | S119: 5000 | T119: =N119 -> 5 | U119: 1 | V119: =IF($J119="","",V97+100) -> 503 | W119: 51 | X119: =IF(X97="","",X97) -> 103 | Y119: 5000 | Z119: =T119 -> 5 | AA119: 1 | AB119: =IF($J119="","",AB97+100) -> 503 | AC119: 71 | AD119: =IF(AD97="","",AD97) -> 113 | AE119: 5000 | AF119: =Z119 -> 5 | AG119: 1 | AH119: =IF($J119="","",AH97+100) -> 503 | AI119: 79 | AJ119: =IF(AJ97="","",AJ97) -> 111 | AP119: =IF(G119="","",$AQ$1&_xlfn.TEXTJOIN(",",1,G119:I119,K119,L119)&$AR$1) -> {5000,5,1,503,101} | AQ119: =IF(G119="","",$AQ$1&_xlfn.TEXTJOIN(",",1,M119:P119,R119)&$AR$1) -> {5000,5,1,503,102} | AR119: =IF(G119="","",$AQ$1&_xlfn.TEXTJOIN(",",1,S119:V119,X119)&$AR$1) -> {5000,5,1,503,103} | AS119: =IF(G119="","",$AQ$1&_xlfn.TEXTJOIN(",",1,Y119:AB119,AD119)&$AR$1) -> {5000,5,1,503,113} | AT119: =IF(G119="","",$AQ$1&_xlfn.TEXTJOIN(",",1,AE119:AH119,AJ119)&$AR$1) -> {5000,5,1,503,111} | AU119: =IF(AK119="","",IF(G119="","",$AQ$1&_xlfn.TEXTJOIN(",",1,AK119:AO119)&$AR$1)) | AV119: 1519 | AW119: =IF(AU119="","["&_xlfn.TEXTJOIN(",",1,AP119:AT119)&"]","["&_xlfn.TEXTJOIN(",",1,AP119:AU119)&"]") -> [{5000,5,1,503,101},{5000,5,1,503,102},{5000,5,1,503,103},{5000,5,1,503,113},{5000,5,1,503,111}]
B120: 1520 | C120: 关卡6 | D120: =RIGHT(C120,1) -> 6 | F120: 136 | G120: 5000 | H120: =H98+1 -> 4 | I120: 1 | J120: 1 | K120: =IF($J120="","",K98+100) -> 501 | L120: =IF(L98="","",L98) -> 101 | M120: 5000 | N120: =H120 -> 4 | O120: 1 | P120: =IF($J120="","",P98+100) -> 501 | Q120: 54 | R120: =IF(R98="","",R98) -> 103 | S120: 5000 | T120: =N120 -> 4 | U120: 1 | V120: =IF($J120="","",V98+100) -> 502 | W120: 76 | X120: =IF(X98="","",X98) -> 111 | Y120: 5000 | Z120: =T120 -> 4 | AA120: 1 | AB120: =IF($J120="","",AB98+100) -> 501 | AC120: 72 | AD120: =IF(AD98="","",AD98) -> 112 | AE120: 5000 | AF120: =Z120 -> 4 | AG120: 1 | AH120: =IF($J120="","",AH98+100) -> 502 | AI120: 74 | AJ120: =IF(AJ98="","",AJ98) -> 113 | AP120: =IF(G120="","",$AQ$1&_xlfn.TEXTJOIN(",",1,G120:I120,K120,L120)&$AR$1) -> {5000,4,1,501,101} | AQ120: =IF(G120="","",$AQ$1&_xlfn.TEXTJOIN(",",1,M120:P120,R120)&$AR$1) -> {5000,4,1,501,103} | AR120: =IF(G120="","",$AQ$1&_xlfn.TEXTJOIN(",",1,S120:V120,X120)&$AR$1) -> {5000,4,1,502,111} | AS120: =IF(G120="","",$AQ$1&_xlfn.TEXTJOIN(",",1,Y120:AB120,AD120)&$AR$1) -> {5000,4,1,501,112} | AT120: =IF(G120="","",$AQ$1&_xlfn.TEXTJOIN(",",1,AE120:AH120,AJ120)&$AR$1) -> {5000,4,1,502,113} | AU120: =IF(AK120="","",IF(G120="","",$AQ$1&_xlfn.TEXTJOIN(",",1,AK120:AO120)&$AR$1)) | AV120: 1520 | AW120: =IF(AU120="","["&_xlfn.TEXTJOIN(",",1,AP120:AT120)&"]","["&_xlfn.TEXTJOIN(",",1,AP120:AU120)&"]") -> [{5000,4,1,501,101},{5000,4,1,501,103},{5000,4,1,502,111},{5000,4,1,501,112},{5000,4,1,502,113}]
B121: 1521 | C121: 关卡6 | D121: =RIGHT(C121,1) -> 6 | F121: 151 | G121: 5000 | H121: =H99+1 -> 4 | I121: 1 | J121: 1 | K121: =IF($J121="","",K99+100) -> 501 | L121: =IF(L99="","",L99) -> 101 | M121: 5000 | N121: =H121 -> 4 | O121: 1 | P121: =IF($J121="","",P99+100) -> 501 | Q121: 54 | R121: =IF(R99="","",R99) -> 102 | S121: 5000 | T121: =N121 -> 4 | U121: 1 | V121: =IF($J121="","",V99+100) -> 502 | W121: 56 | X121: =IF(X99="","",X99) -> 103 | Y121: 5000 | Z121: =T121 -> 4 | AA121: 1 | AB121: =IF($J121="","",AB99+100) -> 501 | AC121: 72 | AD121: =IF(AD99="","",AD99) -> 113 | AE121: 5000 | AF121: =Z121 -> 4 | AG121: 1 | AH121: =IF($J121="","",AH99+100) -> 502 | AI121: 74 | AJ121: =IF(AJ99="","",AJ99) -> 111 | AP121: =IF(G121="","",$AQ$1&_xlfn.TEXTJOIN(",",1,G121:I121,K121,L121)&$AR$1) -> {5000,4,1,501,101} | AQ121: =IF(G121="","",$AQ$1&_xlfn.TEXTJOIN(",",1,M121:P121,R121)&$AR$1) -> {5000,4,1,501,102} | AR121: =IF(G121="","",$AQ$1&_xlfn.TEXTJOIN(",",1,S121:V121,X121)&$AR$1) -> {5000,4,1,502,103} | AS121: =IF(G121="","",$AQ$1&_xlfn.TEXTJOIN(",",1,Y121:AB121,AD121)&$AR$1) -> {5000,4,1,501,113} | AT121: =IF(G121="","",$AQ$1&_xlfn.TEXTJOIN(",",1,AE121:AH121,AJ121)&$AR$1) -> {5000,4,1,502,111} | AU121: =IF(AK121="","",IF(G121="","",$AQ$1&_xlfn.TEXTJOIN(",",1,AK121:AO121)&$AR$1)) | AV121: 1521 | AW121: =IF(AU121="","["&_xlfn.TEXTJOIN(",",1,AP121:AT121)&"]","["&_xlfn.TEXTJOIN(",",1,AP121:AU121)&"]") -> [{5000,4,1,501,101},{5000,4,1,501,102},{5000,4,1,502,103},{5000,4,1,501,113},{5000,4,1,502,111}]
B122: 1522 | C122: 关卡6 | D122: =RIGHT(C122,1) -> 6 | F122: 166 | G122: 5000 | H122: =H100+1 -> 4 | I122: 1 | J122: 1 | K122: =IF($J122="","",K100+100) -> 501 | L122: =IF(L100="","",L100) -> 101 | M122: 5000 | N122: =H122 -> 4 | O122: 1 | P122: =IF($J122="","",P100+100) -> 501 | Q122: 59 | R122: =IF(R100="","",R100) -> 103 | S122: 5000 | T122: =N122 -> 4 | U122: 1 | V122: =IF($J122="","",V100+100) -> 502 | W122: 79 | X122: =IF(X100="","",X100) -> 111 | Y122: 5000 | Z122: =T122 -> 4 | AA122: 1 | AB122: =IF($J122="","",AB100+100) -> 501 | AC122: 71 | AD122: =IF(AD100="","",AD100) -> 112 | AE122: 5000 | AF122: =Z122 -> 4 | AG122: 1 | AH122: =IF($J122="","",AH100+100) -> 502 | AI122: 74 | AJ122: =IF(AJ100="","",AJ100) -> 113 | AP122: =IF(G122="","",$AQ$1&_xlfn.TEXTJOIN(",",1,G122:I122,K122,L122)&$AR$1) -> {5000,4,1,501,101} | AQ122: =IF(G122="","",$AQ$1&_xlfn.TEXTJOIN(",",1,M122:P122,R122)&$AR$1) -> {5000,4,1,501,103} | AR122: =IF(G122="","",$AQ$1&_xlfn.TEXTJOIN(",",1,S122:V122,X122)&$AR$1) -> {5000,4,1,502,111} | AS122: =IF(G122="","",$AQ$1&_xlfn.TEXTJOIN(",",1,Y122:AB122,AD122)&$AR$1) -> {5000,4,1,501,112} | AT122: =IF(G122="","",$AQ$1&_xlfn.TEXTJOIN(",",1,AE122:AH122,AJ122)&$AR$1) -> {5000,4,1,502,113} | AU122: =IF(AK122="","",IF(G122="","",$AQ$1&_xlfn.TEXTJOIN(",",1,AK122:AO122)&$AR$1)) | AV122: 1522 | AW122: =IF(AU122="","["&_xlfn.TEXTJOIN(",",1,AP122:AT122)&"]","["&_xlfn.TEXTJOIN(",",1,AP122:AU122)&"]") -> [{5000,4,1,501,101},{5000,4,1,501,103},{5000,4,1,502,111},{5000,4,1,501,112},{5000,4,1,502,113}]
B123: 1523 | C123: 关卡6 | D123: =RIGHT(C123,1) -> 6 | F123: 181 | G123: 5000 | H123: =H101+2 -> 6 | I123: 1 | J123: 3 | K123: =IF($J123="","",K101+100) -> 503 | L123: =IF(L101="","",L101) -> 101 | M123: 5000 | N123: =H123 -> 6 | O123: 1 | P123: =IF($J123="","",P101+100) -> 503 | Q123: 53 | R123: =IF(R101="","",R101) -> 102 | S123: 5000 | T123: =N123 -> 6 | U123: 1 | V123: =IF($J123="","",V101+100) -> 503 | W123: 56 | X123: =IF(X101="","",X101) -> 103 | Y123: 5000 | Z123: =T123 -> 6 | AA123: 1 | AB123: =IF($J123="","",AB101+100) -> 503 | AC123: 75 | AD123: =IF(AD101="","",AD101) -> 113 | AE123: 5000 | AF123: =Z123 -> 6 | AG123: 1 | AH123: =IF($J123="","",AH101+100) -> 503 | AI123: 78 | AJ123: =IF(AJ101="","",AJ101) -> 111 | AP123: =IF(G123="","",$AQ$1&_xlfn.TEXTJOIN(",",1,G123:I123,K123,L123)&$AR$1) -> {5000,6,1,503,101} | AQ123: =IF(G123="","",$AQ$1&_xlfn.TEXTJOIN(",",1,M123:P123,R123)&$AR$1) -> {5000,6,1,503,102} | AR123: =IF(G123="","",$AQ$1&_xlfn.TEXTJOIN(",",1,S123:V123,X123)&$AR$1) -> {5000,6,1,503,103} | AS123: =IF(G123="","",$AQ$1&_xlfn.TEXTJOIN(",",1,Y123:AB123,AD123)&$AR$1) -> {5000,6,1,503,113} | AT123: =IF(G123="","",$AQ$1&_xlfn.TEXTJOIN(",",1,AE123:AH123,AJ123)&$AR$1) -> {5000,6,1,503,111} | AU123: =IF(AK123="","",IF(G123="","",$AQ$1&_xlfn.TEXTJOIN(",",1,AK123:AO123)&$AR$1)) | AV123: 1523 | AW123: =IF(AU123="","["&_xlfn.TEXTJOIN(",",1,AP123:AT123)&"]","["&_xlfn.TEXTJOIN(",",1,AP123:AU123)&"]") -> [{5000,6,1,503,101},{5000,6,1,503,102},{5000,6,1,503,103},{5000,6,1,503,113},{5000,6,1,503,111}]
B124: 1524 | C124: 关卡6 | D124: =RIGHT(C124,1) -> 6 | F124: 196 | G124: 5000 | H124: =H102+2 -> 5 | I124: 1 | J124: 2 | K124: =IF($J124="","",K102+100) -> 502 | L124: =IF(L102="","",L102) -> 101 | M124: 5000 | N124: =H124 -> 5 | O124: 1 | P124: =IF($J124="","",P102+100) -> 501 | Q124: 54 | R124: =IF(R102="","",R102) -> 103 | S124: 5000 | T124: =N124 -> 5 | U124: 1 | V124: =IF($J124="","",V102+100) -> 502 | W124: 77 | X124: =IF(X102="","",X102) -> 111 | Y124: 5000 | Z124: =T124 -> 5 | AA124: 1 | AB124: =IF($J124="","",AB102+100) -> 501 | AC124: 72 | AD124: =IF(AD102="","",AD102) -> 112 | AE124: 5000 | AF124: =Z124 -> 5 | AG124: 1 | AH124: =IF($J124="","",AH102+100) -> 502 | AI124: 74 | AJ124: =IF(AJ102="","",AJ102) -> 113 | AP124: =IF(G124="","",$AQ$1&_xlfn.TEXTJOIN(",",1,G124:I124,K124,L124)&$AR$1) -> {5000,5,1,502,101} | AQ124: =IF(G124="","",$AQ$1&_xlfn.TEXTJOIN(",",1,M124:P124,R124)&$AR$1) -> {5000,5,1,501,103} | AR124: =IF(G124="","",$AQ$1&_xlfn.TEXTJOIN(",",1,S124:V124,X124)&$AR$1) -> {5000,5,1,502,111} | AS124: =IF(G124="","",$AQ$1&_xlfn.TEXTJOIN(",",1,Y124:AB124,AD124)&$AR$1) -> {5000,5,1,501,112} | AT124: =IF(G124="","",$AQ$1&_xlfn.TEXTJOIN(",",1,AE124:AH124,AJ124)&$AR$1) -> {5000,5,1,502,113} | AU124: =IF(AK124="","",IF(G124="","",$AQ$1&_xlfn.TEXTJOIN(",",1,AK124:AO124)&$AR$1)) | AV124: 1524 | AW124: =IF(AU124="","["&_xlfn.TEXTJOIN(",",1,AP124:AT124)&"]","["&_xlfn.TEXTJOIN(",",1,AP124:AU124)&"]") -> [{5000,5,1,502,101},{5000,5,1,501,103},{5000,5,1,502,111},{5000,5,1,501,112},{5000,5,1,502,113}]
B125: 1525 | C125: 关卡6 | D125: =RIGHT(C125,1) -> 6 | F125: 209 | K125: =IF($J125="","",K103+100) | L125: =IF(L103="","",L103) | N125: =H125 -> 0 | P125: =IF($J125="","",P103+100) | R125: =IF(R103="","",R103) | T125: =N125 -> 0 | V125: =IF($J125="","",V103+100) | X125: =IF(X103="","",X103) | Z125: =T125 -> 0 | AB125: =IF($J125="","",AB103+100) | AD125: =IF(AD103="","",AD103) | AF125: =Z125 -> 0 | AH125: =IF($J125="","",AH103+100) | AJ125: =IF(AJ103="","",AJ103) | AP125: =IF(G125="","",$AQ$1&_xlfn.TEXTJOIN(",",1,G125:I125,K125,L125)&$AR$1) | AQ125: =IF(G125="","",$AQ$1&_xlfn.TEXTJOIN(",",1,M125:P125,R125)&$AR$1) | AR125: =IF(G125="","",$AQ$1&_xlfn.TEXTJOIN(",",1,S125:V125,X125)&$AR$1) | AS125: =IF(G125="","",$AQ$1&_xlfn.TEXTJOIN(",",1,Y125:AB125,AD125)&$AR$1) | AT125: =IF(G125="","",$AQ$1&_xlfn.TEXTJOIN(",",1,AE125:AH125,AJ125)&$AR$1) | AU125: =IF(AK125="","",IF(G125="","",$AQ$1&_xlfn.TEXTJOIN(",",1,AK125:AO125)&$AR$1)) | AV125: 1525
B126: 1526 | C126: 关卡6 | D126: =RIGHT(C126,1) -> 6 | F126: 211 | G126: 5000 | H126: =H104+2 -> 6 | I126: 1 | J126: 2 | K126: =IF($J126="","",K104+100) -> 502 | L126: =IF(L104="","",L104) -> 101 | M126: 5000 | N126: =H126 -> 6 | O126: 1 | P126: =IF($J126="","",P104+100) -> 501 | Q126: 51 | R126: =IF(R104="","",R104) -> 102 | S126: 5000 | T126: =N126 -> 6 | U126: 1 | V126: =IF($J126="","",V104+100) -> 502 | W126: 57 | X126: =IF(X104="","",X104) -> 103 | Y126: 5000 | Z126: =T126 -> 6 | AA126: 1 | AB126: =IF($J126="","",AB104+100) -> 501 | AC126: 79 | AD126: =IF(AD104="","",AD104) -> 113 | AE126: 5000 | AF126: =Z126 -> 6 | AG126: 1 | AH126: =IF($J126="","",AH104+100) -> 502 | AI126: 72 | AJ126: =IF(AJ104="","",AJ104) -> 111 | AK126: 1000 | AL126: 1 | AM126: 0 | AN126: 531 | AO126: 4 | AP126: =IF(G126="","",$AQ$1&_xlfn.TEXTJOIN(",",1,G126:I126,K126,L126)&$AR$1) -> {5000,6,1,502,101} | AQ126: =IF(G126="","",$AQ$1&_xlfn.TEXTJOIN(",",1,M126:P126,R126)&$AR$1) -> {5000,6,1,501,102} | AR126: =IF(G126="","",$AQ$1&_xlfn.TEXTJOIN(",",1,S126:V126,X126)&$AR$1) -> {5000,6,1,502,103} | AS126: =IF(G126="","",$AQ$1&_xlfn.TEXTJOIN(",",1,Y126:AB126,AD126)&$AR$1) -> {5000,6,1,501,113} | AT126: =IF(G126="","",$AQ$1&_xlfn.TEXTJOIN(",",1,AE126:AH126,AJ126)&$AR$1) -> {5000,6,1,502,111} | AU126: =IF(AK126="","",IF(G126="","",$AQ$1&_xlfn.TEXTJOIN(",",1,AK126:AO126)&$AR$1)) -> {1000,1,0,531,4} | AV126: 1526 | AW126: =IF(AU126="","["&_xlfn.TEXTJOIN(",",1,AP126:AT126)&"]","["&_xlfn.TEXTJOIN(",",1,AP126:AU126)&"]") -> [{5000,6,1,502,101},{5000,6,1,501,102},{5000,6,1,502,103},{5000,6,1,501,113},{5000,6,1,502,111},{1000,1,0,531,4}]
B127: 1527 | C127: 关卡6 | D127: =RIGHT(C127,1) -> 6 | F127: 226 | G127: 5000 | H127: =H105+2 -> 6 | I127: 1 | J127: 2 | K127: =IF($J127="","",K105+100) -> 502 | L127: =IF(L105="","",L105) -> 101 | M127: 5000 | N127: =H127 -> 6 | O127: 1 | P127: =IF($J127="","",P105+100) -> 501 | Q127: 51 | R127: =IF(R105="","",R105) -> 103 | S127: 5000 | T127: =N127 -> 6 | U127: 1 | V127: =IF($J127="","",V105+100) -> 502 | W127: 75 | X127: =IF(X105="","",X105) -> 111 | Y127: 5000 | Z127: =T127 -> 6 | AA127: 1 | AB127: =IF($J127="","",AB105+100) -> 501 | AC127: 71 | AD127: =IF(AD105="","",AD105) -> 112 | AE127: 5000 | AF127: =Z127 -> 6 | AG127: 1 | AH127: =IF($J127="","",AH105+100) -> 502 | AI127: 77 | AJ127: =IF(AJ105="","",AJ105) -> 113 | AP127: =IF(G127="","",$AQ$1&_xlfn.TEXTJOIN(",",1,G127:I127,K127,L127)&$AR$1) -> {5000,6,1,502,101} | AQ127: =IF(G127="","",$AQ$1&_xlfn.TEXTJOIN(",",1,M127:P127,R127)&$AR$1) -> {5000,6,1,501,103} | AR127: =IF(G127="","",$AQ$1&_xlfn.TEXTJOIN(",",1,S127:V127,X127)&$AR$1) -> {5000,6,1,502,111} | AS127: =IF(G127="","",$AQ$1&_xlfn.TEXTJOIN(",",1,Y127:AB127,AD127)&$AR$1) -> {5000,6,1,501,112} | AT127: =IF(G127="","",$AQ$1&_xlfn.TEXTJOIN(",",1,AE127:AH127,AJ127)&$AR$1) -> {5000,6,1,502,113} | AU127: =IF(AK127="","",IF(G127="","",$AQ$1&_xlfn.TEXTJOIN(",",1,AK127:AO127)&$AR$1)) | AV127: 1527 | AW127: =IF(AU127="","["&_xlfn.TEXTJOIN(",",1,AP127:AT127)&"]","["&_xlfn.TEXTJOIN(",",1,AP127:AU127)&"]") -> [{5000,6,1,502,101},{5000,6,1,501,103},{5000,6,1,502,111},{5000,6,1,501,112},{5000,6,1,502,113}]
B128: 1528 | C128: 关卡6 | D128: =RIGHT(C128,1) -> 6 | F128: 241 | G128: 5000 | H128: =H106+2 -> 7 | I128: 1 | J128: 3 | K128: =IF($J128="","",K106+100) -> 503 | L128: =IF(L106="","",L106) -> 101 | M128: 5000 | N128: =H128 -> 7 | O128: 1 | P128: =IF($J128="","",P106+100) -> 503 | Q128: 53 | R128: =IF(R106="","",R106) -> 102 | S128: 5000 | T128: =N128 -> 7 | U128: 1 | V128: =IF($J128="","",V106+100) -> 503 | W128: 56 | X128: =IF(X106="","",X106) -> 103 | Y128: 5000 | Z128: =T128 -> 7 | AA128: 1 | AB128: =IF($J128="","",AB106+100) -> 503 | AC128: 74 | AD128: =IF(AD106="","",AD106) -> 113 | AE128: 5000 | AF128: =Z128 -> 7 | AG128: 1 | AH128: =IF($J128="","",AH106+100) -> 503 | AI128: 78 | AJ128: =IF(AJ106="","",AJ106) -> 111 | AP128: =IF(G128="","",$AQ$1&_xlfn.TEXTJOIN(",",1,G128:I128,K128,L128)&$AR$1) -> {5000,7,1,503,101} | AQ128: =IF(G128="","",$AQ$1&_xlfn.TEXTJOIN(",",1,M128:P128,R128)&$AR$1) -> {5000,7,1,503,102} | AR128: =IF(G128="","",$AQ$1&_xlfn.TEXTJOIN(",",1,S128:V128,X128)&$AR$1) -> {5000,7,1,503,103} | AS128: =IF(G128="","",$AQ$1&_xlfn.TEXTJOIN(",",1,Y128:AB128,AD128)&$AR$1) -> {5000,7,1,503,113} | AT128: =IF(G128="","",$AQ$1&_xlfn.TEXTJOIN(",",1,AE128:AH128,AJ128)&$AR$1) -> {5000,7,1,503,111} | AU128: =IF(AK128="","",IF(G128="","",$AQ$1&_xlfn.TEXTJOIN(",",1,AK128:AO128)&$AR$1)) | AV128: 1528 | AW128: =IF(AU128="","["&_xlfn.TEXTJOIN(",",1,AP128:AT128)&"]","["&_xlfn.TEXTJOIN(",",1,AP128:AU128)&"]") -> [{5000,7,1,503,101},{5000,7,1,503,102},{5000,7,1,503,103},{5000,7,1,503,113},{5000,7,1,503,111}]
...

Sheet Sheet3
J6: [{5000 | K6: 1 | L6: 1 | M6: 1 | N6: 53} | O6: {5000 | P6: 1 | Q6: 1 | R6: 1 | S6: 55} | T6: {5000 | U6: 1 | V6: 1 | W6: 1 | X6: 60} | Y6: {5000 | Z6: 1 | AA6: 1 | AB6: 1 | AC6: 71} | AD6: {5000 | AE6: 1 | AF6: 1 | AG6: 1 | AH6: 76}]
J7: [{5000 | K7: 1 | L7: 1 | M7: 1 | N7: 51} | O7: {5000 | P7: 1 | Q7: 1 | R7: 1 | S7: 55} | T7: {5000 | U7: 1 | V7: 1 | W7: 1 | X7: 75} | Y7: {5000 | Z7: 1 | AA7: 1 | AB7: 1 | AC7: 73} | AD7: {5000 | AE7: 1 | AF7: 1 | AG7: 1 | AH7: 78}]
J8: [{5000 | K8: 2 | L8: 1 | M8: 1 | N8: 51} | O8: {5000 | P8: 2 | Q8: 1 | R8: 1 | S8: 55} | T8: {5000 | U8: 2 | V8: 1 | W8: 1 | X8: 58} | Y8: {5000 | Z8: 2 | AA8: 1 | AB8: 1 | AC8: 76} | AD8: {5000 | AE8: 2 | AF8: 1 | AG8: 1 | AH8: 79}]
J9: [{5000 | K9: 2 | L9: 1 | M9: 1 | N9: 54} | O9: {5000 | P9: 2 | Q9: 1 | R9: 1 | S9: 55} | T9: {5000 | U9: 2 | V9: 1 | W9: 2 | X9: 76} | Y9: {5000 | Z9: 2 | AA9: 1 | AB9: 1 | AC9: 71} | AD9: {5000 | AE9: 2 | AF9: 1 | AG9: 1 | AH9: 71}]
J10: [{5000 | K10: 2 | L10: 1 | M10: 3 | N10: 55} | O10: {5000 | P10: 2 | Q10: 1 | R10: 3 | S10: 56} | T10: {5000 | U10: 2 | V10: 1 | W10: 3 | X10: 57} | Y10: {5000 | Z10: 2 | AA10: 1 | AB10: 3 | AC10: 72} | AD10: {5000 | AE10: 2 | AF10: 1 | AG10: 3 | AH10: 71}]
