Workbook

Sheet Sheet1
A1: 随机id【KEY】 | B1: 所属关卡 | C1: 所属类型 | D1: 注释字段 | E1: 调用怪物形象id | F1: 怪物形象图片 | G1: 怪物属性 | H1: 怪物类型 0小怪 1精英 2boss | I1: 怪物特性id | J1: 攻击类型 0碰撞 1自爆 | K1: 是否相互拥挤0否 1是 | L1: 技能类型（1 远程 ） | M1: 攻击距离 | N1: 分裂怪物id | O1: 召唤怪物id | P1: 击杀掉落 | Q1: 普攻id(技能id+施法时间) | R1: 怪物击杀经验 | S1: 怪物击杀获取能量
A2: both | B2: both | C2: both | E2: both | F2: client | G2: both | H2: both | I2: both | J2: both | K2: client | L2: client | M2: client | N2: client | O2: client | P2: both | Q2: both | R2: client | S2: client
A3: id | B3: stageId | C3: type | D3: string | E3: modelId | F3: modelPicture | G3: monsterPro | H3: monsterType | I3: characterId | J3: atkType | K3: crowd | L3: skillType | M3: atkDistance | N3: splitModelId | O3: summonMonsterId | P3: drop | Q3: atkId | R3: killExp | S3: killEnergy
A4: int | B4: int | C4: int | D4: string | E4: int | F4: string | G4: [Attribute] | H4: int | I4: [int] | J4: int | K4: int | L4: int | M4: int | N4: int | O4: [int] | P4: [Reward] | Q4: [MonsterSkill] | R4: int | S4: int
B5: index
A6: 101 | B6: 1 | C6: 1 | D6: 关卡1怪物1 | E6: 101 | G6: [{cd,3000},{hp,60},{atk,6},{spd,8500}] | H6: 0 | J6: 0 | K6: 0 | R6: 65 | S6: 2
A7: 102 | B7: 1 | C7: 2 | D7: 关卡1怪物2 | E7: 100 | G7: [{cd,3000},{hp,50},{atk,4},{spd,8500}] | H7: 0 | I7: [60002] | J7: 0 | K7: 0 | N7: 2001 | R7: 65 | S7: 2
A8: 103 | B8: 1 | C8: 3 | D8: 关卡1怪物3 | E8: 101 | G8: [{cd,3000},{hp,40},{atk,6},{spd,8500}] | H8: 0 | J8: 0 | K8: 0 | R8: 65 | S8: 2
A9: 121 | B9: 1 | C9: 4 | D9: 关卡1BOSS1 | E9: 501 | G9: [{cd,3000},{hp,1350},{atk,15},{spd,8500}] | H9: 2 | J9: 0 | K9: 0 | R9: 65 | S9: 2
A10: 131 | B10: 1 | C10: 5 | D10: 关卡1BOSS2 | E10: 501 | G10: [{cd,3000},{hp,2250},{atk,30},{spd,8500}] | H10: 2 | J10: 0 | K10: 0 | R10: 65 | S10: 2
A11: =A6+100 -> 201 | B11: 2 | C11: 1 | D11: 关卡2怪物1 | E11: 101 | G11: [{cd,3000},{hp,60},{atk,6},{spd,8500}] | H11: =H6 -> 0 | J11: 0 | K11: 0 | R11: 45 | S11: 2
A12: =A7+100 -> 202 | B12: 2 | C12: 2 | D12: 关卡2怪物2 | E12: 100 | G12: [{cd,3000},{hp,50},{atk,4},{spd,8500}] | H12: =H7 -> 0 | I12: [60002] | J12: 0 | K12: 0 | N12: 2001 | R12: 45 | S12: 2
A13: =A8+100 -> 203 | B13: 2 | C13: 3 | D13: 关卡2怪物3 | E13: 102 | G13: [{cd,3000},{hp,40},{atk,3},{spd,8500}] | H13: =H8 -> 0 | J13: 0 | K13: 0 | L13: 1 | Q13: [{50011,6}] | R13: 45 | S13: 2
A14: =A9+100 -> 221 | B14: 2 | C14: 4 | D14: 关卡2BOSS1 | E14: 501 | G14: [{cd,3000},{hp,1350},{atk,15},{spd,8500}] | H14: =H9 -> 2 | J14: 0 | K14: 0 | R14: 100 | S14: 2
A15: =A10+100 -> 231 | B15: 2 | C15: 5 | D15: 关卡2BOSS2 | E15: 501 | G15: [{cd,3000},{hp,2250},{atk,30},{spd,8500}] | H15: =H10 -> 2 | J15: 0 | K15: 0 | R15: 100 | S15: 2
A16: =A11+100 -> 301 | B16: 3 | C16: 1 | D16: 关卡3怪物1 | E16: 103 | G16: [{cd,3000},{hp,60},{atk,6},{spd,8500}] | H16: =H11 -> 0 | I16: [60001] | J16: 0 | K16: 0 | R16: 37 | S16: 2
A17: =A12+100 -> 302 | B17: 3 | C17: 2 | D17: 关卡3怪物2 | E17: 104 | G17: [{cd,3000},{hp,50},{atk,9},{spd,8500}] | H17: =H12 -> 0 | J17: 0 | K17: 0 | R17: 37 | S17: 2
A18: =A13+100 -> 303 | B18: 3 | C18: 3 | D18: 关卡3怪物3 | E18: 104 | G18: [{cd,3000},{hp,40},{atk,9},{spd,8500}] | H18: =H13 -> 0 | J18: 0 | K18: 0 | R18: 37 | S18: 2
A19: =A14+100 -> 321 | B19: 3 | C19: 4 | D19: 关卡3BOSS1 | E19: 504 | G19: [{cd,3000},{hp,1350},{atk,22},{spd,8500}] | H19: =H14 -> 2 | J19: 0 | K19: 0 | R19: 120 | S19: 2
A20: =A15+100 -> 331 | B20: 3 | C20: 5 | D20: 关卡3BOSS2 | E20: 504 | G20: [{cd,3000},{hp,2250},{atk,45},{spd,8500}] | H20: =H15 -> 2 | J20: 0 | K20: 0 | R20: 120 | S20: 2
A21: =A16+100 -> 401 | B21: 4 | C21: 1 | D21: 关卡4怪物1 | E21: 103 | G21: [{cd,3000},{hp,80},{atk,6},{spd,8500}] | H21: =H16 -> 0 | I21: [60001] | J21: 0 | K21: 0 | R21: 35 | S21: 2
A22: =A17+100 -> 402 | B22: 4 | C22: 2 | D22: 关卡4怪物2 | E22: 104 | G22: [{cd,3000},{hp,70},{atk,9},{spd,8500}] | H22: =H17 -> 0 | J22: 0 | K22: 0 | R22: 35 | S22: 2
A23: =A18+100 -> 403 | B23: 4 | C23: 3 | D23: 关卡4怪物3 | E23: 106 | G23: [{cd,3000},{hp,60},{atk,5},{spd,8500}] | H23: =H18 -> 0 | I23: [60002] | J23: 0 | K23: 0 | L23: 1 | N23: 2002 | Q23: [{50012,6}] | R23: 35 | S23: 2
A24: =A19+100 -> 421 | B24: 4 | C24: 4 | D24: 关卡4BOSS1 | E24: 503 | G24: [{cd,3000},{hp,1800},{atk,15},{spd,8500}] | H24: =H19 -> 2 | I24: [60001] | J24: 0 | K24: 0 | R24: 200 | S24: 2
A25: =A20+100 -> 431 | B25: 4 | C25: 5 | D25: 关卡4BOSS2 | E25: 503 | G25: [{cd,3000},{hp,3000},{atk,30},{spd,8500}] | H25: =H20 -> 2 | I25: [60001] | J25: 0 | K25: 0 | R25: 200 | S25: 2
A26: =A21+100 -> 501 | B26: 5 | C26: 1 | D26: 关卡5怪物1 | E26: 100 | G26: [{cd,3000},{hp,100},{atk,4},{spd,8500}] | H26: =H21 -> 0 | I26: [60002] | J26: 0 | K26: 0 | N26: 2001 | R26: 35 | S26: 2
A27: =A22+100 -> 502 | B27: 5 | C27: 2 | D27: 关卡5怪物2 | E27: 102 | G27: [{cd,3000},{hp,90},{atk,3},{spd,8500}] | H27: =H22 -> 0 | J27: 0 | K27: 0 | L27: 1 | Q27: [{50011,6}] | R27: 35 | S27: 2
A28: =A23+100 -> 503 | B28: 5 | C28: 3 | D28: 关卡5怪物3 | E28: 105 | G28: [{cd,3000},{hp,80},{atk,6},{spd,8500}] | H28: =H23 -> 0 | I28: [60003] | J28: 0 | K28: 0 | R28: 35 | S28: 2
A29: =A24+100 -> 521 | B29: 5 | C29: 4 | D29: 关卡5BOSS1 | E29: 502 | G29: [{cd,3000},{hp,2250},{atk,10},{spd,8500}] | H29: =H24 -> 2 | J29: 0 | K29: 0 | L29: 1 | Q29: [{50021,6}] | R29: 150 | S29: 2
A30: =A25+100 -> 531 | B30: 5 | C30: 5 | D30: 关卡5BOSS2 | E30: 500 | G30: [{cd,3000},{hp,3750},{atk,20},{spd,8500}] | H30: =H25 -> 2 | I30: [60002] | J30: 0 | K30: 0 | R30: 150 | S30: 2
A31: =A26+100 -> 601 | B31: 6 | C31: 1 | D31: 关卡6怪物1 | E31: 100 | G31: [{cd,3000},{hp,120},{atk,4},{spd,8500}] | H31: =H26 -> 0 | I31: [60002] | J31: 0 | K31: 0 | N31: 2001 | R31: 40 | S31: 2
A32: =A27+100 -> 602 | B32: 6 | C32: 2 | D32: 关卡6怪物2 | E32: 105 | G32: [{cd,3000},{hp,110},{atk,6},{spd,8500}] | H32: =H27 -> 0 | I32: [60003] | J32: 0 | K32: 0 | R32: 40 | S32: 2
A33: =A28+100 -> 603 | B33: 6 | C33: 3 | D33: 关卡6怪物3 | E33: 102 | G33: [{cd,3000},{hp,100},{atk,3},{spd,8500}] | H33: =H28 -> 0 | J33: 0 | K33: 0 | L33: 1 | Q33: [{50011,6}] | R33: 40 | S33: 2
A34: =A29+100 -> 621 | B34: 6 | C34: 4 | D34: 关卡6BOSS1 | E34: 502 | G34: [{cd,3000},{hp,2700},{atk,10},{spd,8500}] | H34: =H29 -> 2 | J34: 0 | K34: 0 | L34: 1 | Q34: [{50021,6}] | R34: 100 | S34: 2
A35: =A30+100 -> 631 | B35: 6 | C35: 5 | D35: 关卡6BOSS2 | E35: 502 | G35: [{cd,3000},{hp,4500},{atk,21},{spd,8500}] | H35: =H30 -> 2 | J35: 0 | K35: 0 | L35: 1 | Q35: [{50021,6}] | R35: 100 | S35: 2
A36: =A31+100 -> 701 | B36: 7 | C36: 1 | D36: 关卡7怪物1 | E36: 104 | G36: [{cd,3000},{hp,140},{atk,9},{spd,8500}] | H36: =H31 -> 0 | J36: 0 | K36: 0 | R36: 35 | S36: 2
A37: =A32+100 -> 702 | B37: 7 | C37: 2 | D37: 关卡7怪物2 | E37: 106 | G37: [{cd,3000},{hp,130},{atk,5},{spd,8500}] | H37: =H32 -> 0 | I37: [60002] | J37: 0 | K37: 0 | L37: 1 | N37: 2002 | Q37: [{50012,6}] | R37: 35 | S37: 2
A38: =A33+100 -> 703 | B38: 7 | C38: 3 | D38: 关卡7怪物3 | E38: 107 | G38: [{cd,3000},{hp,120},{atk,4},{spd,8500}] | H38: =H33 -> 0 | I38: [60004] | J38: 0 | K38: 0 | L38: 1 | Q38: [{50013,6}] | R38: 35 | S38: 2
A39: =A34+100 -> 721 | B39: 7 | C39: 4 | D39: 关卡7BOSS1 | E39: 503 | G39: [{cd,3000},{hp,3150},{atk,15},{spd,8500}] | H39: =H34 -> 2 | I39: [60001] | J39: 0 | K39: 0 | R39: 100 | S39: 2
A40: =A35+100 -> 731 | B40: 7 | C40: 5 | D40: 关卡7BOSS2 | E40: 503 | G40: [{cd,3000},{hp,5250},{atk,30},{spd,8500}] | H40: =H35 -> 2 | I40: [60001] | J40: 0 | K40: 0 | R40: 100 | S40: 2
A41: =A36+100 -> 801 | B41: 8 | C41: 1 | D41: 关卡8怪物1 | E41: 103 | G41: [{cd,3000},{hp,160},{atk,6},{spd,8500}] | H41: =H36 -> 0 | I41: [60001] | J41: 0 | K41: 0 | R41: 35 | S41: 2
A42: =A37+100 -> 802 | B42: 8 | C42: 2 | D42: 关卡8怪物2 | E42: 107 | G42: [{cd,3000},{hp,150},{atk,4},{spd,8500}] | H42: =H37 -> 0 | I42: [60004] | J42: 0 | K42: 0 | L42: 1 | Q42: [{50013,6}] | R42: 35 | S42: 2
A43: =A38+100 -> 803 | B43: 8 | C43: 3 | D43: 关卡8怪物3 | E43: 106 | G43: [{cd,3000},{hp,140},{atk,5},{spd,8500}] | H43: =H38 -> 0 | I43: [60002] | J43: 0 | K43: 0 | L43: 1 | N43: 2002 | Q43: [{50012,6}] | R43: 35 | S43: 2
A44: =A39+100 -> 821 | B44: 8 | C44: 4 | D44: 关卡8BOSS1 | E44: 506 | G44: [{cd,3000},{hp,3600},{atk,13},{spd,8500}] | H44: =H39 -> 2 | I44: [60002] | J44: 0 | K44: 0 | L44: 1 | N44: 2002 | Q44: [{50022,6}] | R44: 150 | S44: 2
A45: =A40+100 -> 831 | B45: 8 | C45: 5 | D45: 关卡8BOSS2 | E45: 506 | G45: [{cd,3000},{hp,6000},{atk,26},{spd,8500}] | H45: =H40 -> 2 | I45: [60002] | J45: 0 | K45: 0 | L45: 1 | N45: 2002 | Q45: [{50022,6}] | R45: 150 | S45: 2
A46: =A41+100 -> 901 | B46: 9 | C46: 1 | D46: 关卡9怪物1 | E46: 108 | G46: [{cd,3000},{hp,180},{atk,10},{spd,8500}] | H46: =H41 -> 0 | J46: 0 | K46: 0 | R46: 35 | S46: 2
A47: =A42+100 -> 902 | B47: 9 | C47: 2 | D47: 关卡9怪物2 | E47: 109 | G47: [{cd,3000},{hp,170},{atk,4},{spd,8500}] | H47: =H42 -> 0 | J47: 0 | K47: 0 | L47: 1 | Q47: [{50014,6}] | R47: 35 | S47: 2
A48: =A43+100 -> 903 | B48: 9 | C48: 3 | D48: 关卡9怪物3 | E48: 109 | G48: [{cd,3000},{hp,160},{atk,4},{spd,8500}] | H48: =H43 -> 0 | J48: 0 | K48: 0 | L48: 1 | Q48: [{50014,6}] | R48: 35 | S48: 2
A49: =A44+100 -> 921 | B49: 9 | C49: 4 | D49: 关卡9BOSS1 | E49: 508 | G49: [{cd,3000},{hp,4050},{atk,25},{spd,8500}] | H49: =H44 -> 2 | J49: 0 | K49: 0 | R49: 150 | S49: 2
A50: =A45+100 -> 931 | B50: 9 | C50: 5 | D50: 关卡9BOSS2 | E50: 508 | G50: [{cd,3000},{hp,6750},{atk,50},{spd,8500}] | H50: =H45 -> 2 | J50: 0 | K50: 0 | R50: 150 | S50: 2
A51: =A46+100 -> 1001 | B51: 10 | C51: 1 | D51: 关卡10怪物1 | E51: 108 | G51: [{cd,3000},{hp,200},{atk,10},{spd,8500}] | H51: =H46 -> 0 | J51: 0 | K51: 0 | R51: 35 | S51: 2
A52: =A47+100 -> 1002 | B52: 10 | C52: 2 | D52: 关卡10怪物2 | E52: 109 | G52: [{cd,3000},{hp,190},{atk,4},{spd,8500}] | H52: =H47 -> 0 | J52: 0 | K52: 0 | L52: 1 | Q52: [{50014,6}] | R52: 35 | S52: 2
A53: =A48+100 -> 1003 | B53: 10 | C53: 3 | D53: 关卡10怪物3 | E53: 110 | G53: [{cd,3000},{hp,180},{atk,10},{spd,8500}] | H53: =H48 -> 0 | J53: 0 | K53: 0 | R53: 35 | S53: 2
A54: =A49+100 -> 1021 | B54: 10 | C54: 4 | D54: 关卡10BOSS1 | E54: 509 | G54: [{cd,3000},{hp,8438},{atk,14},{spd,8500}] | H54: =H49 -> 2 | J54: 0 | K54: 0 | L54: 1 | Q54: [{50024,6}] | R54: 150 | S54: 2
A55: =A50+100 -> 1031 | B55: 10 | C55: 5 | D55: 关卡10BOSS2 | E55: 509 | G55: [{cd,3000},{hp,11250},{atk,28},{spd,8500}] | H55: =H50 -> 2 | J55: 0 | K55: 0 | L55: 1 | Q55: [{50024,6}] | R55: 150 | S55: 2
A56: =A51+100 -> 1101 | B56: 11 | C56: 1 | D56: 关卡11怪物1 | E56: 101 | G56: [{cd,3000},{hp,240},{atk,9},{spd,8500}] | H56: =H51 -> 0 | J56: 0 | K56: 0 | R56: 35 | S56: 2
A57: =A52+100 -> 1102 | B57: 11 | C57: 2 | D57: 关卡11怪物2 | E57: 100 | G57: [{cd,3000},{hp,230},{atk,6},{spd,8500}] | H57: 0 | I57: [60002] | J57: 0 | K57: 0 | N57: 2001 | R57: 35 | S57: 2
A58: =A53+100 -> 1103 | B58: 11 | C58: 3 | D58: 关卡11怪物3 | E58: 102 | G58: [{cd,3000},{hp,220},{atk,5},{spd,8500}] | H58: =H53 -> 0 | J58: 0 | K58: 0 | L58: 1 | Q58: [{50011,6}] | R58: 35 | S58: 2
A59: =A54+100 -> 1121 | B59: 11 | C59: 4 | D59: 关卡11BOSS1 | E59: 501 | G59: [{cd,3000},{hp,10125},{atk,45},{spd,8500}] | H59: =H54 -> 2 | J59: 0 | K59: 0 | R59: 150 | S59: 2
A60: =A55+100 -> 1131 | B60: 11 | C60: 5 | D60: 关卡11BOSS2 | E60: 501 | G60: [{cd,3000},{hp,13500},{atk,90},{spd,8500}] | H60: =H55 -> 2 | J60: 0 | K60: 0 | R60: 150 | S60: 2
A61: =A56+100 -> 1201 | B61: 12 | C61: 1 | D61: 关卡12怪物1 | E61: 101 | G61: [{cd,3000},{hp,280},{atk,9},{spd,8500}] | H61: =H56 -> 0 | J61: 0 | K61: 0 | R61: 35 | S61: 2
A62: =A57+100 -> 1202 | B62: 12 | C62: 2 | D62: 关卡12怪物2 | E62: 100 | G62: [{cd,3000},{hp,270},{atk,6},{spd,8500}] | H62: 0 | I62: [60002] | J62: 0 | K62: 0 | N62: 2001 | R62: 35 | S62: 2
A63: =A58+100 -> 1203 | B63: 12 | C63: 3 | D63: 关卡12怪物3 | E63: 102 | G63: [{cd,3000},{hp,260},{atk,5},{spd,8500}] | H63: =H58 -> 0 | J63: 0 | K63: 0 | L63: 1 | Q63: [{50011,6}] | R63: 35 | S63: 2
A64: =A59+100 -> 1221 | B64: 12 | C64: 4 | D64: 关卡12BOSS1 | E64: 502 | G64: [{cd,3000},{hp,11813},{atk,25},{spd,8500}] | H64: =H59 -> 2 | J64: 0 | K64: 0 | L64: 1 | Q64: [{50021,6}] | R64: 100 | S64: 2
A65: =A60+100 -> 1231 | B65: 12 | C65: 5 | D65: 关卡12BOSS2 | E65: 502 | G65: [{cd,3000},{hp,15750},{atk,50},{spd,8500}] | H65: =H60 -> 2 | J65: 0 | K65: 0 | L65: 1 | Q65: [{50021,6}] | R65: 100 | S65: 2
A66: =A61+100 -> 1301 | B66: 13 | C66: 1 | D66: 关卡13怪物1 | E66: 103 | G66: [{cd,3000},{hp,320},{atk,9},{spd,8500}] | H66: =H61 -> 0 | I66: [60001] | J66: 0 | K66: 0 | R66: 37 | S66: 2
A67: =A62+100 -> 1302 | B67: 13 | C67: 2 | D67: 关卡13怪物2 | E67: 104 | G67: [{cd,3000},{hp,310},{atk,14},{spd,8500}] | H67: =H62 -> 0 | J67: 0 | K67: 0 | R67: 37 | S67: 2
A68: =A63+100 -> 1303 | B68: 13 | C68: 3 | D68: 关卡13怪物3 | E68: 100 | G68: [{cd,3000},{hp,300},{atk,6},{spd,8500}] | H68: 0 | I68: [60002] | J68: 0 | K68: 0 | N68: 2001 | R68: 37 | S68: 2
A69: =A64+100 -> 1321 | B69: 13 | C69: 4 | D69: 关卡13BOSS1 | E69: 504 | G69: [{cd,3000},{hp,13500},{atk,70},{spd,8500}] | H69: =H64 -> 2 | J69: 0 | K69: 0 | L69: =IF(VLOOKUP(E69,Sheet2!$W$4:$X$49,2,0)=0,"",VLOOKUP(E69,Sheet2!$W$4:$X$49,2,0)) | R69: 120 | S69: 2
A70: =A65+100 -> 1331 | B70: 13 | C70: 5 | D70: 关卡13BOSS2 | E70: 504 | G70: [{cd,3000},{hp,18000},{atk,140},{spd,8500}] | H70: =H65 -> 2 | J70: 0 | K70: 0 | L70: =IF(VLOOKUP(E70,Sheet2!$W$4:$X$49,2,0)=0,"",VLOOKUP(E70,Sheet2!$W$4:$X$49,2,0)) | R70: 120 | S70: 2
A71: =A66+100 -> 1401 | B71: 14 | C71: 1 | D71: 关卡14怪物1 | E71: 103 | G71: [{cd,3000},{hp,360},{atk,9},{spd,8500}] | H71: =H66 -> 0 | I71: =IF(VLOOKUP(E71,Sheet2!$W$4:$AA$49,5,0)=0,"",VLOOKUP(E71,Sheet2!$W$4:$AA$49,5,0)) -> [60001] | J71: 0 | K71: 0 | L71: =IF(VLOOKUP(E71,Sheet2!$W$4:$X$49,2,0)=0,"",VLOOKUP(E71,Sheet2!$W$4:$X$49,2,0)) | N71: =IF(VLOOKUP(E71,Sheet2!$W$4:$Y$49,3,0)=0,"",VLOOKUP(E71,Sheet2!$W$4:$Y$49,3,0)) | Q71: =IF(VLOOKUP(E71,Sheet2!$W$4:$Z$49,4,0)=0,"",VLOOKUP(E71,Sheet2!$W$4:$Z$49,4,0)) | R71: 35 | S71: 2
A72: =A67+100 -> 1402 | B72: 14 | C72: 2 | D72: 关卡14怪物2 | E72: 104 | G72: [{cd,3000},{hp,432},{atk,14},{spd,8500}] | H72: =H67 -> 0 | I72: =IF(VLOOKUP(E72,Sheet2!$W$4:$AA$49,5,0)=0,"",VLOOKUP(E72,Sheet2!$W$4:$AA$49,5,0)) | J72: 0 | K72: 0 | L72: =IF(VLOOKUP(E72,Sheet2!$W$4:$X$49,2,0)=0,"",VLOOKUP(E72,Sheet2!$W$4:$X$49,2,0)) | N72: =IF(VLOOKUP(E72,Sheet2!$W$4:$Y$49,3,0)=0,"",VLOOKUP(E72,Sheet2!$W$4:$Y$49,3,0)) | Q72: =IF(VLOOKUP(E72,Sheet2!$W$4:$Z$49,4,0)=0,"",VLOOKUP(E72,Sheet2!$W$4:$Z$49,4,0)) | R72: 35 | S72: 2
A73: =A68+100 -> 1403 | B73: 14 | C73: 3 | D73: 关卡14怪物3 | E73: 106 | G73: [{cd,3000},{hp,540},{atk,8},{spd,8500}] | H73: 0 | I73: =IF(VLOOKUP(E73,Sheet2!$W$4:$AA$49,5,0)=0,"",VLOOKUP(E73,Sheet2!$W$4:$AA$49,5,0)) -> [60002] | J73: 0 | K73: 0 | L73: =IF(VLOOKUP(E73,Sheet2!$W$4:$X$49,2,0)=0,"",VLOOKUP(E73,Sheet2!$W$4:$X$49,2,0)) -> 1 | N73: =IF(VLOOKUP(E73,Sheet2!$W$4:$Y$49,3,0)=0,"",VLOOKUP(E73,Sheet2!$W$4:$Y$49,3,0)) -> 2002 | Q73: =IF(VLOOKUP(E73,Sheet2!$W$4:$Z$49,4,0)=0,"",VLOOKUP(E73,Sheet2!$W$4:$Z$49,4,0)) -> [{50012,6}] | R73: 35 | S73: 2
A74: =A69+100 -> 1421 | B74: 14 | C74: 4 | D74: 关卡14BOSS1 | E74: 503 | G74: [{cd,3000},{hp,15188},{atk,45},{spd,8500}] | H74: =H69 -> 2 | I74: =IF(VLOOKUP(E74,Sheet2!$W$4:$AA$49,5,0)=0,"",VLOOKUP(E74,Sheet2!$W$4:$AA$49,5,0)) -> [60001] | J74: 0 | K74: 0 | L74: =IF(VLOOKUP(E74,Sheet2!$W$4:$X$49,2,0)=0,"",VLOOKUP(E74,Sheet2!$W$4:$X$49,2,0)) | N74: =IF(VLOOKUP(E74,Sheet2!$W$4:$Y$49,3,0)=0,"",VLOOKUP(E74,Sheet2!$W$4:$Y$49,3,0)) | Q74: =IF(VLOOKUP(E74,Sheet2!$W$4:$Z$49,4,0)=0,"",VLOOKUP(E74,Sheet2!$W$4:$Z$49,4,0)) | R74: 200 | S74: 2
A75: =A70+100 -> 1431 | B75: 14 | C75: 5 | D75: 关卡14BOSS2 | E75: 503 | G75: [{cd,3000},{hp,20250},{atk,90},{spd,8500}] | H75: =H70 -> 2 | I75: =IF(VLOOKUP(E75,Sheet2!$W$4:$AA$49,5,0)=0,"",VLOOKUP(E75,Sheet2!$W$4:$AA$49,5,0)) -> [60001] | J75: 0 | K75: 0 | L75: =IF(VLOOKUP(E75,Sheet2!$W$4:$X$49,2,0)=0,"",VLOOKUP(E75,Sheet2!$W$4:$X$49,2,0)) | N75: =IF(VLOOKUP(E75,Sheet2!$W$4:$Y$49,3,0)=0,"",VLOOKUP(E75,Sheet2!$W$4:$Y$49,3,0)) | Q75: =IF(VLOOKUP(E75,Sheet2!$W$4:$Z$49,4,0)=0,"",VLOOKUP(E75,Sheet2!$W$4:$Z$49,4,0)) | R75: 200 | S75: 2
A76: =A71+100 -> 1501 | B76: 15 | C76: 1 | D76: 关卡15怪物1 | E76: 108 | G76: [{cd,3000},{hp,400},{atk,15},{spd,8500}] | H76: =H71 -> 0 | I76: =IF(VLOOKUP(E76,Sheet2!$W$4:$AA$49,5,0)=0,"",VLOOKUP(E76,Sheet2!$W$4:$AA$49,5,0)) | J76: 0 | K76: 0 | L76: =IF(VLOOKUP(E76,Sheet2!$W$4:$X$49,2,0)=0,"",VLOOKUP(E76,Sheet2!$W$4:$X$49,2,0)) | N76: =IF(VLOOKUP(E76,Sheet2!$W$4:$Y$49,3,0)=0,"",VLOOKUP(E76,Sheet2!$W$4:$Y$49,3,0)) | Q76: =IF(VLOOKUP(E76,Sheet2!$W$4:$Z$49,4,0)=0,"",VLOOKUP(E76,Sheet2!$W$4:$Z$49,4,0)) | R76: 35 | S76: 2
A77: =A72+100 -> 1502 | B77: 15 | C77: 2 | D77: 关卡15怪物2 | E77: 110 | G77: [{cd,3000},{hp,480},{atk,15},{spd,8500}] | H77: =H72 -> 0 | I77: =IF(VLOOKUP(E77,Sheet2!$W$4:$AA$49,5,0)=0,"",VLOOKUP(E77,Sheet2!$W$4:$AA$49,5,0)) | J77: 0 | K77: 0 | L77: =IF(VLOOKUP(E77,Sheet2!$W$4:$X$49,2,0)=0,"",VLOOKUP(E77,Sheet2!$W$4:$X$49,2,0)) | N77: =IF(VLOOKUP(E77,Sheet2!$W$4:$Y$49,3,0)=0,"",VLOOKUP(E77,Sheet2!$W$4:$Y$49,3,0)) | Q77: =IF(VLOOKUP(E77,Sheet2!$W$4:$Z$49,4,0)=0,"",VLOOKUP(E77,Sheet2!$W$4:$Z$49,4,0)) | R77: 35 | S77: 2
A78: =A73+100 -> 1503 | B78: 15 | C78: 3 | D78: 关卡15怪物3 | E78: 114 | G78: [{cd,3000},{hp,600},{atk,8},{spd,8500}] | H78: 0 | I78: =IF(VLOOKUP(E78,Sheet2!$W$4:$AA$49,5,0)=0,"",VLOOKUP(E78,Sheet2!$W$4:$AA$49,5,0)) | J78: 0 | K78: 0 | L78: =IF(VLOOKUP(E78,Sheet2!$W$4:$X$49,2,0)=0,"",VLOOKUP(E78,Sheet2!$W$4:$X$49,2,0)) | N78: =IF(VLOOKUP(E78,Sheet2!$W$4:$Y$49,3,0)=0,"",VLOOKUP(E78,Sheet2!$W$4:$Y$49,3,0)) | Q78: =IF(VLOOKUP(E78,Sheet2!$W$4:$Z$49,4,0)=0,"",VLOOKUP(E78,Sheet2!$W$4:$Z$49,4,0)) | R78: 35 | S78: 2
A79: =A74+100 -> 1521 | B79: 15 | C79: 4 | D79: 关卡15BOSS1 | E79: 508 | G79: [{cd,3000},{hp,16875},{atk,75},{spd,8500}] | H79: =H74 -> 2 | I79: =IF(VLOOKUP(E79,Sheet2!$W$4:$AA$49,5,0)=0,"",VLOOKUP(E79,Sheet2!$W$4:$AA$49,5,0)) | J79: 0 | K79: 0 | L79: =IF(VLOOKUP(E79,Sheet2!$W$4:$X$49,2,0)=0,"",VLOOKUP(E79,Sheet2!$W$4:$X$49,2,0)) | N79: =IF(VLOOKUP(E79,Sheet2!$W$4:$Y$49,3,0)=0,"",VLOOKUP(E79,Sheet2!$W$4:$Y$49,3,0)) | Q79: =IF(VLOOKUP(E79,Sheet2!$W$4:$Z$49,4,0)=0,"",VLOOKUP(E79,Sheet2!$W$4:$Z$49,4,0)) | R79: 200 | S79: 2
A80: =A75+100 -> 1531 | B80: 15 | C80: 5 | D80: 关卡15BOSS2 | E80: 508 | G80: [{cd,3000},{hp,22500},{atk,150},{spd,8500}] | H80: =H75 -> 2 | I80: =IF(VLOOKUP(E80,Sheet2!$W$4:$AA$49,5,0)=0,"",VLOOKUP(E80,Sheet2!$W$4:$AA$49,5,0)) | J80: 0 | K80: 0 | L80: =IF(VLOOKUP(E80,Sheet2!$W$4:$X$49,2,0)=0,"",VLOOKUP(E80,Sheet2!$W$4:$X$49,2,0)) | N80: =IF(VLOOKUP(E80,Sheet2!$W$4:$Y$49,3,0)=0,"",VLOOKUP(E80,Sheet2!$W$4:$Y$49,3,0)) | Q80: =IF(VLOOKUP(E80,Sheet2!$W$4:$Z$49,4,0)=0,"",VLOOKUP(E80,Sheet2!$W$4:$Z$49,4,0)) | R80: 200 | S80: 2
A81: =A76+100 -> 1601 | B81: 16 | C81: 1 | D81: 关卡16怪物1 | E81: 110 | G81: [{cd,3000},{hp,460},{atk,15},{spd,8500}] | H81: =H76 -> 0 | I81: =IF(VLOOKUP(E81,Sheet2!$W$4:$AA$49,5,0)=0,"",VLOOKUP(E81,Sheet2!$W$4:$AA$49,5,0)) | J81: 0 | K81: 0 | L81: =IF(VLOOKUP(E81,Sheet2!$W$4:$X$49,2,0)=0,"",VLOOKUP(E81,Sheet2!$W$4:$X$49,2,0)) | N81: =IF(VLOOKUP(E81,Sheet2!$W$4:$Y$49,3,0)=0,"",VLOOKUP(E81,Sheet2!$W$4:$Y$49,3,0)) | Q81: =IF(VLOOKUP(E81,Sheet2!$W$4:$Z$49,4,0)=0,"",VLOOKUP(E81,Sheet2!$W$4:$Z$49,4,0)) | R81: 35 | S81: 2
A82: =A77+100 -> 1602 | B82: 16 | C82: 2 | D82: 关卡16怪物2 | E82: 114 | G82: [{cd,3000},{hp,552},{atk,8},{spd,8500}] | H82: =H77 -> 0 | I82: =IF(VLOOKUP(E82,Sheet2!$W$4:$AA$49,5,0)=0,"",VLOOKUP(E82,Sheet2!$W$4:$AA$49,5,0)) | J82: 0 | K82: 0 | L82: =IF(VLOOKUP(E82,Sheet2!$W$4:$X$49,2,0)=0,"",VLOOKUP(E82,Sheet2!$W$4:$X$49,2,0)) | N82: =IF(VLOOKUP(E82,Sheet2!$W$4:$Y$49,3,0)=0,"",VLOOKUP(E82,Sheet2!$W$4:$Y$49,3,0)) | Q82: =IF(VLOOKUP(E82,Sheet2!$W$4:$Z$49,4,0)=0,"",VLOOKUP(E82,Sheet2!$W$4:$Z$49,4,0)) | R82: 35 | S82: 2
A83: =A78+100 -> 1603 | B83: 16 | C83: 3 | D83: 关卡16怪物3 | E83: 109 | G83: [{cd,3000},{hp,690},{atk,6},{spd,8500}] | H83: 0 | I83: =IF(VLOOKUP(E83,Sheet2!$W$4:$AA$49,5,0)=0,"",VLOOKUP(E83,Sheet2!$W$4:$AA$49,5,0)) | J83: 0 | K83: 0 | L83: =IF(VLOOKUP(E83,Sheet2!$W$4:$X$49,2,0)=0,"",VLOOKUP(E83,Sheet2!$W$4:$X$49,2,0)) -> 1 | N83: =IF(VLOOKUP(E83,Sheet2!$W$4:$Y$49,3,0)=0,"",VLOOKUP(E83,Sheet2!$W$4:$Y$49,3,0)) | Q83: =IF(VLOOKUP(E83,Sheet2!$W$4:$Z$49,4,0)=0,"",VLOOKUP(E83,Sheet2!$W$4:$Z$49,4,0)) -> [{50014,6}] | R83: 35 | S83: 2
A84: =A79+100 -> 1621 | B84: 16 | C84: 4 | D84: 关卡16BOSS1 | E84: 514 | G84: [{cd,3000},{hp,19406},{atk,40},{spd,8500}] | H84: =H79 -> 2 | I84: =IF(VLOOKUP(E84,Sheet2!$W$4:$AA$49,5,0)=0,"",VLOOKUP(E84,Sheet2!$W$4:$AA$49,5,0)) | J84: 0 | K84: 0 | L84: =IF(VLOOKUP(E84,Sheet2!$W$4:$X$49,2,0)=0,"",VLOOKUP(E84,Sheet2!$W$4:$X$49,2,0)) | N84: =IF(VLOOKUP(E84,Sheet2!$W$4:$Y$49,3,0)=0,"",VLOOKUP(E84,Sheet2!$W$4:$Y$49,3,0)) | Q84: =IF(VLOOKUP(E84,Sheet2!$W$4:$Z$49,4,0)=0,"",VLOOKUP(E84,Sheet2!$W$4:$Z$49,4,0)) | R84: 200 | S84: 2
A85: =A80+100 -> 1631 | B85: 16 | C85: 5 | D85: 关卡16BOSS2 | E85: 514 | G85: [{cd,3000},{hp,25875},{atk,80},{spd,8500}] | H85: =H80 -> 2 | I85: =IF(VLOOKUP(E85,Sheet2!$W$4:$AA$49,5,0)=0,"",VLOOKUP(E85,Sheet2!$W$4:$AA$49,5,0)) | J85: 0 | K85: 0 | L85: =IF(VLOOKUP(E85,Sheet2!$W$4:$X$49,2,0)=0,"",VLOOKUP(E85,Sheet2!$W$4:$X$49,2,0)) | N85: =IF(VLOOKUP(E85,Sheet2!$W$4:$Y$49,3,0)=0,"",VLOOKUP(E85,Sheet2!$W$4:$Y$49,3,0)) | Q85: =IF(VLOOKUP(E85,Sheet2!$W$4:$Z$49,4,0)=0,"",VLOOKUP(E85,Sheet2!$W$4:$Z$49,4,0)) | R85: 200 | S85: 2
A86: =A81+100 -> 1701 | B86: 17 | C86: 1 | D86: 关卡17怪物1 | E86: 100 | G86: [{cd,3000},{hp,520},{atk,6},{spd,8500}] | H86: =H81 -> 0 | I86: =IF(VLOOKUP(E86,Sheet2!$W$4:$AA$49,5,0)=0,"",VLOOKUP(E86,Sheet2!$W$4:$AA$49,5,0)) -> [60002] | J86: 0 | K86: 0 | L86: =IF(VLOOKUP(E86,Sheet2!$W$4:$X$49,2,0)=0,"",VLOOKUP(E86,Sheet2!$W$4:$X$49,2,0)) | N86: =IF(VLOOKUP(E86,Sheet2!$W$4:$Y$49,3,0)=0,"",VLOOKUP(E86,Sheet2!$W$4:$Y$49,3,0)) -> 2001 | Q86: =IF(VLOOKUP(E86,Sheet2!$W$4:$Z$49,4,0)=0,"",VLOOKUP(E86,Sheet2!$W$4:$Z$49,4,0)) | R86: 35 | S86: 2
A87: =A82+100 -> 1702 | B87: 17 | C87: 2 | D87: 关卡17怪物2 | E87: 102 | G87: [{cd,3000},{hp,624},{atk,5},{spd,8500}] | H87: =H82 -> 0 | I87: =IF(VLOOKUP(E87,Sheet2!$W$4:$AA$49,5,0)=0,"",VLOOKUP(E87,Sheet2!$W$4:$AA$49,5,0)) | J87: 0 | K87: 0 | L87: =IF(VLOOKUP(E87,Sheet2!$W$4:$X$49,2,0)=0,"",VLOOKUP(E87,Sheet2!$W$4:$X$49,2,0)) -> 1 | N87: =IF(VLOOKUP(E87,Sheet2!$W$4:$Y$49,3,0)=0,"",VLOOKUP(E87,Sheet2!$W$4:$Y$49,3,0)) | Q87: =IF(VLOOKUP(E87,Sheet2!$W$4:$Z$49,4,0)=0,"",VLOOKUP(E87,Sheet2!$W$4:$Z$49,4,0)) -> [{50011,6}] | R87: 35 | S87: 2
A88: =A83+100 -> 1703 | B88: 17 | C88: 3 | D88: 关卡17怪物3 | E88: 105 | G88: [{cd,3000},{hp,780},{atk,9},{spd,8500}] | H88: 0 | I88: =IF(VLOOKUP(E88,Sheet2!$W$4:$AA$49,5,0)=0,"",VLOOKUP(E88,Sheet2!$W$4:$AA$49,5,0)) -> [60003] | J88: 0 | K88: 0 | L88: =IF(VLOOKUP(E88,Sheet2!$W$4:$X$49,2,0)=0,"",VLOOKUP(E88,Sheet2!$W$4:$X$49,2,0)) | N88: =IF(VLOOKUP(E88,Sheet2!$W$4:$Y$49,3,0)=0,"",VLOOKUP(E88,Sheet2!$W$4:$Y$49,3,0)) | Q88: =IF(VLOOKUP(E88,Sheet2!$W$4:$Z$49,4,0)=0,"",VLOOKUP(E88,Sheet2!$W$4:$Z$49,4,0)) | R88: 35 | S88: 2
A89: =A84+100 -> 1721 | B89: 17 | C89: 4 | D89: 关卡17BOSS1 | E89: 502 | G89: [{cd,3000},{hp,21938},{atk,25},{spd,8500}] | H89: =H84 -> 2 | I89: =IF(VLOOKUP(E89,Sheet2!$W$4:$AA$49,5,0)=0,"",VLOOKUP(E89,Sheet2!$W$4:$AA$49,5,0)) | J89: 0 | K89: 0 | L89: =IF(VLOOKUP(E89,Sheet2!$W$4:$X$49,2,0)=0,"",VLOOKUP(E89,Sheet2!$W$4:$X$49,2,0)) -> 1 | N89: =IF(VLOOKUP(E89,Sheet2!$W$4:$Y$49,3,0)=0,"",VLOOKUP(E89,Sheet2!$W$4:$Y$49,3,0)) | Q89: =IF(VLOOKUP(E89,Sheet2!$W$4:$Z$49,4,0)=0,"",VLOOKUP(E89,Sheet2!$W$4:$Z$49,4,0)) -> [{50021,6}] | R89: 150 | S89: 2
A90: =A85+100 -> 1731 | B90: 17 | C90: 5 | D90: 关卡17BOSS2 | E90: 502 | G90: [{cd,3000},{hp,29250},{atk,50},{spd,8500}] | H90: =H85 -> 2 | I90: =IF(VLOOKUP(E90,Sheet2!$W$4:$AA$49,5,0)=0,"",VLOOKUP(E90,Sheet2!$W$4:$AA$49,5,0)) | J90: 0 | K90: 0 | L90: =IF(VLOOKUP(E90,Sheet2!$W$4:$X$49,2,0)=0,"",VLOOKUP(E90,Sheet2!$W$4:$X$49,2,0)) -> 1 | N90: =IF(VLOOKUP(E90,Sheet2!$W$4:$Y$49,3,0)=0,"",VLOOKUP(E90,Sheet2!$W$4:$Y$49,3,0)) | Q90: =IF(VLOOKUP(E90,Sheet2!$W$4:$Z$49,4,0)=0,"",VLOOKUP(E90,Sheet2!$W$4:$Z$49,4,0)) -> [{50021,6}] | R90: 150 | S90: 2
A91: =A86+100 -> 1801 | B91: 18 | C91: 1 | D91: 关卡18怪物1 | E91: 100 | G91: [{cd,3000},{hp,580},{atk,6},{spd,8500}] | H91: =H86 -> 0 | I91: =IF(VLOOKUP(E91,Sheet2!$W$4:$AA$49,5,0)=0,"",VLOOKUP(E91,Sheet2!$W$4:$AA$49,5,0)) -> [60002] | J91: 0 | K91: 0 | L91: =IF(VLOOKUP(E91,Sheet2!$W$4:$X$49,2,0)=0,"",VLOOKUP(E91,Sheet2!$W$4:$X$49,2,0)) | N91: =IF(VLOOKUP(E91,Sheet2!$W$4:$Y$49,3,0)=0,"",VLOOKUP(E91,Sheet2!$W$4:$Y$49,3,0)) -> 2001 | Q91: =IF(VLOOKUP(E91,Sheet2!$W$4:$Z$49,4,0)=0,"",VLOOKUP(E91,Sheet2!$W$4:$Z$49,4,0)) | R91: 40 | S91: 2
A92: =A87+100 -> 1802 | B92: 18 | C92: 2 | D92: 关卡18怪物2 | E92: 105 | G92: [{cd,3000},{hp,696},{atk,9},{spd,8500}] | H92: =H87 -> 0 | I92: =IF(VLOOKUP(E92,Sheet2!$W$4:$AA$49,5,0)=0,"",VLOOKUP(E92,Sheet2!$W$4:$AA$49,5,0)) -> [60003] | J92: 0 | K92: 0 | L92: =IF(VLOOKUP(E92,Sheet2!$W$4:$X$49,2,0)=0,"",VLOOKUP(E92,Sheet2!$W$4:$X$49,2,0)) | N92: =IF(VLOOKUP(E92,Sheet2!$W$4:$Y$49,3,0)=0,"",VLOOKUP(E92,Sheet2!$W$4:$Y$49,3,0)) | Q92: =IF(VLOOKUP(E92,Sheet2!$W$4:$Z$49,4,0)=0,"",VLOOKUP(E92,Sheet2!$W$4:$Z$49,4,0)) | R92: 40 | S92: 2
A93: =A88+100 -> 1803 | B93: 18 | C93: 3 | D93: 关卡18怪物3 | E93: 102 | G93: [{cd,3000},{hp,870},{atk,5},{spd,8500}] | H93: 0 | I93: =IF(VLOOKUP(E93,Sheet2!$W$4:$AA$49,5,0)=0,"",VLOOKUP(E93,Sheet2!$W$4:$AA$49,5,0)) | J93: 0 | K93: 0 | L93: =IF(VLOOKUP(E93,Sheet2!$W$4:$X$49,2,0)=0,"",VLOOKUP(E93,Sheet2!$W$4:$X$49,2,0)) -> 1 | N93: =IF(VLOOKUP(E93,Sheet2!$W$4:$Y$49,3,0)=0,"",VLOOKUP(E93,Sheet2!$W$4:$Y$49,3,0)) | Q93: =IF(VLOOKUP(E93,Sheet2!$W$4:$Z$49,4,0)=0,"",VLOOKUP(E93,Sheet2!$W$4:$Z$49,4,0)) -> [{50011,6}] | R93: 40 | S93: 2
A94: =A89+100 -> 1821 | B94: 18 | C94: 4 | D94: 关卡18BOSS1 | E94: 502 | G94: [{cd,3000},{hp,24469},{atk,25},{spd,8500}] | H94: =H89 -> 2 | I94: =IF(VLOOKUP(E94,Sheet2!$W$4:$AA$49,5,0)=0,"",VLOOKUP(E94,Sheet2!$W$4:$AA$49,5,0)) | J94: 0 | K94: 0 | L94: =IF(VLOOKUP(E94,Sheet2!$W$4:$X$49,2,0)=0,"",VLOOKUP(E94,Sheet2!$W$4:$X$49,2,0)) -> 1 | N94: =IF(VLOOKUP(E94,Sheet2!$W$4:$Y$49,3,0)=0,"",VLOOKUP(E94,Sheet2!$W$4:$Y$49,3,0)) | Q94: =IF(VLOOKUP(E94,Sheet2!$W$4:$Z$49,4,0)=0,"",VLOOKUP(E94,Sheet2!$W$4:$Z$49,4,0)) -> [{50021,6}] | R94: 100 | S94: 2
A95: =A90+100 -> 1831 | B95: 18 | C95: 5 | D95: 关卡18BOSS2 | E95: 502 | G95: [{cd,3000},{hp,32625},{atk,50},{spd,8500}] | H95: =H90 -> 2 | I95: =IF(VLOOKUP(E95,Sheet2!$W$4:$AA$49,5,0)=0,"",VLOOKUP(E95,Sheet2!$W$4:$AA$49,5,0)) | J95: 0 | K95: 0 | L95: =IF(VLOOKUP(E95,Sheet2!$W$4:$X$49,2,0)=0,"",VLOOKUP(E95,Sheet2!$W$4:$X$49,2,0)) -> 1 | N95: =IF(VLOOKUP(E95,Sheet2!$W$4:$Y$49,3,0)=0,"",VLOOKUP(E95,Sheet2!$W$4:$Y$49,3,0)) | Q95: =IF(VLOOKUP(E95,Sheet2!$W$4:$Z$49,4,0)=0,"",VLOOKUP(E95,Sheet2!$W$4:$Z$49,4,0)) -> [{50021,6}] | R95: 100 | S95: 2
A96: =A91+100 -> 1901 | B96: 19 | C96: 1 | D96: 关卡19怪物1 | E96: 104 | G96: [{cd,3000},{hp,640},{atk,14},{spd,8500}] | H96: =H91 -> 0 | I96: =IF(VLOOKUP(E96,Sheet2!$W$4:$AA$49,5,0)=0,"",VLOOKUP(E96,Sheet2!$W$4:$AA$49,5,0)) | J96: 0 | K96: 0 | L96: =IF(VLOOKUP(E96,Sheet2!$W$4:$X$49,2,0)=0,"",VLOOKUP(E96,Sheet2!$W$4:$X$49,2,0)) | N96: =IF(VLOOKUP(E96,Sheet2!$W$4:$Y$49,3,0)=0,"",VLOOKUP(E96,Sheet2!$W$4:$Y$49,3,0)) | Q96: =IF(VLOOKUP(E96,Sheet2!$W$4:$Z$49,4,0)=0,"",VLOOKUP(E96,Sheet2!$W$4:$Z$49,4,0)) | R96: 35 | S96: 2
A97: =A92+100 -> 1902 | B97: 19 | C97: 2 | D97: 关卡19怪物2 | E97: 106 | G97: [{cd,3000},{hp,768},{atk,8},{spd,8500}] | H97: =H92 -> 0 | I97: =IF(VLOOKUP(E97,Sheet2!$W$4:$AA$49,5,0)=0,"",VLOOKUP(E97,Sheet2!$W$4:$AA$49,5,0)) -> [60002] | J97: 0 | K97: 0 | L97: =IF(VLOOKUP(E97,Sheet2!$W$4:$X$49,2,0)=0,"",VLOOKUP(E97,Sheet2!$W$4:$X$49,2,0)) -> 1 | N97: =IF(VLOOKUP(E97,Sheet2!$W$4:$Y$49,3,0)=0,"",VLOOKUP(E97,Sheet2!$W$4:$Y$49,3,0)) -> 2002 | Q97: =IF(VLOOKUP(E97,Sheet2!$W$4:$Z$49,4,0)=0,"",VLOOKUP(E97,Sheet2!$W$4:$Z$49,4,0)) -> [{50012,6}] | R97: 35 | S97: 2
A98: =A93+100 -> 1903 | B98: 19 | C98: 3 | D98: 关卡19怪物3 | E98: 107 | G98: [{cd,3000},{hp,960},{atk,6},{spd,8500}] | H98: 0 | I98: =IF(VLOOKUP(E98,Sheet2!$W$4:$AA$49,5,0)=0,"",VLOOKUP(E98,Sheet2!$W$4:$AA$49,5,0)) -> [60004] | J98: 0 | K98: 0 | L98: =IF(VLOOKUP(E98,Sheet2!$W$4:$X$49,2,0)=0,"",VLOOKUP(E98,Sheet2!$W$4:$X$49,2,0)) -> 1 | N98: =IF(VLOOKUP(E98,Sheet2!$W$4:$Y$49,3,0)=0,"",VLOOKUP(E98,Sheet2!$W$4:$Y$49,3,0)) | Q98: =IF(VLOOKUP(E98,Sheet2!$W$4:$Z$49,4,0)=0,"",VLOOKUP(E98,Sheet2!$W$4:$Z$49,4,0)) -> [{50013,6}] | R98: 35 | S98: 2
A99: =A94+100 -> 1921 | B99: 19 | C99: 4 | D99: 关卡19BOSS1 | E99: 503 | G99: [{cd,3000},{hp,27000},{atk,45},{spd,8500}] | H99: =H94 -> 2 | I99: =IF(VLOOKUP(E99,Sheet2!$W$4:$AA$49,5,0)=0,"",VLOOKUP(E99,Sheet2!$W$4:$AA$49,5,0)) -> [60001] | J99: 0 | K99: 0 | L99: =IF(VLOOKUP(E99,Sheet2!$W$4:$X$49,2,0)=0,"",VLOOKUP(E99,Sheet2!$W$4:$X$49,2,0)) | N99: =IF(VLOOKUP(E99,Sheet2!$W$4:$Y$49,3,0)=0,"",VLOOKUP(E99,Sheet2!$W$4:$Y$49,3,0)) | Q99: =IF(VLOOKUP(E99,Sheet2!$W$4:$Z$49,4,0)=0,"",VLOOKUP(E99,Sheet2!$W$4:$Z$49,4,0)) | R99: 100 | S99: 2
A100: =A95+100 -> 1931 | B100: 19 | C100: 5 | D100: 关卡19BOSS2 | E100: 503 | G100: [{cd,3000},{hp,36000},{atk,90},{spd,8500}] | H100: =H95 -> 2 | I100: =IF(VLOOKUP(E100,Sheet2!$W$4:$AA$49,5,0)=0,"",VLOOKUP(E100,Sheet2!$W$4:$AA$49,5,0)) -> [60001] | J100: 0 | K100: 0 | L100: =IF(VLOOKUP(E100,Sheet2!$W$4:$X$49,2,0)=0,"",VLOOKUP(E100,Sheet2!$W$4:$X$49,2,0)) | N100: =IF(VLOOKUP(E100,Sheet2!$W$4:$Y$49,3,0)=0,"",VLOOKUP(E100,Sheet2!$W$4:$Y$49,3,0)) | Q100: =IF(VLOOKUP(E100,Sheet2!$W$4:$Z$49,4,0)=0,"",VLOOKUP(E100,Sheet2!$W$4:$Z$49,4,0)) | R100: 100 | S100: 2
...

Sheet Sheet2
V1: {downUnderPhAtk,5000}
C2: { | D2: , | E2: } | V2: {downUnderMagicAtk,5000}
A3: 怪物id | B3: 关卡 | C3: cd | D3: hp | E3: atk | F3: spd | G3: ySpd
A4: =Sheet1!E6 -> 101 | B4: 1 | C4: 3000 | D4: =VLOOKUP(B4,[1]怪物!$N$34:$Q$43,2,0) -> 60 | E4: =VLOOKUP(A4,[1]怪物!$N$3:$Q$13,4,0) -> 6 | F4: =VLOOKUP(A4,$W:$AB,6,0) -> 8500 | H4: =$C$2&C$3&$D$2&C4&$E$2 -> {cd,3000} | I4: =$C$2&D$3&$D$2&D4&$E$2 -> {hp,60} | J4: =$C$2&E$3&$D$2&E4&$E$2 -> {atk,6} | K4: =$C$2&F$3&$D$2&F4&$E$2 -> {spd,8500} | L4: =IF(VLOOKUP(A4,$W:$AC,7,0)=0,"",VLOOKUP(A4,$W:$AC,7,0)) | O4: ="["&_xlfn.TEXTJOIN(",",1,H4:M4)&"]" -> [{cd,3000},{hp,60},{atk,6},{spd,8500}] | W4: 100 | Y4: 2001 | AA4: [60002] | AB4: 8500
A5: =Sheet1!E7 -> 100 | B5: 1 | C5: 3000 | D5: =VLOOKUP(B5,[1]怪物!$N$34:$Q$43,3,0) -> 50 | E5: =VLOOKUP(A5,[1]怪物!$N$3:$Q$13,4,0) -> 4 | F5: =VLOOKUP(A5,$W:$AB,6,0) -> 8500 | H5: =$C$2&C$3&$D$2&C5&$E$2 -> {cd,3000} | I5: =$C$2&D$3&$D$2&D5&$E$2 -> {hp,50} | J5: =$C$2&E$3&$D$2&E5&$E$2 -> {atk,4} | K5: =$C$2&F$3&$D$2&F5&$E$2 -> {spd,8500} | L5: =IF(VLOOKUP(A5,$W:$AC,7,0)=0,"",VLOOKUP(A5,$W:$AC,7,0)) | O5: ="["&_xlfn.TEXTJOIN(",",1,H5:M5)&"]" -> [{cd,3000},{hp,50},{atk,4},{spd,8500}] | W5: 101 | AB5: 8500
A6: =Sheet1!E8 -> 101 | B6: 1 | C6: 3000 | D6: =VLOOKUP(B6,[1]怪物!$N$34:$Q$43,4,0) -> 40 | E6: =VLOOKUP(A6,[1]怪物!$N$3:$Q$13,4,0) -> 6 | F6: =VLOOKUP(A6,$W:$AB,6,0) -> 8500 | H6: =$C$2&C$3&$D$2&C6&$E$2 -> {cd,3000} | I6: =$C$2&D$3&$D$2&D6&$E$2 -> {hp,40} | J6: =$C$2&E$3&$D$2&E6&$E$2 -> {atk,6} | K6: =$C$2&F$3&$D$2&F6&$E$2 -> {spd,8500} | L6: =IF(VLOOKUP(A6,$W:$AC,7,0)=0,"",VLOOKUP(A6,$W:$AC,7,0)) | O6: ="["&_xlfn.TEXTJOIN(",",1,H6:M6)&"]" -> [{cd,3000},{hp,40},{atk,6},{spd,8500}] | W6: 102 | X6: 1 | Z6: [{50011,6}] | AB6: 8500
A7: =Sheet1!E9 -> 501 | B7: 1 | C7: 3000 | D7: =VLOOKUP(B7,[1]怪物!$U$34:$W$43,2,0) -> 1350 | E7: =VLOOKUP(A7,[1]怪物!$R$3:$T$13,2,0) -> 15 | F7: =VLOOKUP(A7,$W:$AB,6,0) -> 8500 | H7: =$C$2&C$3&$D$2&C7&$E$2 -> {cd,3000} | I7: =$C$2&D$3&$D$2&D7&$E$2 -> {hp,1350} | J7: =$C$2&E$3&$D$2&E7&$E$2 -> {atk,15} | K7: =$C$2&F$3&$D$2&F7&$E$2 -> {spd,8500} | L7: =IF(VLOOKUP(A7,$W:$AC,7,0)=0,"",VLOOKUP(A7,$W:$AC,7,0)) | O7: ="["&_xlfn.TEXTJOIN(",",1,H7:M7)&"]" -> [{cd,3000},{hp,1350},{atk,15},{spd,8500}] | W7: 103 | AA7: [60001] | AB7: 8500
A8: =Sheet1!E10 -> 501 | B8: 1 | C8: 3000 | D8: =VLOOKUP(B8,[1]怪物!$U$34:$W$43,3,0) -> 2250 | E8: =VLOOKUP(A8,[1]怪物!$R$3:$T$13,3,0) -> 30 | F8: =VLOOKUP(A8,$W:$AB,6,0) -> 8500 | H8: =$C$2&C$3&$D$2&C8&$E$2 -> {cd,3000} | I8: =$C$2&D$3&$D$2&D8&$E$2 -> {hp,2250} | J8: =$C$2&E$3&$D$2&E8&$E$2 -> {atk,30} | K8: =$C$2&F$3&$D$2&F8&$E$2 -> {spd,8500} | L8: =IF(VLOOKUP(A8,$W:$AC,7,0)=0,"",VLOOKUP(A8,$W:$AC,7,0)) | O8: ="["&_xlfn.TEXTJOIN(",",1,H8:M8)&"]" -> [{cd,3000},{hp,2250},{atk,30},{spd,8500}] | W8: 104 | AB8: 8500
A9: =Sheet1!E11 -> 101 | B9: =B4+1 -> 2 | C9: 3000 | D9: =VLOOKUP(B9,[1]怪物!$N$34:$Q$43,2,0) -> 60 | E9: =VLOOKUP(A9,[1]怪物!$N$3:$Q$13,4,0) -> 6 | F9: =VLOOKUP(A9,$W:$AB,6,0) -> 8500 | H9: =$C$2&C$3&$D$2&C9&$E$2 -> {cd,3000} | I9: =$C$2&D$3&$D$2&D9&$E$2 -> {hp,60} | J9: =$C$2&E$3&$D$2&E9&$E$2 -> {atk,6} | K9: =$C$2&F$3&$D$2&F9&$E$2 -> {spd,8500} | L9: =IF(VLOOKUP(A9,$W:$AC,7,0)=0,"",VLOOKUP(A9,$W:$AC,7,0)) | O9: ="["&_xlfn.TEXTJOIN(",",1,H9:M9)&"]" -> [{cd,3000},{hp,60},{atk,6},{spd,8500}] | W9: 105 | AA9: [60003] | AB9: 8500
A10: =Sheet1!E12 -> 100 | B10: =B5+1 -> 2 | C10: 3000 | D10: =VLOOKUP(B10,[1]怪物!$N$34:$Q$43,3,0) -> 50 | E10: =VLOOKUP(A10,[1]怪物!$N$3:$Q$13,4,0) -> 4 | F10: =VLOOKUP(A10,$W:$AB,6,0) -> 8500 | H10: =$C$2&C$3&$D$2&C10&$E$2 -> {cd,3000} | I10: =$C$2&D$3&$D$2&D10&$E$2 -> {hp,50} | J10: =$C$2&E$3&$D$2&E10&$E$2 -> {atk,4} | K10: =$C$2&F$3&$D$2&F10&$E$2 -> {spd,8500} | L10: =IF(VLOOKUP(A10,$W:$AC,7,0)=0,"",VLOOKUP(A10,$W:$AC,7,0)) | O10: ="["&_xlfn.TEXTJOIN(",",1,H10:M10)&"]" -> [{cd,3000},{hp,50},{atk,4},{spd,8500}] | W10: 106 | X10: 1 | Y10: 2002 | Z10: [{50012,6}] | AA10: [60002] | AB10: 8500
A11: =Sheet1!E13 -> 102 | B11: =B6+1 -> 2 | C11: 3000 | D11: =VLOOKUP(B11,[1]怪物!$N$34:$Q$43,4,0) -> 40 | E11: =VLOOKUP(A11,[1]怪物!$N$3:$Q$13,4,0) -> 3 | F11: =VLOOKUP(A11,$W:$AB,6,0) -> 8500 | H11: =$C$2&C$3&$D$2&C11&$E$2 -> {cd,3000} | I11: =$C$2&D$3&$D$2&D11&$E$2 -> {hp,40} | J11: =$C$2&E$3&$D$2&E11&$E$2 -> {atk,3} | K11: =$C$2&F$3&$D$2&F11&$E$2 -> {spd,8500} | L11: =IF(VLOOKUP(A11,$W:$AC,7,0)=0,"",VLOOKUP(A11,$W:$AC,7,0)) | O11: ="["&_xlfn.TEXTJOIN(",",1,H11:M11)&"]" -> [{cd,3000},{hp,40},{atk,3},{spd,8500}] | W11: 107 | X11: 1 | Z11: [{50013,6}] | AA11: [60004] | AB11: 8500
A12: =Sheet1!E14 -> 501 | B12: =B7+1 -> 2 | C12: 3000 | D12: =VLOOKUP(B12,[1]怪物!$U$34:$W$43,2,0) -> 1350 | E12: =VLOOKUP(A12,[1]怪物!$R$3:$T$13,2,0) -> 15 | F12: =VLOOKUP(A12,$W:$AB,6,0) -> 8500 | H12: =$C$2&C$3&$D$2&C12&$E$2 -> {cd,3000} | I12: =$C$2&D$3&$D$2&D12&$E$2 -> {hp,1350} | J12: =$C$2&E$3&$D$2&E12&$E$2 -> {atk,15} | K12: =$C$2&F$3&$D$2&F12&$E$2 -> {spd,8500} | L12: =IF(VLOOKUP(A12,$W:$AC,7,0)=0,"",VLOOKUP(A12,$W:$AC,7,0)) | O12: ="["&_xlfn.TEXTJOIN(",",1,H12:M12)&"]" -> [{cd,3000},{hp,1350},{atk,15},{spd,8500}] | W12: 108 | AB12: 8500
A13: =Sheet1!E15 -> 501 | B13: =B8+1 -> 2 | C13: 3000 | D13: =VLOOKUP(B13,[1]怪物!$U$34:$W$43,3,0) -> 2250 | E13: =VLOOKUP(A13,[1]怪物!$R$3:$T$13,3,0) -> 30 | F13: =VLOOKUP(A13,$W:$AB,6,0) -> 8500 | H13: =$C$2&C$3&$D$2&C13&$E$2 -> {cd,3000} | I13: =$C$2&D$3&$D$2&D13&$E$2 -> {hp,2250} | J13: =$C$2&E$3&$D$2&E13&$E$2 -> {atk,30} | K13: =$C$2&F$3&$D$2&F13&$E$2 -> {spd,8500} | L13: =IF(VLOOKUP(A13,$W:$AC,7,0)=0,"",VLOOKUP(A13,$W:$AC,7,0)) | O13: ="["&_xlfn.TEXTJOIN(",",1,H13:M13)&"]" -> [{cd,3000},{hp,2250},{atk,30},{spd,8500}] | W13: 109 | X13: 1 | Z13: [{50014,6}] | AB13: 8500
A14: =Sheet1!E16 -> 103 | B14: =B9+1 -> 3 | C14: 3000 | D14: =VLOOKUP(B14,[1]怪物!$N$34:$Q$43,2,0) -> 60 | E14: =VLOOKUP(A14,[1]怪物!$N$3:$Q$13,4,0) -> 6 | F14: =VLOOKUP(A14,$W:$AB,6,0) -> 8500 | H14: =$C$2&C$3&$D$2&C14&$E$2 -> {cd,3000} | I14: =$C$2&D$3&$D$2&D14&$E$2 -> {hp,60} | J14: =$C$2&E$3&$D$2&E14&$E$2 -> {atk,6} | K14: =$C$2&F$3&$D$2&F14&$E$2 -> {spd,8500} | L14: =IF(VLOOKUP(A14,$W:$AC,7,0)=0,"",VLOOKUP(A14,$W:$AC,7,0)) | O14: ="["&_xlfn.TEXTJOIN(",",1,H14:M14)&"]" -> [{cd,3000},{hp,60},{atk,6},{spd,8500}] | W14: 110 | AB14: 8500
A15: =Sheet1!E17 -> 104 | B15: =B10+1 -> 3 | C15: 3000 | D15: =VLOOKUP(B15,[1]怪物!$N$34:$Q$43,3,0) -> 50 | E15: =VLOOKUP(A15,[1]怪物!$N$3:$Q$13,4,0) -> 9 | F15: =VLOOKUP(A15,$W:$AB,6,0) -> 8500 | H15: =$C$2&C$3&$D$2&C15&$E$2 -> {cd,3000} | I15: =$C$2&D$3&$D$2&D15&$E$2 -> {hp,50} | J15: =$C$2&E$3&$D$2&E15&$E$2 -> {atk,9} | K15: =$C$2&F$3&$D$2&F15&$E$2 -> {spd,8500} | L15: =IF(VLOOKUP(A15,$W:$AC,7,0)=0,"",VLOOKUP(A15,$W:$AC,7,0)) | O15: ="["&_xlfn.TEXTJOIN(",",1,H15:M15)&"]" -> [{cd,3000},{hp,50},{atk,9},{spd,8500}] | W15: 111 | AB15: 8500
A16: =Sheet1!E18 -> 104 | B16: =B11+1 -> 3 | C16: 3000 | D16: =VLOOKUP(B16,[1]怪物!$N$34:$Q$43,4,0) -> 40 | E16: =VLOOKUP(A16,[1]怪物!$N$3:$Q$13,4,0) -> 9 | F16: =VLOOKUP(A16,$W:$AB,6,0) -> 8500 | H16: =$C$2&C$3&$D$2&C16&$E$2 -> {cd,3000} | I16: =$C$2&D$3&$D$2&D16&$E$2 -> {hp,40} | J16: =$C$2&E$3&$D$2&E16&$E$2 -> {atk,9} | K16: =$C$2&F$3&$D$2&F16&$E$2 -> {spd,8500} | L16: =IF(VLOOKUP(A16,$W:$AC,7,0)=0,"",VLOOKUP(A16,$W:$AC,7,0)) | O16: ="["&_xlfn.TEXTJOIN(",",1,H16:M16)&"]" -> [{cd,3000},{hp,40},{atk,9},{spd,8500}] | W16: 112 | X16: 1 | Z16: [{50015,6}] | AB16: 8500
A17: =Sheet1!E19 -> 504 | B17: =B12+1 -> 3 | C17: 3000 | D17: =VLOOKUP(B17,[1]怪物!$U$34:$W$43,2,0) -> 1350 | E17: =VLOOKUP(A17,[1]怪物!$R$3:$T$13,2,0) -> 22 | F17: =VLOOKUP(A17,$W:$AB,6,0) -> 8500 | H17: =$C$2&C$3&$D$2&C17&$E$2 -> {cd,3000} | I17: =$C$2&D$3&$D$2&D17&$E$2 -> {hp,1350} | J17: =$C$2&E$3&$D$2&E17&$E$2 -> {atk,22} | K17: =$C$2&F$3&$D$2&F17&$E$2 -> {spd,8500} | L17: =IF(VLOOKUP(A17,$W:$AC,7,0)=0,"",VLOOKUP(A17,$W:$AC,7,0)) | O17: ="["&_xlfn.TEXTJOIN(",",1,H17:M17)&"]" -> [{cd,3000},{hp,1350},{atk,22},{spd,8500}] | W17: 113 | X17: 1 | Z17: [{50016,6}] | AA17: [60005] | AB17: 8500
A18: =Sheet1!E20 -> 504 | B18: =B13+1 -> 3 | C18: 3000 | D18: =VLOOKUP(B18,[1]怪物!$U$34:$W$43,3,0) -> 2250 | E18: =VLOOKUP(A18,[1]怪物!$R$3:$T$13,3,0) -> 45 | F18: =VLOOKUP(A18,$W:$AB,6,0) -> 8500 | H18: =$C$2&C$3&$D$2&C18&$E$2 -> {cd,3000} | I18: =$C$2&D$3&$D$2&D18&$E$2 -> {hp,2250} | J18: =$C$2&E$3&$D$2&E18&$E$2 -> {atk,45} | K18: =$C$2&F$3&$D$2&F18&$E$2 -> {spd,8500} | L18: =IF(VLOOKUP(A18,$W:$AC,7,0)=0,"",VLOOKUP(A18,$W:$AC,7,0)) | O18: ="["&_xlfn.TEXTJOIN(",",1,H18:M18)&"]" -> [{cd,3000},{hp,2250},{atk,45},{spd,8500}] | W18: 114 | AB18: 8500
A19: =Sheet1!E21 -> 103 | B19: =B14+1 -> 4 | C19: 3000 | D19: =VLOOKUP(B19,[1]怪物!$N$34:$Q$43,2,0) -> 80 | E19: =VLOOKUP(A19,[1]怪物!$N$3:$Q$13,4,0) -> 6 | F19: =VLOOKUP(A19,$W:$AB,6,0) -> 8500 | H19: =$C$2&C$3&$D$2&C19&$E$2 -> {cd,3000} | I19: =$C$2&D$3&$D$2&D19&$E$2 -> {hp,80} | J19: =$C$2&E$3&$D$2&E19&$E$2 -> {atk,6} | K19: =$C$2&F$3&$D$2&F19&$E$2 -> {spd,8500} | L19: =IF(VLOOKUP(A19,$W:$AC,7,0)=0,"",VLOOKUP(A19,$W:$AC,7,0)) | O19: ="["&_xlfn.TEXTJOIN(",",1,H19:M19)&"]" -> [{cd,3000},{hp,80},{atk,6},{spd,8500}] | W19: 115 | AB19: 8500
A20: =Sheet1!E22 -> 104 | B20: =B15+1 -> 4 | C20: 3000 | D20: =VLOOKUP(B20,[1]怪物!$N$34:$Q$43,3,0) -> 70 | E20: =VLOOKUP(A20,[1]怪物!$N$3:$Q$13,4,0) -> 9 | F20: =VLOOKUP(A20,$W:$AB,6,0) -> 8500 | H20: =$C$2&C$3&$D$2&C20&$E$2 -> {cd,3000} | I20: =$C$2&D$3&$D$2&D20&$E$2 -> {hp,70} | J20: =$C$2&E$3&$D$2&E20&$E$2 -> {atk,9} | K20: =$C$2&F$3&$D$2&F20&$E$2 -> {spd,8500} | L20: =IF(VLOOKUP(A20,$W:$AC,7,0)=0,"",VLOOKUP(A20,$W:$AC,7,0)) | O20: ="["&_xlfn.TEXTJOIN(",",1,H20:M20)&"]" -> [{cd,3000},{hp,70},{atk,9},{spd,8500}] | W20: 116 | AA20: [60007] | AB20: 20000
A21: =Sheet1!E23 -> 106 | B21: =B16+1 -> 4 | C21: 3000 | D21: =VLOOKUP(B21,[1]怪物!$N$34:$Q$43,4,0) -> 60 | E21: =VLOOKUP(A21,[1]怪物!$N$3:$Q$13,4,0) -> 5 | F21: =VLOOKUP(A21,$W:$AB,6,0) -> 8500 | H21: =$C$2&C$3&$D$2&C21&$E$2 -> {cd,3000} | I21: =$C$2&D$3&$D$2&D21&$E$2 -> {hp,60} | J21: =$C$2&E$3&$D$2&E21&$E$2 -> {atk,5} | K21: =$C$2&F$3&$D$2&F21&$E$2 -> {spd,8500} | L21: =IF(VLOOKUP(A21,$W:$AC,7,0)=0,"",VLOOKUP(A21,$W:$AC,7,0)) | O21: ="["&_xlfn.TEXTJOIN(",",1,H21:M21)&"]" -> [{cd,3000},{hp,60},{atk,5},{spd,8500}] | W21: 117 | AB21: 8500 | AC21: {downUnderPhAtk,5000}
A22: =Sheet1!E24 -> 503 | B22: =B17+1 -> 4 | C22: 3000 | D22: =VLOOKUP(B22,[1]怪物!$U$34:$W$43,2,0) -> 1800 | E22: =VLOOKUP(A22,[1]怪物!$R$3:$T$13,2,0) -> 15 | F22: =VLOOKUP(A22,$W:$AB,6,0) -> 8500 | H22: =$C$2&C$3&$D$2&C22&$E$2 -> {cd,3000} | I22: =$C$2&D$3&$D$2&D22&$E$2 -> {hp,1800} | J22: =$C$2&E$3&$D$2&E22&$E$2 -> {atk,15} | K22: =$C$2&F$3&$D$2&F22&$E$2 -> {spd,8500} | L22: =IF(VLOOKUP(A22,$W:$AC,7,0)=0,"",VLOOKUP(A22,$W:$AC,7,0)) | O22: ="["&_xlfn.TEXTJOIN(",",1,H22:M22)&"]" -> [{cd,3000},{hp,1800},{atk,15},{spd,8500}] | W22: 118 | X22: 1 | Z22: [{50017,6}] | AA22: [60009] | AB22: 8500
A23: =Sheet1!E25 -> 503 | B23: =B18+1 -> 4 | C23: 3000 | D23: =VLOOKUP(B23,[1]怪物!$U$34:$W$43,3,0) -> 3000 | E23: =VLOOKUP(A23,[1]怪物!$R$3:$T$13,3,0) -> 30 | F23: =VLOOKUP(A23,$W:$AB,6,0) -> 8500 | H23: =$C$2&C$3&$D$2&C23&$E$2 -> {cd,3000} | I23: =$C$2&D$3&$D$2&D23&$E$2 -> {hp,3000} | J23: =$C$2&E$3&$D$2&E23&$E$2 -> {atk,30} | K23: =$C$2&F$3&$D$2&F23&$E$2 -> {spd,8500} | L23: =IF(VLOOKUP(A23,$W:$AC,7,0)=0,"",VLOOKUP(A23,$W:$AC,7,0)) | O23: ="["&_xlfn.TEXTJOIN(",",1,H23:M23)&"]" -> [{cd,3000},{hp,3000},{atk,30},{spd,8500}] | W23: 119 | X23: 1 | Z23: [{50018,6}] | AB23: 8500 | AC23: {downUnderMagicAtk,5000}
A24: =Sheet1!E26 -> 100 | B24: =B19+1 -> 5 | C24: 3000 | D24: =VLOOKUP(B24,[1]怪物!$N$34:$Q$43,2,0) -> 100 | E24: =VLOOKUP(A24,[1]怪物!$N$3:$Q$13,4,0) -> 4 | F24: =VLOOKUP(A24,$W:$AB,6,0) -> 8500 | H24: =$C$2&C$3&$D$2&C24&$E$2 -> {cd,3000} | I24: =$C$2&D$3&$D$2&D24&$E$2 -> {hp,100} | J24: =$C$2&E$3&$D$2&E24&$E$2 -> {atk,4} | K24: =$C$2&F$3&$D$2&F24&$E$2 -> {spd,8500} | L24: =IF(VLOOKUP(A24,$W:$AC,7,0)=0,"",VLOOKUP(A24,$W:$AC,7,0)) | O24: ="["&_xlfn.TEXTJOIN(",",1,H24:M24)&"]" -> [{cd,3000},{hp,100},{atk,4},{spd,8500}] | W24: 120 | AB24: 8500
A25: =Sheet1!E27 -> 102 | B25: =B20+1 -> 5 | C25: 3000 | D25: =VLOOKUP(B25,[1]怪物!$N$34:$Q$43,3,0) -> 90 | E25: =VLOOKUP(A25,[1]怪物!$N$3:$Q$13,4,0) -> 3 | F25: =VLOOKUP(A25,$W:$AB,6,0) -> 8500 | H25: =$C$2&C$3&$D$2&C25&$E$2 -> {cd,3000} | I25: =$C$2&D$3&$D$2&D25&$E$2 -> {hp,90} | J25: =$C$2&E$3&$D$2&E25&$E$2 -> {atk,3} | K25: =$C$2&F$3&$D$2&F25&$E$2 -> {spd,8500} | L25: =IF(VLOOKUP(A25,$W:$AC,7,0)=0,"",VLOOKUP(A25,$W:$AC,7,0)) | O25: ="["&_xlfn.TEXTJOIN(",",1,H25:M25)&"]" -> [{cd,3000},{hp,90},{atk,3},{spd,8500}] | W25: 121 | AB25: 8500 | AC25: {firingDmgDown,5000}
A26: =Sheet1!E28 -> 105 | B26: =B21+1 -> 5 | C26: 3000 | D26: =VLOOKUP(B26,[1]怪物!$N$34:$Q$43,4,0) -> 80 | E26: =VLOOKUP(A26,[1]怪物!$N$3:$Q$13,4,0) -> 6 | F26: =VLOOKUP(A26,$W:$AB,6,0) -> 8500 | H26: =$C$2&C$3&$D$2&C26&$E$2 -> {cd,3000} | I26: =$C$2&D$3&$D$2&D26&$E$2 -> {hp,80} | J26: =$C$2&E$3&$D$2&E26&$E$2 -> {atk,6} | K26: =$C$2&F$3&$D$2&F26&$E$2 -> {spd,8500} | L26: =IF(VLOOKUP(A26,$W:$AC,7,0)=0,"",VLOOKUP(A26,$W:$AC,7,0)) | O26: ="["&_xlfn.TEXTJOIN(",",1,H26:M26)&"]" -> [{cd,3000},{hp,80},{atk,6},{spd,8500}] | W26: 122 | AA26: [60011,60012] | AB26: 8500
A27: =Sheet1!E29 -> 502 | B27: =B22+1 -> 5 | C27: 3000 | D27: =VLOOKUP(B27,[1]怪物!$U$34:$W$43,2,0) -> 2250 | E27: =VLOOKUP(A27,[1]怪物!$R$3:$T$13,2,0) -> 10 | F27: =VLOOKUP(A27,$W:$AB,6,0) -> 8500 | H27: =$C$2&C$3&$D$2&C27&$E$2 -> {cd,3000} | I27: =$C$2&D$3&$D$2&D27&$E$2 -> {hp,2250} | J27: =$C$2&E$3&$D$2&E27&$E$2 -> {atk,10} | K27: =$C$2&F$3&$D$2&F27&$E$2 -> {spd,8500} | L27: =IF(VLOOKUP(A27,$W:$AC,7,0)=0,"",VLOOKUP(A27,$W:$AC,7,0)) | O27: ="["&_xlfn.TEXTJOIN(",",1,H27:M27)&"]" -> [{cd,3000},{hp,2250},{atk,10},{spd,8500}] | W27: 123 | X27: 1 | Z27: [{50019,6}] | AA27: [60010] | AB27: 8500
A28: =Sheet1!E30 -> 500 | B28: =B23+1 -> 5 | C28: 3000 | D28: =VLOOKUP(B28,[1]怪物!$U$34:$W$43,3,0) -> 3750 | E28: =VLOOKUP(A28,[1]怪物!$R$3:$T$13,3,0) -> 20 | F28: =VLOOKUP(A28,$W:$AB,6,0) -> 8500 | H28: =$C$2&C$3&$D$2&C28&$E$2 -> {cd,3000} | I28: =$C$2&D$3&$D$2&D28&$E$2 -> {hp,3750} | J28: =$C$2&E$3&$D$2&E28&$E$2 -> {atk,20} | K28: =$C$2&F$3&$D$2&F28&$E$2 -> {spd,8500} | L28: =IF(VLOOKUP(A28,$W:$AC,7,0)=0,"",VLOOKUP(A28,$W:$AC,7,0)) | O28: ="["&_xlfn.TEXTJOIN(",",1,H28:M28)&"]" -> [{cd,3000},{hp,3750},{atk,20},{spd,8500}] | W28: 124 | AA28: [60013] | AB28: 8500 | AC28: {downCritDmg,5000},{resRate,2000}
A29: =Sheet1!E31 -> 100 | B29: =B24+1 -> 6 | C29: 3000 | D29: =VLOOKUP(B29,[1]怪物!$N$34:$Q$43,2,0) -> 120 | E29: =VLOOKUP(A29,[1]怪物!$N$3:$Q$13,4,0) -> 4 | F29: =VLOOKUP(A29,$W:$AB,6,0) -> 8500 | H29: =$C$2&C$3&$D$2&C29&$E$2 -> {cd,3000} | I29: =$C$2&D$3&$D$2&D29&$E$2 -> {hp,120} | J29: =$C$2&E$3&$D$2&E29&$E$2 -> {atk,4} | K29: =$C$2&F$3&$D$2&F29&$E$2 -> {spd,8500} | L29: =IF(VLOOKUP(A29,$W:$AC,7,0)=0,"",VLOOKUP(A29,$W:$AC,7,0)) | O29: ="["&_xlfn.TEXTJOIN(",",1,H29:M29)&"]" -> [{cd,3000},{hp,120},{atk,4},{spd,8500}] | W29: 125 | AA29: [60016] | AB29: 8500
A30: =Sheet1!E32 -> 105 | B30: =B25+1 -> 6 | C30: 3000 | D30: =VLOOKUP(B30,[1]怪物!$N$34:$Q$43,3,0) -> 110 | E30: =VLOOKUP(A30,[1]怪物!$N$3:$Q$13,4,0) -> 6 | F30: =VLOOKUP(A30,$W:$AB,6,0) -> 8500 | H30: =$C$2&C$3&$D$2&C30&$E$2 -> {cd,3000} | I30: =$C$2&D$3&$D$2&D30&$E$2 -> {hp,110} | J30: =$C$2&E$3&$D$2&E30&$E$2 -> {atk,6} | K30: =$C$2&F$3&$D$2&F30&$E$2 -> {spd,8500} | L30: =IF(VLOOKUP(A30,$W:$AC,7,0)=0,"",VLOOKUP(A30,$W:$AC,7,0)) | O30: ="["&_xlfn.TEXTJOIN(",",1,H30:M30)&"]" -> [{cd,3000},{hp,110},{atk,6},{spd,8500}] | W30: 126 | X30: 1 | Z30: [{50031,6}] | AA30: [60014] | AB30: 8500 | AC30: {miss,1500}
A31: =Sheet1!E33 -> 102 | B31: =B26+1 -> 6 | C31: 3000 | D31: =VLOOKUP(B31,[1]怪物!$N$34:$Q$43,4,0) -> 100 | E31: =VLOOKUP(A31,[1]怪物!$N$3:$Q$13,4,0) -> 3 | F31: =VLOOKUP(A31,$W:$AB,6,0) -> 8500 | H31: =$C$2&C$3&$D$2&C31&$E$2 -> {cd,3000} | I31: =$C$2&D$3&$D$2&D31&$E$2 -> {hp,100} | J31: =$C$2&E$3&$D$2&E31&$E$2 -> {atk,3} | K31: =$C$2&F$3&$D$2&F31&$E$2 -> {spd,8500} | L31: =IF(VLOOKUP(A31,$W:$AC,7,0)=0,"",VLOOKUP(A31,$W:$AC,7,0)) | O31: ="["&_xlfn.TEXTJOIN(",",1,H31:M31)&"]" -> [{cd,3000},{hp,100},{atk,3},{spd,8500}] | W31: 127 | AA31: [60015] | AB31: 8500
A32: =Sheet1!E34 -> 502 | B32: =B27+1 -> 6 | C32: 3000 | D32: =VLOOKUP(B32,[1]怪物!$U$34:$W$43,2,0) -> 2700 | E32: =VLOOKUP(A32,[1]怪物!$R$3:$T$13,2,0) -> 10 | F32: =VLOOKUP(A32,$W:$AB,6,0) -> 8500 | H32: =$C$2&C$3&$D$2&C32&$E$2 -> {cd,3000} | I32: =$C$2&D$3&$D$2&D32&$E$2 -> {hp,2700} | J32: =$C$2&E$3&$D$2&E32&$E$2 -> {atk,10} | K32: =$C$2&F$3&$D$2&F32&$E$2 -> {spd,8500} | L32: =IF(VLOOKUP(A32,$W:$AC,7,0)=0,"",VLOOKUP(A32,$W:$AC,7,0)) | O32: ="["&_xlfn.TEXTJOIN(",",1,H32:M32)&"]" -> [{cd,3000},{hp,2700},{atk,10},{spd,8500}] | W32: 128 | AA32: [60017] | AB32: 8500 | AC32: {upUnderPhAtk,8000}
A33: =Sheet1!E35 -> 502 | B33: =B28+1 -> 6 | C33: 3000 | D33: =VLOOKUP(B33,[1]怪物!$U$34:$W$43,3,0) -> 4500 | E33: =VLOOKUP(A33,[1]怪物!$R$3:$T$13,3,0) -> 21 | F33: =VLOOKUP(A33,$W:$AB,6,0) -> 8500 | H33: =$C$2&C$3&$D$2&C33&$E$2 -> {cd,3000} | I33: =$C$2&D$3&$D$2&D33&$E$2 -> {hp,4500} | J33: =$C$2&E$3&$D$2&E33&$E$2 -> {atk,21} | K33: =$C$2&F$3&$D$2&F33&$E$2 -> {spd,8500} | L33: =IF(VLOOKUP(A33,$W:$AC,7,0)=0,"",VLOOKUP(A33,$W:$AC,7,0)) | O33: ="["&_xlfn.TEXTJOIN(",",1,H33:M33)&"]" -> [{cd,3000},{hp,4500},{atk,21},{spd,8500}] | W33: 129 | AB33: 8500
A34: =Sheet1!E36 -> 104 | B34: =B29+1 -> 7 | C34: 3000 | D34: =VLOOKUP(B34,[1]怪物!$N$34:$Q$43,2,0) -> 140 | E34: =VLOOKUP(A34,[1]怪物!$N$3:$Q$13,4,0) -> 9 | F34: =VLOOKUP(A34,$W:$AB,6,0) -> 8500 | H34: =$C$2&C$3&$D$2&C34&$E$2 -> {cd,3000} | I34: =$C$2&D$3&$D$2&D34&$E$2 -> {hp,140} | J34: =$C$2&E$3&$D$2&E34&$E$2 -> {atk,9} | K34: =$C$2&F$3&$D$2&F34&$E$2 -> {spd,8500} | L34: =IF(VLOOKUP(A34,$W:$AC,7,0)=0,"",VLOOKUP(A34,$W:$AC,7,0)) | O34: ="["&_xlfn.TEXTJOIN(",",1,H34:M34)&"]" -> [{cd,3000},{hp,140},{atk,9},{spd,8500}] | W34: 500 | Y34: 2001 | AA34: [60002] | AB34: 8500
A35: =Sheet1!E37 -> 106 | B35: =B30+1 -> 7 | C35: 3000 | D35: =VLOOKUP(B35,[1]怪物!$N$34:$Q$43,3,0) -> 130 | E35: =VLOOKUP(A35,[1]怪物!$N$3:$Q$13,4,0) -> 5 | F35: =VLOOKUP(A35,$W:$AB,6,0) -> 8500 | H35: =$C$2&C$3&$D$2&C35&$E$2 -> {cd,3000} | I35: =$C$2&D$3&$D$2&D35&$E$2 -> {hp,130} | J35: =$C$2&E$3&$D$2&E35&$E$2 -> {atk,5} | K35: =$C$2&F$3&$D$2&F35&$E$2 -> {spd,8500} | L35: =IF(VLOOKUP(A35,$W:$AC,7,0)=0,"",VLOOKUP(A35,$W:$AC,7,0)) | O35: ="["&_xlfn.TEXTJOIN(",",1,H35:M35)&"]" -> [{cd,3000},{hp,130},{atk,5},{spd,8500}] | W35: 501 | AB35: 8500
A36: =Sheet1!E38 -> 107 | B36: =B31+1 -> 7 | C36: 3000 | D36: =VLOOKUP(B36,[1]怪物!$N$34:$Q$43,4,0) -> 120 | E36: =VLOOKUP(A36,[1]怪物!$N$3:$Q$13,4,0) -> 4 | F36: =VLOOKUP(A36,$W:$AB,6,0) -> 8500 | H36: =$C$2&C$3&$D$2&C36&$E$2 -> {cd,3000} | I36: =$C$2&D$3&$D$2&D36&$E$2 -> {hp,120} | J36: =$C$2&E$3&$D$2&E36&$E$2 -> {atk,4} | K36: =$C$2&F$3&$D$2&F36&$E$2 -> {spd,8500} | L36: =IF(VLOOKUP(A36,$W:$AC,7,0)=0,"",VLOOKUP(A36,$W:$AC,7,0)) | O36: ="["&_xlfn.TEXTJOIN(",",1,H36:M36)&"]" -> [{cd,3000},{hp,120},{atk,4},{spd,8500}] | W36: 502 | X36: 1 | Z36: [{50021,6}] | AB36: 8500
A37: =Sheet1!E39 -> 503 | B37: =B32+1 -> 7 | C37: 3000 | D37: =VLOOKUP(B37,[1]怪物!$U$34:$W$43,2,0) -> 3150 | E37: =VLOOKUP(A37,[1]怪物!$R$3:$T$13,2,0) -> 15 | F37: =VLOOKUP(A37,$W:$AB,6,0) -> 8500 | H37: =$C$2&C$3&$D$2&C37&$E$2 -> {cd,3000} | I37: =$C$2&D$3&$D$2&D37&$E$2 -> {hp,3150} | J37: =$C$2&E$3&$D$2&E37&$E$2 -> {atk,15} | K37: =$C$2&F$3&$D$2&F37&$E$2 -> {spd,8500} | L37: =IF(VLOOKUP(A37,$W:$AC,7,0)=0,"",VLOOKUP(A37,$W:$AC,7,0)) | O37: ="["&_xlfn.TEXTJOIN(",",1,H37:M37)&"]" -> [{cd,3000},{hp,3150},{atk,15},{spd,8500}] | W37: 503 | AA37: [60001] | AB37: 8500
A38: =Sheet1!E40 -> 503 | B38: =B33+1 -> 7 | C38: 3000 | D38: =VLOOKUP(B38,[1]怪物!$U$34:$W$43,3,0) -> 5250 | E38: =VLOOKUP(A38,[1]怪物!$R$3:$T$13,3,0) -> 30 | F38: =VLOOKUP(A38,$W:$AB,6,0) -> 8500 | H38: =$C$2&C$3&$D$2&C38&$E$2 -> {cd,3000} | I38: =$C$2&D$3&$D$2&D38&$E$2 -> {hp,5250} | J38: =$C$2&E$3&$D$2&E38&$E$2 -> {atk,30} | K38: =$C$2&F$3&$D$2&F38&$E$2 -> {spd,8500} | L38: =IF(VLOOKUP(A38,$W:$AC,7,0)=0,"",VLOOKUP(A38,$W:$AC,7,0)) | O38: ="["&_xlfn.TEXTJOIN(",",1,H38:M38)&"]" -> [{cd,3000},{hp,5250},{atk,30},{spd,8500}] | W38: 504 | AB38: 8500
A39: =Sheet1!E41 -> 103 | B39: =B34+1 -> 8 | C39: 3000 | D39: =VLOOKUP(B39,[1]怪物!$N$34:$Q$43,2,0) -> 160 | E39: =VLOOKUP(A39,[1]怪物!$N$3:$Q$13,4,0) -> 6 | F39: =VLOOKUP(A39,$W:$AB,6,0) -> 8500 | H39: =$C$2&C$3&$D$2&C39&$E$2 -> {cd,3000} | I39: =$C$2&D$3&$D$2&D39&$E$2 -> {hp,160} | J39: =$C$2&E$3&$D$2&E39&$E$2 -> {atk,6} | K39: =$C$2&F$3&$D$2&F39&$E$2 -> {spd,8500} | L39: =IF(VLOOKUP(A39,$W:$AC,7,0)=0,"",VLOOKUP(A39,$W:$AC,7,0)) | O39: ="["&_xlfn.TEXTJOIN(",",1,H39:M39)&"]" -> [{cd,3000},{hp,160},{atk,6},{spd,8500}] | W39: 505 | AB39: 8500
A40: =Sheet1!E42 -> 107 | B40: =B35+1 -> 8 | C40: 3000 | D40: =VLOOKUP(B40,[1]怪物!$N$34:$Q$43,3,0) -> 150 | E40: =VLOOKUP(A40,[1]怪物!$N$3:$Q$13,4,0) -> 4 | F40: =VLOOKUP(A40,$W:$AB,6,0) -> 8500 | H40: =$C$2&C$3&$D$2&C40&$E$2 -> {cd,3000} | I40: =$C$2&D$3&$D$2&D40&$E$2 -> {hp,150} | J40: =$C$2&E$3&$D$2&E40&$E$2 -> {atk,4} | K40: =$C$2&F$3&$D$2&F40&$E$2 -> {spd,8500} | L40: =IF(VLOOKUP(A40,$W:$AC,7,0)=0,"",VLOOKUP(A40,$W:$AC,7,0)) | O40: ="["&_xlfn.TEXTJOIN(",",1,H40:M40)&"]" -> [{cd,3000},{hp,150},{atk,4},{spd,8500}] | W40: 506 | X40: 1 | Y40: 2002 | Z40: [{50022,6}] | AA40: [60002] | AB40: 8500
A41: =Sheet1!E43 -> 106 | B41: =B36+1 -> 8 | C41: 3000 | D41: =VLOOKUP(B41,[1]怪物!$N$34:$Q$43,4,0) -> 140 | E41: =VLOOKUP(A41,[1]怪物!$N$3:$Q$13,4,0) -> 5 | F41: =VLOOKUP(A41,$W:$AB,6,0) -> 8500 | H41: =$C$2&C$3&$D$2&C41&$E$2 -> {cd,3000} | I41: =$C$2&D$3&$D$2&D41&$E$2 -> {hp,140} | J41: =$C$2&E$3&$D$2&E41&$E$2 -> {atk,5} | K41: =$C$2&F$3&$D$2&F41&$E$2 -> {spd,8500} | L41: =IF(VLOOKUP(A41,$W:$AC,7,0)=0,"",VLOOKUP(A41,$W:$AC,7,0)) | O41: ="["&_xlfn.TEXTJOIN(",",1,H41:M41)&"]" -> [{cd,3000},{hp,140},{atk,5},{spd,8500}] | W41: 507 | X41: 1 | Z41: [{50023,6}] | AB41: 8500
A42: =Sheet1!E44 -> 506 | B42: =B37+1 -> 8 | C42: 3000 | D42: =VLOOKUP(B42,[1]怪物!$U$34:$W$43,2,0) -> 3600 | E42: =VLOOKUP(A42,[1]怪物!$R$3:$T$13,2,0) -> 13 | F42: =VLOOKUP(A42,$W:$AB,6,0) -> 8500 | H42: =$C$2&C$3&$D$2&C42&$E$2 -> {cd,3000} | I42: =$C$2&D$3&$D$2&D42&$E$2 -> {hp,3600} | J42: =$C$2&E$3&$D$2&E42&$E$2 -> {atk,13} | K42: =$C$2&F$3&$D$2&F42&$E$2 -> {spd,8500} | L42: =IF(VLOOKUP(A42,$W:$AC,7,0)=0,"",VLOOKUP(A42,$W:$AC,7,0)) | O42: ="["&_xlfn.TEXTJOIN(",",1,H42:M42)&"]" -> [{cd,3000},{hp,3600},{atk,13},{spd,8500}] | W42: 508 | AB42: 8500
A43: =Sheet1!E45 -> 506 | B43: =B38+1 -> 8 | C43: 3000 | D43: =VLOOKUP(B43,[1]怪物!$U$34:$W$43,3,0) -> 6000 | E43: =VLOOKUP(A43,[1]怪物!$R$3:$T$13,3,0) -> 26 | F43: =VLOOKUP(A43,$W:$AB,6,0) -> 8500 | H43: =$C$2&C$3&$D$2&C43&$E$2 -> {cd,3000} | I43: =$C$2&D$3&$D$2&D43&$E$2 -> {hp,6000} | J43: =$C$2&E$3&$D$2&E43&$E$2 -> {atk,26} | K43: =$C$2&F$3&$D$2&F43&$E$2 -> {spd,8500} | L43: =IF(VLOOKUP(A43,$W:$AC,7,0)=0,"",VLOOKUP(A43,$W:$AC,7,0)) | O43: ="["&_xlfn.TEXTJOIN(",",1,H43:M43)&"]" -> [{cd,3000},{hp,6000},{atk,26},{spd,8500}] | W43: 509 | X43: 1 | Z43: [{50024,6}] | AB43: 8500
A44: =Sheet1!E46 -> 108 | B44: =B39+1 -> 9 | C44: 3000 | D44: =VLOOKUP(B44,[1]怪物!$N$34:$Q$43,2,0) -> 180 | E44: =VLOOKUP(A44,[1]怪物!$N$3:$Q$13,4,0) -> 10 | F44: =VLOOKUP(A44,$W:$AB,6,0) -> 8500 | H44: =$C$2&C$3&$D$2&C44&$E$2 -> {cd,3000} | I44: =$C$2&D$3&$D$2&D44&$E$2 -> {hp,180} | J44: =$C$2&E$3&$D$2&E44&$E$2 -> {atk,10} | K44: =$C$2&F$3&$D$2&F44&$E$2 -> {spd,8500} | L44: =IF(VLOOKUP(A44,$W:$AC,7,0)=0,"",VLOOKUP(A44,$W:$AC,7,0)) | O44: ="["&_xlfn.TEXTJOIN(",",1,H44:M44)&"]" -> [{cd,3000},{hp,180},{atk,10},{spd,8500}] | W44: 510 | AB44: 8500
A45: =Sheet1!E47 -> 109 | B45: =B40+1 -> 9 | C45: 3000 | D45: =VLOOKUP(B45,[1]怪物!$N$34:$Q$43,3,0) -> 170 | E45: =VLOOKUP(A45,[1]怪物!$N$3:$Q$13,4,0) -> 4 | F45: =VLOOKUP(A45,$W:$AB,6,0) -> 8500 | H45: =$C$2&C$3&$D$2&C45&$E$2 -> {cd,3000} | I45: =$C$2&D$3&$D$2&D45&$E$2 -> {hp,170} | J45: =$C$2&E$3&$D$2&E45&$E$2 -> {atk,4} | K45: =$C$2&F$3&$D$2&F45&$E$2 -> {spd,8500} | L45: =IF(VLOOKUP(A45,$W:$AC,7,0)=0,"",VLOOKUP(A45,$W:$AC,7,0)) | O45: ="["&_xlfn.TEXTJOIN(",",1,H45:M45)&"]" -> [{cd,3000},{hp,170},{atk,4},{spd,8500}] | W45: 511 | AB45: 8500
A46: =Sheet1!E48 -> 109 | B46: =B41+1 -> 9 | C46: 3000 | D46: =VLOOKUP(B46,[1]怪物!$N$34:$Q$43,4,0) -> 160 | E46: =VLOOKUP(A46,[1]怪物!$N$3:$Q$13,4,0) -> 4 | F46: =VLOOKUP(A46,$W:$AB,6,0) -> 8500 | H46: =$C$2&C$3&$D$2&C46&$E$2 -> {cd,3000} | I46: =$C$2&D$3&$D$2&D46&$E$2 -> {hp,160} | J46: =$C$2&E$3&$D$2&E46&$E$2 -> {atk,4} | K46: =$C$2&F$3&$D$2&F46&$E$2 -> {spd,8500} | L46: =IF(VLOOKUP(A46,$W:$AC,7,0)=0,"",VLOOKUP(A46,$W:$AC,7,0)) | O46: ="["&_xlfn.TEXTJOIN(",",1,H46:M46)&"]" -> [{cd,3000},{hp,160},{atk,4},{spd,8500}] | W46: 512 | X46: 1 | Z46: [{50025,6}] | AB46: 8500
A47: =Sheet1!E49 -> 508 | B47: =B42+1 -> 9 | C47: 3000 | D47: =VLOOKUP(B47,[1]怪物!$U$34:$W$43,2,0) -> 4050 | E47: =VLOOKUP(A47,[1]怪物!$R$3:$T$13,2,0) -> 25 | F47: =VLOOKUP(A47,$W:$AB,6,0) -> 8500 | H47: =$C$2&C$3&$D$2&C47&$E$2 -> {cd,3000} | I47: =$C$2&D$3&$D$2&D47&$E$2 -> {hp,4050} | J47: =$C$2&E$3&$D$2&E47&$E$2 -> {atk,25} | K47: =$C$2&F$3&$D$2&F47&$E$2 -> {spd,8500} | L47: =IF(VLOOKUP(A47,$W:$AC,7,0)=0,"",VLOOKUP(A47,$W:$AC,7,0)) | O47: ="["&_xlfn.TEXTJOIN(",",1,H47:M47)&"]" -> [{cd,3000},{hp,4050},{atk,25},{spd,8500}] | W47: 513 | X47: 1 | Z47: [{50026,6}] | AA47: [60005] | AB47: 8500
A48: =Sheet1!E50 -> 508 | B48: =B43+1 -> 9 | C48: 3000 | D48: =VLOOKUP(B48,[1]怪物!$U$34:$W$43,3,0) -> 6750 | E48: =VLOOKUP(A48,[1]怪物!$R$3:$T$13,3,0) -> 50 | F48: =VLOOKUP(A48,$W:$AB,6,0) -> 8500 | H48: =$C$2&C$3&$D$2&C48&$E$2 -> {cd,3000} | I48: =$C$2&D$3&$D$2&D48&$E$2 -> {hp,6750} | J48: =$C$2&E$3&$D$2&E48&$E$2 -> {atk,50} | K48: =$C$2&F$3&$D$2&F48&$E$2 -> {spd,8500} | L48: =IF(VLOOKUP(A48,$W:$AC,7,0)=0,"",VLOOKUP(A48,$W:$AC,7,0)) | O48: ="["&_xlfn.TEXTJOIN(",",1,H48:M48)&"]" -> [{cd,3000},{hp,6750},{atk,50},{spd,8500}] | W48: 514 | AB48: 8500
A49: =Sheet1!E51 -> 108 | B49: =B44+1 -> 10 | C49: 3000 | D49: =VLOOKUP(B49,[1]怪物!$N$34:$Q$43,2,0) -> 200 | E49: =VLOOKUP(A49,[1]怪物!$N$3:$Q$13,4,0) -> 10 | F49: =VLOOKUP(A49,$W:$AB,6,0) -> 8500 | H49: =$C$2&C$3&$D$2&C49&$E$2 -> {cd,3000} | I49: =$C$2&D$3&$D$2&D49&$E$2 -> {hp,200} | J49: =$C$2&E$3&$D$2&E49&$E$2 -> {atk,10} | K49: =$C$2&F$3&$D$2&F49&$E$2 -> {spd,8500} | L49: =IF(VLOOKUP(A49,$W:$AC,7,0)=0,"",VLOOKUP(A49,$W:$AC,7,0)) | O49: ="["&_xlfn.TEXTJOIN(",",1,H49:M49)&"]" -> [{cd,3000},{hp,200},{atk,10},{spd,8500}] | W49: 515 | AB49: 8500
A50: =Sheet1!E52 -> 109 | B50: =B45+1 -> 10 | C50: 3000 | D50: =VLOOKUP(B50,[1]怪物!$N$34:$Q$43,3,0) -> 190 | E50: =VLOOKUP(A50,[1]怪物!$N$3:$Q$13,4,0) -> 4 | F50: =VLOOKUP(A50,$W:$AB,6,0) -> 8500 | H50: =$C$2&C$3&$D$2&C50&$E$2 -> {cd,3000} | I50: =$C$2&D$3&$D$2&D50&$E$2 -> {hp,190} | J50: =$C$2&E$3&$D$2&E50&$E$2 -> {atk,4} | K50: =$C$2&F$3&$D$2&F50&$E$2 -> {spd,8500} | L50: =IF(VLOOKUP(A50,$W:$AC,7,0)=0,"",VLOOKUP(A50,$W:$AC,7,0)) | O50: ="["&_xlfn.TEXTJOIN(",",1,H50:M50)&"]" -> [{cd,3000},{hp,190},{atk,4},{spd,8500}] | W50: 516 | AA50: [60007] | AB50: 8500
A51: =Sheet1!E53 -> 110 | B51: =B46+1 -> 10 | C51: 3000 | D51: =VLOOKUP(B51,[1]怪物!$N$34:$Q$43,4,0) -> 180 | E51: =VLOOKUP(A51,[1]怪物!$N$3:$Q$13,4,0) -> 10 | F51: =VLOOKUP(A51,$W:$AB,6,0) -> 8500 | H51: =$C$2&C$3&$D$2&C51&$E$2 -> {cd,3000} | I51: =$C$2&D$3&$D$2&D51&$E$2 -> {hp,180} | J51: =$C$2&E$3&$D$2&E51&$E$2 -> {atk,10} | K51: =$C$2&F$3&$D$2&F51&$E$2 -> {spd,8500} | L51: =IF(VLOOKUP(A51,$W:$AC,7,0)=0,"",VLOOKUP(A51,$W:$AC,7,0)) | O51: ="["&_xlfn.TEXTJOIN(",",1,H51:M51)&"]" -> [{cd,3000},{hp,180},{atk,10},{spd,8500}] | W51: 517 | AB51: 8500 | AC51: {downUnderPhAtk,5000}
A52: =Sheet1!E54 -> 509 | B52: =B47+1 -> 10 | C52: 3000 | D52: =VLOOKUP(B52,[1]怪物!$U$34:$W$43,2,0) -> 8438 | E52: =VLOOKUP(A52,[1]怪物!$R$3:$T$13,2,0) -> 14 | F52: =VLOOKUP(A52,$W:$AB,6,0) -> 8500 | H52: =$C$2&C$3&$D$2&C52&$E$2 -> {cd,3000} | I52: =$C$2&D$3&$D$2&D52&$E$2 -> {hp,8438} | J52: =$C$2&E$3&$D$2&E52&$E$2 -> {atk,14} | K52: =$C$2&F$3&$D$2&F52&$E$2 -> {spd,8500} | L52: =IF(VLOOKUP(A52,$W:$AC,7,0)=0,"",VLOOKUP(A52,$W:$AC,7,0)) | O52: ="["&_xlfn.TEXTJOIN(",",1,H52:M52)&"]" -> [{cd,3000},{hp,8438},{atk,14},{spd,8500}] | W52: 518 | X52: 1 | Z52: [{50027,6}] | AA52: [60009] | AB52: 8500
A53: =Sheet1!E55 -> 509 | B53: =B48+1 -> 10 | C53: 3000 | D53: =VLOOKUP(B53,[1]怪物!$U$34:$W$43,3,0) -> 11250 | E53: =VLOOKUP(A53,[1]怪物!$R$3:$T$13,3,0) -> 28 | F53: =VLOOKUP(A53,$W:$AB,6,0) -> 8500 | H53: =$C$2&C$3&$D$2&C53&$E$2 -> {cd,3000} | I53: =$C$2&D$3&$D$2&D53&$E$2 -> {hp,11250} | J53: =$C$2&E$3&$D$2&E53&$E$2 -> {atk,28} | K53: =$C$2&F$3&$D$2&F53&$E$2 -> {spd,8500} | L53: =IF(VLOOKUP(A53,$W:$AC,7,0)=0,"",VLOOKUP(A53,$W:$AC,7,0)) | O53: ="["&_xlfn.TEXTJOIN(",",1,H53:M53)&"]" -> [{cd,3000},{hp,11250},{atk,28},{spd,8500}] | W53: 519 | X53: 1 | Z53: [{50028,6}] | AB53: 8500 | AC53: {downUnderMagicAtk,5000}
A54: 101 | B54: =B49+1 -> 11 | C54: 3000 | D54: =VLOOKUP(B54,[1]怪物!$N$34:$Q$47,2,0) -> 240 | E54: =VLOOKUP(A54,[1]怪物!$V$3:$Y$13,4,0) -> 9 | F54: =VLOOKUP(A54,$W:$AB,6,0) -> 8500 | H54: =$C$2&C$3&$D$2&C54&$E$2 -> {cd,3000} | I54: =$C$2&D$3&$D$2&D54&$E$2 -> {hp,240} | J54: =$C$2&E$3&$D$2&E54&$E$2 -> {atk,9} | K54: =$C$2&F$3&$D$2&F54&$E$2 -> {spd,8500} | L54: =IF(VLOOKUP(A54,$W:$AC,7,0)=0,"",VLOOKUP(A54,$W:$AC,7,0)) | O54: ="["&_xlfn.TEXTJOIN(",",1,H54:M54)&"]" -> [{cd,3000},{hp,240},{atk,9},{spd,8500}] | W54: 520 | AB54: 8500
A55: 100 | B55: =B50+1 -> 11 | C55: 3000 | D55: =VLOOKUP(B55,[1]怪物!$N$34:$Q$47,3,0) -> 230 | E55: =VLOOKUP(A55,[1]怪物!$V$3:$Y$13,4,0) -> 6 | F55: =VLOOKUP(A55,$W:$AB,6,0) -> 8500 | H55: =$C$2&C$3&$D$2&C55&$E$2 -> {cd,3000} | I55: =$C$2&D$3&$D$2&D55&$E$2 -> {hp,230} | J55: =$C$2&E$3&$D$2&E55&$E$2 -> {atk,6} | K55: =$C$2&F$3&$D$2&F55&$E$2 -> {spd,8500} | L55: =IF(VLOOKUP(A55,$W:$AC,7,0)=0,"",VLOOKUP(A55,$W:$AC,7,0)) | O55: ="["&_xlfn.TEXTJOIN(",",1,H55:M55)&"]" -> [{cd,3000},{hp,230},{atk,6},{spd,8500}] | W55: 521 | AB55: 8500 | AC55: {firingDmgDown,5000}
A56: 102 | B56: =B51+1 -> 11 | C56: 3000 | D56: =VLOOKUP(B56,[1]怪物!$N$34:$Q$47,4,0) -> 220 | E56: =VLOOKUP(A56,[1]怪物!$V$3:$Y$13,4,0) -> 5 | F56: =VLOOKUP(A56,$W:$AB,6,0) -> 8500 | H56: =$C$2&C$3&$D$2&C56&$E$2 -> {cd,3000} | I56: =$C$2&D$3&$D$2&D56&$E$2 -> {hp,220} | J56: =$C$2&E$3&$D$2&E56&$E$2 -> {atk,5} | K56: =$C$2&F$3&$D$2&F56&$E$2 -> {spd,8500} | L56: =IF(VLOOKUP(A56,$W:$AC,7,0)=0,"",VLOOKUP(A56,$W:$AC,7,0)) | O56: ="["&_xlfn.TEXTJOIN(",",1,H56:M56)&"]" -> [{cd,3000},{hp,220},{atk,5},{spd,8500}] | W56: 522 | AA56: [60011,60012] | AB56: 8500
A57: 501 | B57: =B52+1 -> 11 | C57: 3000 | D57: =VLOOKUP(B57,[1]怪物!$U$34:$W$47,2,0) -> 10125 | E57: =VLOOKUP(A57,[1]怪物!$Z$3:$AB$13,2,0) -> 45 | F57: =VLOOKUP(A57,$W:$AB,6,0) -> 8500 | H57: =$C$2&C$3&$D$2&C57&$E$2 -> {cd,3000} | I57: =$C$2&D$3&$D$2&D57&$E$2 -> {hp,10125} | J57: =$C$2&E$3&$D$2&E57&$E$2 -> {atk,45} | K57: =$C$2&F$3&$D$2&F57&$E$2 -> {spd,8500} | L57: =IF(VLOOKUP(A57,$W:$AC,7,0)=0,"",VLOOKUP(A57,$W:$AC,7,0)) | O57: ="["&_xlfn.TEXTJOIN(",",1,H57:M57)&"]" -> [{cd,3000},{hp,10125},{atk,45},{spd,8500}] | W57: 523 | X57: 1 | Z57: [{50029,6}] | AA57: [60010] | AB57: 8500
A58: 501 | B58: =B53+1 -> 11 | C58: 3000 | D58: =VLOOKUP(B58,[1]怪物!$U$34:$W$47,3,0) -> 13500 | E58: =VLOOKUP(A58,[1]怪物!$Z$3:$AB$13,3,0) -> 90 | F58: =VLOOKUP(A58,$W:$AB,6,0) -> 8500 | H58: =$C$2&C$3&$D$2&C58&$E$2 -> {cd,3000} | I58: =$C$2&D$3&$D$2&D58&$E$2 -> {hp,13500} | J58: =$C$2&E$3&$D$2&E58&$E$2 -> {atk,90} | K58: =$C$2&F$3&$D$2&F58&$E$2 -> {spd,8500} | L58: =IF(VLOOKUP(A58,$W:$AC,7,0)=0,"",VLOOKUP(A58,$W:$AC,7,0)) | O58: ="["&_xlfn.TEXTJOIN(",",1,H58:M58)&"]" -> [{cd,3000},{hp,13500},{atk,90},{spd,8500}] | W58: 524 | AA58: [60013] | AB58: 8500 | AC58: {downCritDmg,5000},{resRate,2000}
A59: 101 | B59: =B54+1 -> 12 | C59: 3000 | D59: =VLOOKUP(B59,[1]怪物!$N$34:$Q$47,2,0) -> 280 | E59: =VLOOKUP(A59,[1]怪物!$V$3:$Y$13,4,0) -> 9 | F59: =VLOOKUP(A59,$W:$AB,6,0) -> 8500 | H59: =$C$2&C$3&$D$2&C59&$E$2 -> {cd,3000} | I59: =$C$2&D$3&$D$2&D59&$E$2 -> {hp,280} | J59: =$C$2&E$3&$D$2&E59&$E$2 -> {atk,9} | K59: =$C$2&F$3&$D$2&F59&$E$2 -> {spd,8500} | L59: =IF(VLOOKUP(A59,$W:$AC,7,0)=0,"",VLOOKUP(A59,$W:$AC,7,0)) | O59: ="["&_xlfn.TEXTJOIN(",",1,H59:M59)&"]" -> [{cd,3000},{hp,280},{atk,9},{spd,8500}] | W59: 525 | AA59: [60016] | AB59: 8500
A60: 100 | B60: =B55+1 -> 12 | C60: 3000 | D60: =VLOOKUP(B60,[1]怪物!$N$34:$Q$47,3,0) -> 270 | E60: =VLOOKUP(A60,[1]怪物!$V$3:$Y$13,4,0) -> 6 | F60: =VLOOKUP(A60,$W:$AB,6,0) -> 8500 | H60: =$C$2&C$3&$D$2&C60&$E$2 -> {cd,3000} | I60: =$C$2&D$3&$D$2&D60&$E$2 -> {hp,270} | J60: =$C$2&E$3&$D$2&E60&$E$2 -> {atk,6} | K60: =$C$2&F$3&$D$2&F60&$E$2 -> {spd,8500} | L60: =IF(VLOOKUP(A60,$W:$AC,7,0)=0,"",VLOOKUP(A60,$W:$AC,7,0)) | O60: ="["&_xlfn.TEXTJOIN(",",1,H60:M60)&"]" -> [{cd,3000},{hp,270},{atk,6},{spd,8500}] | W60: 526 | X60: 1 | Z60: [{50032,6}] | AA60: [60014] | AB60: 8500 | AC60: {miss,1500}
A61: 102 | B61: =B56+1 -> 12 | C61: 3000 | D61: =VLOOKUP(B61,[1]怪物!$N$34:$Q$47,4,0) -> 260 | E61: =VLOOKUP(A61,[1]怪物!$V$3:$Y$13,4,0) -> 5 | F61: =VLOOKUP(A61,$W:$AB,6,0) -> 8500 | H61: =$C$2&C$3&$D$2&C61&$E$2 -> {cd,3000} | I61: =$C$2&D$3&$D$2&D61&$E$2 -> {hp,260} | J61: =$C$2&E$3&$D$2&E61&$E$2 -> {atk,5} | K61: =$C$2&F$3&$D$2&F61&$E$2 -> {spd,8500} | L61: =IF(VLOOKUP(A61,$W:$AC,7,0)=0,"",VLOOKUP(A61,$W:$AC,7,0)) | O61: ="["&_xlfn.TEXTJOIN(",",1,H61:M61)&"]" -> [{cd,3000},{hp,260},{atk,5},{spd,8500}] | W61: 527 | AA61: [60015] | AB61: 8500
A62: 502 | B62: =B57+1 -> 12 | C62: 3000 | D62: =VLOOKUP(B62,[1]怪物!$U$34:$W$47,2,0) -> 11813 | E62: =VLOOKUP(A62,[1]怪物!$Z$3:$AB$13,2,0) -> 25 | F62: =VLOOKUP(A62,$W:$AB,6,0) -> 8500 | H62: =$C$2&C$3&$D$2&C62&$E$2 -> {cd,3000} | I62: =$C$2&D$3&$D$2&D62&$E$2 -> {hp,11813} | J62: =$C$2&E$3&$D$2&E62&$E$2 -> {atk,25} | K62: =$C$2&F$3&$D$2&F62&$E$2 -> {spd,8500} | L62: =IF(VLOOKUP(A62,$W:$AC,7,0)=0,"",VLOOKUP(A62,$W:$AC,7,0)) | O62: ="["&_xlfn.TEXTJOIN(",",1,H62:M62)&"]" -> [{cd,3000},{hp,11813},{atk,25},{spd,8500}] | W62: 528 | AA62: [60017] | AB62: 8500 | AC62: {upUnderPhAtk,8000}
A63: 502 | B63: =B58+1 -> 12 | C63: 3000 | D63: =VLOOKUP(B63,[1]怪物!$U$34:$W$47,3,0) -> 15750 | E63: =VLOOKUP(A63,[1]怪物!$Z$3:$AB$13,3,0) -> 50 | F63: =VLOOKUP(A63,$W:$AB,6,0) -> 8500 | H63: =$C$2&C$3&$D$2&C63&$E$2 -> {cd,3000} | I63: =$C$2&D$3&$D$2&D63&$E$2 -> {hp,15750} | J63: =$C$2&E$3&$D$2&E63&$E$2 -> {atk,50} | K63: =$C$2&F$3&$D$2&F63&$E$2 -> {spd,8500} | L63: =IF(VLOOKUP(A63,$W:$AC,7,0)=0,"",VLOOKUP(A63,$W:$AC,7,0)) | O63: ="["&_xlfn.TEXTJOIN(",",1,H63:M63)&"]" -> [{cd,3000},{hp,15750},{atk,50},{spd,8500}] | W63: 529 | AB63: 8500
A64: 103 | B64: =B59+1 -> 13 | C64: 3000 | D64: =VLOOKUP(B64,[1]怪物!$N$34:$Q$47,2,0) -> 320 | E64: =VLOOKUP(A64,[1]怪物!$V$3:$Y$13,4,0) -> 9 | F64: =VLOOKUP(A64,$W:$AB,6,0) -> 8500 | H64: =$C$2&C$3&$D$2&C64&$E$2 -> {cd,3000} | I64: =$C$2&D$3&$D$2&D64&$E$2 -> {hp,320} | J64: =$C$2&E$3&$D$2&E64&$E$2 -> {atk,9} | K64: =$C$2&F$3&$D$2&F64&$E$2 -> {spd,8500} | L64: =IF(VLOOKUP(A64,$W:$AC,7,0)=0,"",VLOOKUP(A64,$W:$AC,7,0)) | O64: ="["&_xlfn.TEXTJOIN(",",1,H64:M64)&"]" -> [{cd,3000},{hp,320},{atk,9},{spd,8500}] | W64: 530 | AB64: 8500
A65: 104 | B65: =B60+1 -> 13 | C65: 3000 | D65: =VLOOKUP(B65,[1]怪物!$N$34:$Q$47,3,0) -> 310 | E65: =VLOOKUP(A65,[1]怪物!$V$3:$Y$13,4,0) -> 14 | F65: =VLOOKUP(A65,$W:$AB,6,0) -> 8500 | H65: =$C$2&C$3&$D$2&C65&$E$2 -> {cd,3000} | I65: =$C$2&D$3&$D$2&D65&$E$2 -> {hp,310} | J65: =$C$2&E$3&$D$2&E65&$E$2 -> {atk,14} | K65: =$C$2&F$3&$D$2&F65&$E$2 -> {spd,8500} | L65: =IF(VLOOKUP(A65,$W:$AC,7,0)=0,"",VLOOKUP(A65,$W:$AC,7,0)) | O65: ="["&_xlfn.TEXTJOIN(",",1,H65:M65)&"]" -> [{cd,3000},{hp,310},{atk,14},{spd,8500}]
A66: 100 | B66: =B61+1 -> 13 | C66: 3000 | D66: =VLOOKUP(B66,[1]怪物!$N$34:$Q$47,4,0) -> 300 | E66: =VLOOKUP(A66,[1]怪物!$V$3:$Y$13,4,0) -> 6 | F66: =VLOOKUP(A66,$W:$AB,6,0) -> 8500 | H66: =$C$2&C$3&$D$2&C66&$E$2 -> {cd,3000} | I66: =$C$2&D$3&$D$2&D66&$E$2 -> {hp,300} | J66: =$C$2&E$3&$D$2&E66&$E$2 -> {atk,6} | K66: =$C$2&F$3&$D$2&F66&$E$2 -> {spd,8500} | L66: =IF(VLOOKUP(A66,$W:$AC,7,0)=0,"",VLOOKUP(A66,$W:$AC,7,0)) | O66: ="["&_xlfn.TEXTJOIN(",",1,H66:M66)&"]" -> [{cd,3000},{hp,300},{atk,6},{spd,8500}]
A67: 504 | B67: =B62+1 -> 13 | C67: 3000 | D67: =VLOOKUP(B67,[1]怪物!$U$34:$W$47,2,0) -> 13500 | E67: =VLOOKUP(A67,[1]怪物!$Z$3:$AB$13,2,0) -> 70 | F67: =VLOOKUP(A67,$W:$AB,6,0) -> 8500 | H67: =$C$2&C$3&$D$2&C67&$E$2 -> {cd,3000} | I67: =$C$2&D$3&$D$2&D67&$E$2 -> {hp,13500} | J67: =$C$2&E$3&$D$2&E67&$E$2 -> {atk,70} | K67: =$C$2&F$3&$D$2&F67&$E$2 -> {spd,8500} | L67: =IF(VLOOKUP(A67,$W:$AC,7,0)=0,"",VLOOKUP(A67,$W:$AC,7,0)) | O67: ="["&_xlfn.TEXTJOIN(",",1,H67:M67)&"]" -> [{cd,3000},{hp,13500},{atk,70},{spd,8500}]
A68: 504 | B68: =B63+1 -> 13 | C68: 3000 | D68: =VLOOKUP(B68,[1]怪物!$U$34:$W$47,3,0) -> 18000 | E68: =VLOOKUP(A68,[1]怪物!$Z$3:$AB$13,3,0) -> 140 | F68: =VLOOKUP(A68,$W:$AB,6,0) -> 8500 | H68: =$C$2&C$3&$D$2&C68&$E$2 -> {cd,3000} | I68: =$C$2&D$3&$D$2&D68&$E$2 -> {hp,18000} | J68: =$C$2&E$3&$D$2&E68&$E$2 -> {atk,140} | K68: =$C$2&F$3&$D$2&F68&$E$2 -> {spd,8500} | L68: =IF(VLOOKUP(A68,$W:$AC,7,0)=0,"",VLOOKUP(A68,$W:$AC,7,0)) | O68: ="["&_xlfn.TEXTJOIN(",",1,H68:M68)&"]" -> [{cd,3000},{hp,18000},{atk,140},{spd,8500}]
A69: 103 | B69: =B64+1 -> 14 | C69: 3000 | D69: =VLOOKUP(B69,[1]怪物!$N$34:$Q$63,2,0) -> 360 | E69: =VLOOKUP(A69,[1]怪物!$V$3:$Y$18,4,0) -> 9 | F69: =VLOOKUP(A69,$W:$AB,6,0) -> 8500 | H69: =$C$2&C$3&$D$2&C69&$E$2 -> {cd,3000} | I69: =$C$2&D$3&$D$2&D69&$E$2 -> {hp,360} | J69: =$C$2&E$3&$D$2&E69&$E$2 -> {atk,9} | K69: =$C$2&F$3&$D$2&F69&$E$2 -> {spd,8500} | L69: =IF(VLOOKUP(A69,$W:$AC,7,0)=0,"",VLOOKUP(A69,$W:$AC,7,0)) | O69: ="["&_xlfn.TEXTJOIN(",",1,H69:M69)&"]" -> [{cd,3000},{hp,360},{atk,9},{spd,8500}]
A70: 104 | B70: =B65+1 -> 14 | C70: 3000 | D70: =VLOOKUP(B70,[1]怪物!$N$34:$Q$63,3,0) -> 432 | E70: =VLOOKUP(A70,[1]怪物!$V$3:$Y$18,4,0) -> 14 | F70: =VLOOKUP(A70,$W:$AB,6,0) -> 8500 | H70: =$C$2&C$3&$D$2&C70&$E$2 -> {cd,3000} | I70: =$C$2&D$3&$D$2&D70&$E$2 -> {hp,432} | J70: =$C$2&E$3&$D$2&E70&$E$2 -> {atk,14} | K70: =$C$2&F$3&$D$2&F70&$E$2 -> {spd,8500} | L70: =IF(VLOOKUP(A70,$W:$AC,7,0)=0,"",VLOOKUP(A70,$W:$AC,7,0)) | O70: ="["&_xlfn.TEXTJOIN(",",1,H70:M70)&"]" -> [{cd,3000},{hp,432},{atk,14},{spd,8500}]
A71: 106 | B71: =B66+1 -> 14 | C71: 3000 | D71: =VLOOKUP(B71,[1]怪物!$N$34:$Q$63,4,0) -> 540 | E71: =VLOOKUP(A71,[1]怪物!$V$3:$Y$18,4,0) -> 8 | F71: =VLOOKUP(A71,$W:$AB,6,0) -> 8500 | H71: =$C$2&C$3&$D$2&C71&$E$2 -> {cd,3000} | I71: =$C$2&D$3&$D$2&D71&$E$2 -> {hp,540} | J71: =$C$2&E$3&$D$2&E71&$E$2 -> {atk,8} | K71: =$C$2&F$3&$D$2&F71&$E$2 -> {spd,8500} | L71: =IF(VLOOKUP(A71,$W:$AC,7,0)=0,"",VLOOKUP(A71,$W:$AC,7,0)) | O71: ="["&_xlfn.TEXTJOIN(",",1,H71:M71)&"]" -> [{cd,3000},{hp,540},{atk,8},{spd,8500}]
A72: 503 | B72: =B67+1 -> 14 | C72: 3000 | D72: =VLOOKUP(B72,[1]怪物!$U$34:$W$63,2,0) -> 15188 | E72: =VLOOKUP(A72,[1]怪物!$Z$3:$AB$18,2,0) -> 45 | F72: =VLOOKUP(A72,$W:$AB,6,0) -> 8500 | H72: =$C$2&C$3&$D$2&C72&$E$2 -> {cd,3000} | I72: =$C$2&D$3&$D$2&D72&$E$2 -> {hp,15188} | J72: =$C$2&E$3&$D$2&E72&$E$2 -> {atk,45} | K72: =$C$2&F$3&$D$2&F72&$E$2 -> {spd,8500} | L72: =IF(VLOOKUP(A72,$W:$AC,7,0)=0,"",VLOOKUP(A72,$W:$AC,7,0)) | O72: ="["&_xlfn.TEXTJOIN(",",1,H72:M72)&"]" -> [{cd,3000},{hp,15188},{atk,45},{spd,8500}]
A73: 503 | B73: =B68+1 -> 14 | C73: 3000 | D73: =VLOOKUP(B73,[1]怪物!$U$34:$W$63,3,0) -> 20250 | E73: =VLOOKUP(A73,[1]怪物!$Z$3:$AB$18,3,0) -> 90 | F73: =VLOOKUP(A73,$W:$AB,6,0) -> 8500 | H73: =$C$2&C$3&$D$2&C73&$E$2 -> {cd,3000} | I73: =$C$2&D$3&$D$2&D73&$E$2 -> {hp,20250} | J73: =$C$2&E$3&$D$2&E73&$E$2 -> {atk,90} | K73: =$C$2&F$3&$D$2&F73&$E$2 -> {spd,8500} | L73: =IF(VLOOKUP(A73,$W:$AC,7,0)=0,"",VLOOKUP(A73,$W:$AC,7,0)) | O73: ="["&_xlfn.TEXTJOIN(",",1,H73:M73)&"]" -> [{cd,3000},{hp,20250},{atk,90},{spd,8500}]
A74: 108 | B74: =B69+1 -> 15 | C74: 3000 | D74: =VLOOKUP(B74,[1]怪物!$N$34:$Q$63,2,0) -> 400 | E74: =VLOOKUP(A74,[1]怪物!$V$3:$Y$18,4,0) -> 15 | F74: =VLOOKUP(A74,$W:$AB,6,0) -> 8500 | H74: =$C$2&C$3&$D$2&C74&$E$2 -> {cd,3000} | I74: =$C$2&D$3&$D$2&D74&$E$2 -> {hp,400} | J74: =$C$2&E$3&$D$2&E74&$E$2 -> {atk,15} | K74: =$C$2&F$3&$D$2&F74&$E$2 -> {spd,8500} | L74: =IF(VLOOKUP(A74,$W:$AC,7,0)=0,"",VLOOKUP(A74,$W:$AC,7,0)) | O74: ="["&_xlfn.TEXTJOIN(",",1,H74:M74)&"]" -> [{cd,3000},{hp,400},{atk,15},{spd,8500}]
A75: 110 | B75: =B70+1 -> 15 | C75: 3000 | D75: =VLOOKUP(B75,[1]怪物!$N$34:$Q$63,3,0) -> 480 | E75: =VLOOKUP(A75,[1]怪物!$V$3:$Y$18,4,0) -> 15 | F75: =VLOOKUP(A75,$W:$AB,6,0) -> 8500 | H75: =$C$2&C$3&$D$2&C75&$E$2 -> {cd,3000} | I75: =$C$2&D$3&$D$2&D75&$E$2 -> {hp,480} | J75: =$C$2&E$3&$D$2&E75&$E$2 -> {atk,15} | K75: =$C$2&F$3&$D$2&F75&$E$2 -> {spd,8500} | L75: =IF(VLOOKUP(A75,$W:$AC,7,0)=0,"",VLOOKUP(A75,$W:$AC,7,0)) | O75: ="["&_xlfn.TEXTJOIN(",",1,H75:M75)&"]" -> [{cd,3000},{hp,480},{atk,15},{spd,8500}]
A76: 114 | B76: =B71+1 -> 15 | C76: 3000 | D76: =VLOOKUP(B76,[1]怪物!$N$34:$Q$63,4,0) -> 600 | E76: =VLOOKUP(A76,[1]怪物!$V$3:$Y$18,4,0) -> 8 | F76: =VLOOKUP(A76,$W:$AB,6,0) -> 8500 | H76: =$C$2&C$3&$D$2&C76&$E$2 -> {cd,3000} | I76: =$C$2&D$3&$D$2&D76&$E$2 -> {hp,600} | J76: =$C$2&E$3&$D$2&E76&$E$2 -> {atk,8} | K76: =$C$2&F$3&$D$2&F76&$E$2 -> {spd,8500} | L76: =IF(VLOOKUP(A76,$W:$AC,7,0)=0,"",VLOOKUP(A76,$W:$AC,7,0)) | O76: ="["&_xlfn.TEXTJOIN(",",1,H76:M76)&"]" -> [{cd,3000},{hp,600},{atk,8},{spd,8500}]
A77: 508 | B77: =B72+1 -> 15 | C77: 3000 | D77: =VLOOKUP(B77,[1]怪物!$U$34:$W$63,2,0) -> 16875 | E77: =VLOOKUP(A77,[1]怪物!$Z$3:$AB$18,2,0) -> 75 | F77: =VLOOKUP(A77,$W:$AB,6,0) -> 8500 | H77: =$C$2&C$3&$D$2&C77&$E$2 -> {cd,3000} | I77: =$C$2&D$3&$D$2&D77&$E$2 -> {hp,16875} | J77: =$C$2&E$3&$D$2&E77&$E$2 -> {atk,75} | K77: =$C$2&F$3&$D$2&F77&$E$2 -> {spd,8500} | L77: =IF(VLOOKUP(A77,$W:$AC,7,0)=0,"",VLOOKUP(A77,$W:$AC,7,0)) | O77: ="["&_xlfn.TEXTJOIN(",",1,H77:M77)&"]" -> [{cd,3000},{hp,16875},{atk,75},{spd,8500}]
A78: 508 | B78: =B73+1 -> 15 | C78: 3000 | D78: =VLOOKUP(B78,[1]怪物!$U$34:$W$63,3,0) -> 22500 | E78: =VLOOKUP(A78,[1]怪物!$Z$3:$AB$18,3,0) -> 150 | F78: =VLOOKUP(A78,$W:$AB,6,0) -> 8500 | H78: =$C$2&C$3&$D$2&C78&$E$2 -> {cd,3000} | I78: =$C$2&D$3&$D$2&D78&$E$2 -> {hp,22500} | J78: =$C$2&E$3&$D$2&E78&$E$2 -> {atk,150} | K78: =$C$2&F$3&$D$2&F78&$E$2 -> {spd,8500} | L78: =IF(VLOOKUP(A78,$W:$AC,7,0)=0,"",VLOOKUP(A78,$W:$AC,7,0)) | O78: ="["&_xlfn.TEXTJOIN(",",1,H78:M78)&"]" -> [{cd,3000},{hp,22500},{atk,150},{spd,8500}]
A79: 110 | B79: =B74+1 -> 16 | C79: 3000 | D79: =VLOOKUP(B79,[1]怪物!$N$34:$Q$63,2,0) -> 460 | E79: =VLOOKUP(A79,[1]怪物!$V$3:$Y$18,4,0) -> 15 | F79: =VLOOKUP(A79,$W:$AB,6,0) -> 8500 | H79: =$C$2&C$3&$D$2&C79&$E$2 -> {cd,3000} | I79: =$C$2&D$3&$D$2&D79&$E$2 -> {hp,460} | J79: =$C$2&E$3&$D$2&E79&$E$2 -> {atk,15} | K79: =$C$2&F$3&$D$2&F79&$E$2 -> {spd,8500} | L79: =IF(VLOOKUP(A79,$W:$AC,7,0)=0,"",VLOOKUP(A79,$W:$AC,7,0)) | O79: ="["&_xlfn.TEXTJOIN(",",1,H79:M79)&"]" -> [{cd,3000},{hp,460},{atk,15},{spd,8500}]
A80: 114 | B80: =B75+1 -> 16 | C80: 3000 | D80: =VLOOKUP(B80,[1]怪物!$N$34:$Q$63,3,0) -> 552 | E80: =VLOOKUP(A80,[1]怪物!$V$3:$Y$18,4,0) -> 8 | F80: =VLOOKUP(A80,$W:$AB,6,0) -> 8500 | H80: =$C$2&C$3&$D$2&C80&$E$2 -> {cd,3000} | I80: =$C$2&D$3&$D$2&D80&$E$2 -> {hp,552} | J80: =$C$2&E$3&$D$2&E80&$E$2 -> {atk,8} | K80: =$C$2&F$3&$D$2&F80&$E$2 -> {spd,8500} | L80: =IF(VLOOKUP(A80,$W:$AC,7,0)=0,"",VLOOKUP(A80,$W:$AC,7,0)) | O80: ="["&_xlfn.TEXTJOIN(",",1,H80:M80)&"]" -> [{cd,3000},{hp,552},{atk,8},{spd,8500}]
A81: 109 | B81: =B76+1 -> 16 | C81: 3000 | D81: =VLOOKUP(B81,[1]怪物!$N$34:$Q$63,4,0) -> 690 | E81: =VLOOKUP(A81,[1]怪物!$V$3:$Y$18,4,0) -> 6 | F81: =VLOOKUP(A81,$W:$AB,6,0) -> 8500 | H81: =$C$2&C$3&$D$2&C81&$E$2 -> {cd,3000} | I81: =$C$2&D$3&$D$2&D81&$E$2 -> {hp,690} | J81: =$C$2&E$3&$D$2&E81&$E$2 -> {atk,6} | K81: =$C$2&F$3&$D$2&F81&$E$2 -> {spd,8500} | L81: =IF(VLOOKUP(A81,$W:$AC,7,0)=0,"",VLOOKUP(A81,$W:$AC,7,0)) | O81: ="["&_xlfn.TEXTJOIN(",",1,H81:M81)&"]" -> [{cd,3000},{hp,690},{atk,6},{spd,8500}]
A82: 514 | B82: =B77+1 -> 16 | C82: 3000 | D82: =VLOOKUP(B82,[1]怪物!$U$34:$W$63,2,0) -> 19406 | E82: =VLOOKUP(A82,[1]怪物!$Z$3:$AB$18,2,0) -> 40 | F82: =VLOOKUP(A82,$W:$AB,6,0) -> 8500 | H82: =$C$2&C$3&$D$2&C82&$E$2 -> {cd,3000} | I82: =$C$2&D$3&$D$2&D82&$E$2 -> {hp,19406} | J82: =$C$2&E$3&$D$2&E82&$E$2 -> {atk,40} | K82: =$C$2&F$3&$D$2&F82&$E$2 -> {spd,8500} | L82: =IF(VLOOKUP(A82,$W:$AC,7,0)=0,"",VLOOKUP(A82,$W:$AC,7,0)) | O82: ="["&_xlfn.TEXTJOIN(",",1,H82:M82)&"]" -> [{cd,3000},{hp,19406},{atk,40},{spd,8500}]
A83: 514 | B83: =B78+1 -> 16 | C83: 3000 | D83: =VLOOKUP(B83,[1]怪物!$U$34:$W$63,3,0) -> 25875 | E83: =VLOOKUP(A83,[1]怪物!$Z$3:$AB$18,3,0) -> 80 | F83: =VLOOKUP(A83,$W:$AB,6,0) -> 8500 | H83: =$C$2&C$3&$D$2&C83&$E$2 -> {cd,3000} | I83: =$C$2&D$3&$D$2&D83&$E$2 -> {hp,25875} | J83: =$C$2&E$3&$D$2&E83&$E$2 -> {atk,80} | K83: =$C$2&F$3&$D$2&F83&$E$2 -> {spd,8500} | L83: =IF(VLOOKUP(A83,$W:$AC,7,0)=0,"",VLOOKUP(A83,$W:$AC,7,0)) | O83: ="["&_xlfn.TEXTJOIN(",",1,H83:M83)&"]" -> [{cd,3000},{hp,25875},{atk,80},{spd,8500}]
A84: 100 | B84: =B79+1 -> 17 | C84: 3000 | D84: =VLOOKUP(B84,[1]怪物!$N$34:$Q$63,2,0) -> 520 | E84: =VLOOKUP(A84,[1]怪物!$V$3:$Y$18,4,0) -> 6 | F84: =VLOOKUP(A84,$W:$AB,6,0) -> 8500 | H84: =$C$2&C$3&$D$2&C84&$E$2 -> {cd,3000} | I84: =$C$2&D$3&$D$2&D84&$E$2 -> {hp,520} | J84: =$C$2&E$3&$D$2&E84&$E$2 -> {atk,6} | K84: =$C$2&F$3&$D$2&F84&$E$2 -> {spd,8500} | L84: =IF(VLOOKUP(A84,$W:$AC,7,0)=0,"",VLOOKUP(A84,$W:$AC,7,0)) | O84: ="["&_xlfn.TEXTJOIN(",",1,H84:M84)&"]" -> [{cd,3000},{hp,520},{atk,6},{spd,8500}]
A85: 102 | B85: =B80+1 -> 17 | C85: 3000 | D85: =VLOOKUP(B85,[1]怪物!$N$34:$Q$63,3,0) -> 624 | E85: =VLOOKUP(A85,[1]怪物!$V$3:$Y$18,4,0) -> 5 | F85: =VLOOKUP(A85,$W:$AB,6,0) -> 8500 | H85: =$C$2&C$3&$D$2&C85&$E$2 -> {cd,3000} | I85: =$C$2&D$3&$D$2&D85&$E$2 -> {hp,624} | J85: =$C$2&E$3&$D$2&E85&$E$2 -> {atk,5} | K85: =$C$2&F$3&$D$2&F85&$E$2 -> {spd,8500} | L85: =IF(VLOOKUP(A85,$W:$AC,7,0)=0,"",VLOOKUP(A85,$W:$AC,7,0)) | O85: ="["&_xlfn.TEXTJOIN(",",1,H85:M85)&"]" -> [{cd,3000},{hp,624},{atk,5},{spd,8500}]
A86: 105 | B86: =B81+1 -> 17 | C86: 3000 | D86: =VLOOKUP(B86,[1]怪物!$N$34:$Q$63,4,0) -> 780 | E86: =VLOOKUP(A86,[1]怪物!$V$3:$Y$18,4,0) -> 9 | F86: =VLOOKUP(A86,$W:$AB,6,0) -> 8500 | H86: =$C$2&C$3&$D$2&C86&$E$2 -> {cd,3000} | I86: =$C$2&D$3&$D$2&D86&$E$2 -> {hp,780} | J86: =$C$2&E$3&$D$2&E86&$E$2 -> {atk,9} | K86: =$C$2&F$3&$D$2&F86&$E$2 -> {spd,8500} | L86: =IF(VLOOKUP(A86,$W:$AC,7,0)=0,"",VLOOKUP(A86,$W:$AC,7,0)) | O86: ="["&_xlfn.TEXTJOIN(",",1,H86:M86)&"]" -> [{cd,3000},{hp,780},{atk,9},{spd,8500}]
A87: 502 | B87: =B82+1 -> 17 | C87: 3000 | D87: =VLOOKUP(B87,[1]怪物!$U$34:$W$63,2,0) -> 21938 | E87: =VLOOKUP(A87,[1]怪物!$Z$3:$AB$18,2,0) -> 25 | F87: =VLOOKUP(A87,$W:$AB,6,0) -> 8500 | H87: =$C$2&C$3&$D$2&C87&$E$2 -> {cd,3000} | I87: =$C$2&D$3&$D$2&D87&$E$2 -> {hp,21938} | J87: =$C$2&E$3&$D$2&E87&$E$2 -> {atk,25} | K87: =$C$2&F$3&$D$2&F87&$E$2 -> {spd,8500} | L87: =IF(VLOOKUP(A87,$W:$AC,7,0)=0,"",VLOOKUP(A87,$W:$AC,7,0)) | O87: ="["&_xlfn.TEXTJOIN(",",1,H87:M87)&"]" -> [{cd,3000},{hp,21938},{atk,25},{spd,8500}]
A88: 502 | B88: =B83+1 -> 17 | C88: 3000 | D88: =VLOOKUP(B88,[1]怪物!$U$34:$W$63,3,0) -> 29250 | E88: =VLOOKUP(A88,[1]怪物!$Z$3:$AB$18,3,0) -> 50 | F88: =VLOOKUP(A88,$W:$AB,6,0) -> 8500 | H88: =$C$2&C$3&$D$2&C88&$E$2 -> {cd,3000} | I88: =$C$2&D$3&$D$2&D88&$E$2 -> {hp,29250} | J88: =$C$2&E$3&$D$2&E88&$E$2 -> {atk,50} | K88: =$C$2&F$3&$D$2&F88&$E$2 -> {spd,8500} | L88: =IF(VLOOKUP(A88,$W:$AC,7,0)=0,"",VLOOKUP(A88,$W:$AC,7,0)) | O88: ="["&_xlfn.TEXTJOIN(",",1,H88:M88)&"]" -> [{cd,3000},{hp,29250},{atk,50},{spd,8500}]
A89: 100 | B89: =B84+1 -> 18 | C89: 3000 | D89: =VLOOKUP(B89,[1]怪物!$N$34:$Q$63,2,0) -> 580 | E89: =VLOOKUP(A89,[1]怪物!$V$3:$Y$18,4,0) -> 6 | F89: =VLOOKUP(A89,$W:$AB,6,0) -> 8500 | H89: =$C$2&C$3&$D$2&C89&$E$2 -> {cd,3000} | I89: =$C$2&D$3&$D$2&D89&$E$2 -> {hp,580} | J89: =$C$2&E$3&$D$2&E89&$E$2 -> {atk,6} | K89: =$C$2&F$3&$D$2&F89&$E$2 -> {spd,8500} | L89: =IF(VLOOKUP(A89,$W:$AC,7,0)=0,"",VLOOKUP(A89,$W:$AC,7,0)) | O89: ="["&_xlfn.TEXTJOIN(",",1,H89:M89)&"]" -> [{cd,3000},{hp,580},{atk,6},{spd,8500}]
A90: 105 | B90: =B85+1 -> 18 | C90: 3000 | D90: =VLOOKUP(B90,[1]怪物!$N$34:$Q$63,3,0) -> 696 | E90: =VLOOKUP(A90,[1]怪物!$V$3:$Y$18,4,0) -> 9 | F90: =VLOOKUP(A90,$W:$AB,6,0) -> 8500 | H90: =$C$2&C$3&$D$2&C90&$E$2 -> {cd,3000} | I90: =$C$2&D$3&$D$2&D90&$E$2 -> {hp,696} | J90: =$C$2&E$3&$D$2&E90&$E$2 -> {atk,9} | K90: =$C$2&F$3&$D$2&F90&$E$2 -> {spd,8500} | L90: =IF(VLOOKUP(A90,$W:$AC,7,0)=0,"",VLOOKUP(A90,$W:$AC,7,0)) | O90: ="["&_xlfn.TEXTJOIN(",",1,H90:M90)&"]" -> [{cd,3000},{hp,696},{atk,9},{spd,8500}]
A91: 102 | B91: =B86+1 -> 18 | C91: 3000 | D91: =VLOOKUP(B91,[1]怪物!$N$34:$Q$63,4,0) -> 870 | E91: =VLOOKUP(A91,[1]怪物!$V$3:$Y$18,4,0) -> 5 | F91: =VLOOKUP(A91,$W:$AB,6,0) -> 8500 | H91: =$C$2&C$3&$D$2&C91&$E$2 -> {cd,3000} | I91: =$C$2&D$3&$D$2&D91&$E$2 -> {hp,870} | J91: =$C$2&E$3&$D$2&E91&$E$2 -> {atk,5} | K91: =$C$2&F$3&$D$2&F91&$E$2 -> {spd,8500} | L91: =IF(VLOOKUP(A91,$W:$AC,7,0)=0,"",VLOOKUP(A91,$W:$AC,7,0)) | O91: ="["&_xlfn.TEXTJOIN(",",1,H91:M91)&"]" -> [{cd,3000},{hp,870},{atk,5},{spd,8500}]
A92: 502 | B92: =B87+1 -> 18 | C92: 3000 | D92: =VLOOKUP(B92,[1]怪物!$U$34:$W$63,2,0) -> 24469 | E92: =VLOOKUP(A92,[1]怪物!$Z$3:$AB$18,2,0) -> 25 | F92: =VLOOKUP(A92,$W:$AB,6,0) -> 8500 | H92: =$C$2&C$3&$D$2&C92&$E$2 -> {cd,3000} | I92: =$C$2&D$3&$D$2&D92&$E$2 -> {hp,24469} | J92: =$C$2&E$3&$D$2&E92&$E$2 -> {atk,25} | K92: =$C$2&F$3&$D$2&F92&$E$2 -> {spd,8500} | L92: =IF(VLOOKUP(A92,$W:$AC,7,0)=0,"",VLOOKUP(A92,$W:$AC,7,0)) | O92: ="["&_xlfn.TEXTJOIN(",",1,H92:M92)&"]" -> [{cd,3000},{hp,24469},{atk,25},{spd,8500}]
A93: 502 | B93: =B88+1 -> 18 | C93: 3000 | D93: =VLOOKUP(B93,[1]怪物!$U$34:$W$63,3,0) -> 32625 | E93: =VLOOKUP(A93,[1]怪物!$Z$3:$AB$18,3,0) -> 50 | F93: =VLOOKUP(A93,$W:$AB,6,0) -> 8500 | H93: =$C$2&C$3&$D$2&C93&$E$2 -> {cd,3000} | I93: =$C$2&D$3&$D$2&D93&$E$2 -> {hp,32625} | J93: =$C$2&E$3&$D$2&E93&$E$2 -> {atk,50} | K93: =$C$2&F$3&$D$2&F93&$E$2 -> {spd,8500} | L93: =IF(VLOOKUP(A93,$W:$AC,7,0)=0,"",VLOOKUP(A93,$W:$AC,7,0)) | O93: ="["&_xlfn.TEXTJOIN(",",1,H93:M93)&"]" -> [{cd,3000},{hp,32625},{atk,50},{spd,8500}]
A94: 104 | B94: =B89+1 -> 19 | C94: 3000 | D94: =VLOOKUP(B94,[1]怪物!$N$34:$Q$63,2,0) -> 640 | E94: =VLOOKUP(A94,[1]怪物!$V$3:$Y$18,4,0) -> 14 | F94: =VLOOKUP(A94,$W:$AB,6,0) -> 8500 | H94: =$C$2&C$3&$D$2&C94&$E$2 -> {cd,3000} | I94: =$C$2&D$3&$D$2&D94&$E$2 -> {hp,640} | J94: =$C$2&E$3&$D$2&E94&$E$2 -> {atk,14} | K94: =$C$2&F$3&$D$2&F94&$E$2 -> {spd,8500} | L94: =IF(VLOOKUP(A94,$W:$AC,7,0)=0,"",VLOOKUP(A94,$W:$AC,7,0)) | O94: ="["&_xlfn.TEXTJOIN(",",1,H94:M94)&"]" -> [{cd,3000},{hp,640},{atk,14},{spd,8500}]
A95: 106 | B95: =B90+1 -> 19 | C95: 3000 | D95: =VLOOKUP(B95,[1]怪物!$N$34:$Q$63,3,0) -> 768 | E95: =VLOOKUP(A95,[1]怪物!$V$3:$Y$18,4,0) -> 8 | F95: =VLOOKUP(A95,$W:$AB,6,0) -> 8500 | H95: =$C$2&C$3&$D$2&C95&$E$2 -> {cd,3000} | I95: =$C$2&D$3&$D$2&D95&$E$2 -> {hp,768} | J95: =$C$2&E$3&$D$2&E95&$E$2 -> {atk,8} | K95: =$C$2&F$3&$D$2&F95&$E$2 -> {spd,8500} | L95: =IF(VLOOKUP(A95,$W:$AC,7,0)=0,"",VLOOKUP(A95,$W:$AC,7,0)) | O95: ="["&_xlfn.TEXTJOIN(",",1,H95:M95)&"]" -> [{cd,3000},{hp,768},{atk,8},{spd,8500}]
A96: 107 | B96: =B91+1 -> 19 | C96: 3000 | D96: =VLOOKUP(B96,[1]怪物!$N$34:$Q$63,4,0) -> 960 | E96: =VLOOKUP(A96,[1]怪物!$V$3:$Y$18,4,0) -> 6 | F96: =VLOOKUP(A96,$W:$AB,6,0) -> 8500 | H96: =$C$2&C$3&$D$2&C96&$E$2 -> {cd,3000} | I96: =$C$2&D$3&$D$2&D96&$E$2 -> {hp,960} | J96: =$C$2&E$3&$D$2&E96&$E$2 -> {atk,6} | K96: =$C$2&F$3&$D$2&F96&$E$2 -> {spd,8500} | L96: =IF(VLOOKUP(A96,$W:$AC,7,0)=0,"",VLOOKUP(A96,$W:$AC,7,0)) | O96: ="["&_xlfn.TEXTJOIN(",",1,H96:M96)&"]" -> [{cd,3000},{hp,960},{atk,6},{spd,8500}]
A97: 503 | B97: =B92+1 -> 19 | C97: 3000 | D97: =VLOOKUP(B97,[1]怪物!$U$34:$W$63,2,0) -> 27000 | E97: =VLOOKUP(A97,[1]怪物!$Z$3:$AB$18,2,0) -> 45 | F97: =VLOOKUP(A97,$W:$AB,6,0) -> 8500 | H97: =$C$2&C$3&$D$2&C97&$E$2 -> {cd,3000} | I97: =$C$2&D$3&$D$2&D97&$E$2 -> {hp,27000} | J97: =$C$2&E$3&$D$2&E97&$E$2 -> {atk,45} | K97: =$C$2&F$3&$D$2&F97&$E$2 -> {spd,8500} | L97: =IF(VLOOKUP(A97,$W:$AC,7,0)=0,"",VLOOKUP(A97,$W:$AC,7,0)) | O97: ="["&_xlfn.TEXTJOIN(",",1,H97:M97)&"]" -> [{cd,3000},{hp,27000},{atk,45},{spd,8500}]
A98: 503 | B98: =B93+1 -> 19 | C98: 3000 | D98: =VLOOKUP(B98,[1]怪物!$U$34:$W$63,3,0) -> 36000 | E98: =VLOOKUP(A98,[1]怪物!$Z$3:$AB$18,3,0) -> 90 | F98: =VLOOKUP(A98,$W:$AB,6,0) -> 8500 | H98: =$C$2&C$3&$D$2&C98&$E$2 -> {cd,3000} | I98: =$C$2&D$3&$D$2&D98&$E$2 -> {hp,36000} | J98: =$C$2&E$3&$D$2&E98&$E$2 -> {atk,90} | K98: =$C$2&F$3&$D$2&F98&$E$2 -> {spd,8500} | L98: =IF(VLOOKUP(A98,$W:$AC,7,0)=0,"",VLOOKUP(A98,$W:$AC,7,0)) | O98: ="["&_xlfn.TEXTJOIN(",",1,H98:M98)&"]" -> [{cd,3000},{hp,36000},{atk,90},{spd,8500}]
A99: 103 | B99: =B94+1 -> 20 | C99: 3000 | D99: =VLOOKUP(B99,[1]怪物!$N$34:$Q$63,2,0) -> 700 | E99: =VLOOKUP(A99,[1]怪物!$V$3:$Y$18,4,0) -> 9 | F99: =VLOOKUP(A99,$W:$AB,6,0) -> 8500 | H99: =$C$2&C$3&$D$2&C99&$E$2 -> {cd,3000} | I99: =$C$2&D$3&$D$2&D99&$E$2 -> {hp,700} | J99: =$C$2&E$3&$D$2&E99&$E$2 -> {atk,9} | K99: =$C$2&F$3&$D$2&F99&$E$2 -> {spd,8500} | L99: =IF(VLOOKUP(A99,$W:$AC,7,0)=0,"",VLOOKUP(A99,$W:$AC,7,0)) | O99: ="["&_xlfn.TEXTJOIN(",",1,H99:M99)&"]" -> [{cd,3000},{hp,700},{atk,9},{spd,8500}]
A100: 107 | B100: =B95+1 -> 20 | C100: 3000 | D100: =VLOOKUP(B100,[1]怪物!$N$34:$Q$63,3,0) -> 840 | E100: =VLOOKUP(A100,[1]怪物!$V$3:$Y$18,4,0) -> 6 | F100: =VLOOKUP(A100,$W:$AB,6,0) -> 8500 | H100: =$C$2&C$3&$D$2&C100&$E$2 -> {cd,3000} | I100: =$C$2&D$3&$D$2&D100&$E$2 -> {hp,840} | J100: =$C$2&E$3&$D$2&E100&$E$2 -> {atk,6} | K100: =$C$2&F$3&$D$2&F100&$E$2 -> {spd,8500} | L100: =IF(VLOOKUP(A100,$W:$AC,7,0)=0,"",VLOOKUP(A100,$W:$AC,7,0)) | O100: ="["&_xlfn.TEXTJOIN(",",1,H100:M100)&"]" -> [{cd,3000},{hp,840},{atk,6},{spd,8500}]
...

Sheet Sheet3
